{
    "portfolio_546": {
        "PEP": 0.0728697297243077,
        "TLK": 0.0520493297180427,
        "CS.PA": 0.05,
        "DG.PA": 0.05,
        "HSBA.L": 0.05,
        "ULVR.L": 0.0399267203110728,
        "ASM.AS": 0.05,
        "KPN.AS": 0.1537280746415476,
        "601398.SS": 0.1583915102063924,
        "2914.T": 0.0482025769118162,
        "4519.T": 0.05,
        "9432.T": 0.0653533391086656,
        "9434.T": 0.0937822857184621,
        "0941.HK": 0.0418192400555354,
        "6288.HK": 0.0238771936041572
    }
}