{
    "portfolio_104": {
        "PEP": 0.0451616479899757,
        "BCH": 0.05,
        "TLK": 0.0466940529534712,
        "ADMA": 0.05,
        "TTE.PA": 0.05,
        "TYT.L": 0.0267676952376834,
        "ULVR.L": 0.0653442945995109,
        "AD.AS": 0.0573325541654327,
        "KPN.AS": 0.1276518056821401,
        "600519.SS": 0.0298062535567532,
        "600941.SS": 0.05,
        "601398.SS": 0.1380605283591934,
        "9432.T": 0.0835372953594508,
        "9434.T": 0.1406911322070625,
        "6288.HK": 0.0389527398893259
    }
}