{
    "portfolio_623": {
        "TMUS": 0.05,
        "TLK": 0.1061304155795086,
        "SKFA.F": 0.05,
        "ULVR.L": 0.0318558265188158,
        "AD.AS": 0.0770717791606021,
        "KPN.AS": 0.1278149987234001,
        "REN.AS": 0.05,
        "600519.SS": 0.0267004051534797,
        "601398.SS": 0.1236587042842504,
        "2914.T": 0.0500728882456064,
        "9433.T": 0.0701484638700048,
        "9434.T": 0.1179073377128162,
        "0857.HK": 0.05,
        "1088.HK": 0.05,
        "6288.HK": 0.0186391807515159
    }
}