{
    "portfolio_76": {
        "PEP": 0.0866226046301582,
        "TLK": 0.099541174408449,
        "AI.PA": 0.01,
        "2B5.F": 0.01,
        "ULVR.L": 0.0485287628162587,
        "AD.AS": 0.0663202055976768,
        "KPN.AS": 0.1579148049426562,
        "600028.SS": 0.01,
        "601398.SS": 0.1653170762632831,
        "2914.T": 0.0832469455923311,
        "9432.T": 0.0282418216316856,
        "9434.T": 0.1189866847631156,
        "9983.T": 0.01,
        "0941.HK": 0.0671656404658781,
        "6288.HK": 0.0381142788885074
    }
}