{
    "portfolio_99": {
        "PEP": 0.0463107520630418,
        "BCH": 0.05,
        "TEO": 0.05,
        "TLK": 0.0445756764168455,
        "ULVR.L": 0.0590444592337178,
        "AD.AS": 0.053538976307028,
        "KPN.AS": 0.1084569356997184,
        "REN.AS": 0.05,
        "SHELL.AS": 0.05,
        "600900.SS": 0.0608610684297067,
        "601398.SS": 0.1512847051144333,
        "2914.T": 0.0650102165238175,
        "4519.T": 0.05,
        "9434.T": 0.128721312780685,
        "6288.HK": 0.032195897431006
    }
}