{
    "portfolio_591": {
        "PEP": 0.0808377962418935,
        "TEO": 0.01,
        "TLK": 0.0869308990883141,
        "HSBA.L": 0.01,
        "AD.AS": 0.0746035373158479,
        "KPN.AS": 0.1656267542902877,
        "REN.AS": 0.0131711791035984,
        "600519.SS": 0.0402501641795303,
        "601398.SS": 0.1632593000995769,
        "2914.T": 0.0617763278118794,
        "9432.T": 0.0694418305522114,
        "9434.T": 0.1261825157243198,
        "0941.HK": 0.0515573416499476,
        "1288.HK": 0.01,
        "6288.HK": 0.036362353942593
    }
}