{
    "portfolio_112": {
        "TLK": 0.0642180927950218,
        "APPF": 0.05,
        "IESC": 0.05,
        "RICO.L": 0.0257844660291864,
        "ULVR.L": 0.0456484586904458,
        "AD.AS": 0.0601952266350523,
        "KPN.AS": 0.1624557697140231,
        "WKL.AS": 0.05,
        "600519.SS": 0.0278309289856887,
        "601398.SS": 0.1383686162864982,
        "2914.T": 0.0736169885007503,
        "9434.T": 0.1287310354970658,
        "0857.HK": 0.05,
        "0941.HK": 0.05,
        "6288.HK": 0.0231504168662672
    }
}