{
    "portfolio_922": {
        "AVGO": 0.05,
        "TLK": 0.0615061566325788,
        "LNTH": 0.05,
        "SAN.PA": 0.0301706580576065,
        "RICO.L": 0.0260095433194187,
        "ULVR.L": 0.0528515056464127,
        "AD.AS": 0.0618376936295734,
        "KPN.AS": 0.1727582720704193,
        "600519.SS": 0.0285353255199336,
        "601398.SS": 0.1407009536863624,
        "8001.T": 0.05,
        "9433.T": 0.0522902424514253,
        "9434.T": 0.143591055431153,
        "1088.HK": 0.05,
        "6288.HK": 0.029748593555116
    }
}