{
    "portfolio_580": {
        "PEP": 0.0694646916101122,
        "TLK": 0.0746594440519659,
        "VERX": 0.05,
        "SHEL.L": 0.0310304463374285,
        "ULVR.L": 0.0520445009232485,
        "AD.AS": 0.0555156928613028,
        "KPN.AS": 0.1628580841593068,
        "600519.SS": 0.0349904208052308,
        "600941.SS": 0.05,
        "601398.SS": 0.0879171374028765,
        "2914.T": 0.0572639545080372,
        "9433.T": 0.0716764430183443,
        "9434.T": 0.1025791843221464,
        "0386.HK": 0.05,
        "0941.HK": 0.05
    }
}