{
    "portfolio_163": {
        "PEP": 0.1606398278193706,
        "EC": 0.0544149767839324,
        "APPF": 0.0455454481092579,
        "ECX": 0.0131563639640062,
        "2B5.F": 0.01,
        "4AH1.F": 0.0114847631156907,
        "LFU2.F": 0.01,
        "TTE.L": 0.0189259637265509,
        "ULVR.L": 0.1229895862396646,
        "601288.SS": 0.1292297223526323,
        "601728.SS": 0.0656574366487796,
        "7974.T": 0.2205018271247063,
        "9433.T": 0.1174540841154084,
        "0857.HK": 0.01,
        "0883.HK": 0.01
    }
}