{
    "portfolio_768": {
        "PEP": 0.0539836859360769,
        "TEO": 0.05,
        "TLK": 0.0787556829734213,
        "SKFA.F": 0.05,
        "ULVR.L": 0.0518009293694059,
        "AD.AS": 0.0675066945825415,
        "KPN.AS": 0.1366316249738064,
        "600028.SS": 0.05,
        "600900.SS": 0.0453969108780955,
        "601398.SS": 0.081624486194551,
        "601728.SS": 0.05,
        "2914.T": 0.0513267240616793,
        "9433.T": 0.0775285517672401,
        "9434.T": 0.1054447092631821,
        "0941.HK": 0.05
    }
}