{
    "portfolio_300": {
        "PEP": 0.0565559703737471,
        "TLK": 0.0455414776464471,
        "PRCT": 0.05,
        "RICO.L": 0.0228179350182477,
        "TTE.L": 0.05,
        "ULVR.L": 0.0617846807104917,
        "AD.AS": 0.0645693022309046,
        "KPN.AS": 0.1843016005102287,
        "600519.SS": 0.0319667099464925,
        "601398.SS": 0.1062203933500164,
        "601988.SS": 0.05,
        "6857.T": 0.05,
        "9432.T": 0.0549660042326637,
        "9434.T": 0.1212759259807606,
        "0857.HK": 0.05
    }
}