{
    "portfolio_704": {
        "AVGO": 0.0139191824540858,
        "PEP": 0.0666438392888571,
        "TLK": 0.0896503614762585,
        "ULVR.L": 0.0480094964768692,
        "AD.AS": 0.0692008628548731,
        "KPN.AS": 0.1674787963866014,
        "600519.SS": 0.0414221423011728,
        "601088.SS": 0.01,
        "601398.SS": 0.1709607134786205,
        "2914.T": 0.0596976649052337,
        "8058.T": 0.01,
        "9432.T": 0.0707319978150355,
        "9434.T": 0.1321521820701166,
        "0386.HK": 0.01,
        "6288.HK": 0.0401327604922759
    }
}