{
    "portfolio_397": {
        "PEP": 0.0667087350587323,
        "TGS": 0.05,
        "TLK": 0.0640566329692052,
        "ULVR.L": 0.0639261771850054,
        "AD.AS": 0.0745275119097771,
        "KPN.AS": 0.127828145874934,
        "SHELL.AS": 0.05,
        "600519.SS": 0.0325445996399795,
        "601088.SS": 0.05,
        "601288.SS": 0.05,
        "601398.SS": 0.1019049504098091,
        "8031.T": 0.05,
        "9433.T": 0.0712791461602279,
        "9434.T": 0.1164748050123437,
        "6288.HK": 0.0307492957799855
    }
}