{
    "portfolio_55": {
        "PEP": 0.0671663152711894,
        "TLK": 0.0641902807847178,
        "ADMA": 0.05,
        "SHEL.L": 0.0300308531928794,
        "ULVR.L": 0.0595711727916434,
        "AD.AS": 0.0664336459666098,
        "KPN.AS": 0.1359559038845791,
        "601398.SS": 0.1133255293691374,
        "601988.SS": 0.05,
        "2914.T": 0.040487266945145,
        "7974.T": 0.05,
        "9432.T": 0.0610345886000516,
        "9434.T": 0.1118044431940469,
        "9983.T": 0.05,
        "0728.HK": 0.05
    }
}