{
    "portfolio_268": {
        "CRESY": 0.05,
        "PEP": 0.0565583975158125,
        "TGS": 0.05,
        "HSBA.L": 0.05,
        "ULVR.L": 0.0760648022025144,
        "AD.AS": 0.0625357710309492,
        "KPN.AS": 0.1359874379518382,
        "600900.SS": 0.0516957480798521,
        "601398.SS": 0.1452756711037174,
        "601728.SS": 0.022388672250895,
        "2914.T": 0.05,
        "8001.T": 0.05,
        "9432.T": 0.072481658129654,
        "9434.T": 0.0934801401260645,
        "6288.HK": 0.0335317016087024
    }
}