{
    "portfolio_926": {
        "PEP": 0.0441297310147183,
        "TLK": 0.0478325437851773,
        "RYTM": 0.05,
        "SAF.PA": 0.05,
        "0TDD.L": 0.05,
        "ULVR.L": 0.0373337438499653,
        "AD.AS": 0.0476854983662594,
        "KPN.AS": 0.1426545258949817,
        "SHELL.AS": 0.05,
        "601398.SS": 0.1833976804184248,
        "2914.T": 0.0550126742887784,
        "8001.T": 0.05,
        "9432.T": 0.0514028987214974,
        "9434.T": 0.0821779933466909,
        "0941.HK": 0.0583727103135065
    }
}