{
    "portfolio_844": {
        "PEP": 0.0933494893868458,
        "TLK": 0.112963845017379,
        "0DH.F": 0.01,
        "OL5.F": 0.01,
        "0YXG.L": 0.01,
        "ULVR.L": 0.0624543238515702,
        "AD.AS": 0.0756046895606954,
        "KPN.AS": 0.133605638159178,
        "600519.SS": 0.0503639725017099,
        "601288.SS": 0.1494557856088842,
        "2914.T": 0.0628056673645134,
        "7974.T": 0.0554705559371388,
        "8001.T": 0.01,
        "9433.T": 0.0840345000331832,
        "0941.HK": 0.0798915325789022
    }
}