{
    "portfolio_248": {
        "AVGO": 0.05,
        "BCH": 0.05,
        "TLK": 0.0716687709793332,
        "0TDD.L": 0.05,
        "ULVR.L": 0.0537567415593966,
        "AD.AS": 0.0592376942638271,
        "KPN.AS": 0.1458161729768449,
        "600900.SS": 0.040621843783184,
        "601398.SS": 0.1393816815830632,
        "2914.T": 0.0706099740026808,
        "9432.T": 0.0448140032528485,
        "9433.T": 0.05,
        "9434.T": 0.0951895493320545,
        "0941.HK": 0.0428462577677579,
        "6288.HK": 0.0360573104990092
    }
}