{
    "portfolio_883": {
        "PEP": 0.0686008781366638,
        "PKX": 0.05,
        "TLK": 0.0640667696556831,
        "SHEL.L": 0.05,
        "ULVR.L": 0.0566533296612425,
        "AD.AS": 0.0541191078467867,
        "KPN.AS": 0.1525847351919535,
        "600900.SS": 0.0466104904281886,
        "601328.SS": 0.05,
        "601398.SS": 0.0703881079419352,
        "601988.SS": 0.05,
        "8031.T": 0.05,
        "9432.T": 0.0839360777704294,
        "9434.T": 0.1201607871607561,
        "6288.HK": 0.0328797162063609
    }
}