{
    "portfolio_998": {
        "TLK": 0.0290794798313341,
        "ADMA": 0.05,
        "AXSM": 0.05,
        "RYTM": 0.05,
        "RICO.L": 0.0306487476948626,
        "SHEL.L": 0.0246941412896966,
        "ULVR.L": 0.0599586723745342,
        "AD.AS": 0.055913129670565,
        "KPN.AS": 0.1545957487505629,
        "601138.SS": 0.0171339988114553,
        "601398.SS": 0.2091289262035927,
        "2914.T": 0.0396989533914476,
        "9432.T": 0.0907042160832862,
        "9434.T": 0.0884439858986628,
        "9983.T": 0.05
    }
}