{
    "portfolio_235": {
        "PEP": 0.0672588485973966,
        "TGS": 0.05,
        "TLK": 0.0492816590802333,
        "SAF.PA": 0.05,
        "ULVR.L": 0.0551167354496271,
        "AD.AS": 0.058528372356012,
        "KPN.AS": 0.130893724103093,
        "SHELL.AS": 0.05,
        "600519.SS": 0.0262765383918182,
        "601398.SS": 0.1599174696847522,
        "8001.T": 0.05,
        "9432.T": 0.0648197376494059,
        "9434.T": 0.1121889537632432,
        "0941.HK": 0.046158652134197,
        "6288.HK": 0.0295593087902213
    }
}