{
    "portfolio_631": {
        "PEP": 0.0845889454461691,
        "TLK": 0.0883373831879174,
        "SAF.PA": 0.01,
        "HSBA.L": 0.01,
        "AD.AS": 0.074876416986891,
        "KPN.AS": 0.1699747469431116,
        "600519.SS": 0.0411759505825075,
        "601288.SS": 0.01,
        "601398.SS": 0.1575224578248487,
        "2914.T": 0.0611437728649518,
        "6857.T": 0.01,
        "9432.T": 0.0715242119036206,
        "9434.T": 0.1216805856652759,
        "0941.HK": 0.0534403681119981,
        "6288.HK": 0.0357351604827081
    }
}