{
    "portfolio_747": {
        "PEP": 0.0953044514864785,
        "TLK": 0.0705744682699367,
        "RYTM": 0.01,
        "WK0.F": 0.01,
        "SHEL.L": 0.0347515635673229,
        "AD.AS": 0.0724559228699296,
        "KPN.AS": 0.1878666366128053,
        "600519.SS": 0.0568672966634002,
        "601088.SS": 0.01,
        "601398.SS": 0.156756621233399,
        "2914.T": 0.0813798316846699,
        "8031.T": 0.01,
        "9433.T": 0.0725861302279791,
        "9434.T": 0.1214570773840787,
        "1088.HK": 0.01
    }
}