{
    "portfolio_128": {
        "PEP": 0.0438209751231991,
        "TLK": 0.0658999595217799,
        "LNTH": 0.05,
        "SKFA.F": 0.05,
        "TTE.L": 0.05,
        "ULVR.L": 0.0552842683375686,
        "AD.AS": 0.0545114671374825,
        "KPN.AS": 0.1607577830458239,
        "600519.SS": 0.027594390061027,
        "600900.SS": 0.0473738318582724,
        "601398.SS": 0.1324421298204995,
        "4063.T": 0.05,
        "8031.T": 0.05,
        "9433.T": 0.0872747786999841,
        "9434.T": 0.0750404163943626
    }
}