{
    "portfolio_356": {
        "TLK": 0.0462041391647974,
        "LNTH": 0.05,
        "RYTM": 0.05,
        "QF9.F": 0.0050325594269988,
        "SKFA.F": 0.05,
        "ULVR.L": 0.0471266363267945,
        "AD.AS": 0.0644047173997687,
        "KPN.AS": 0.183201423420628,
        "600519.SS": 0.0261007033967238,
        "600900.SS": 0.0418111864169112,
        "601398.SS": 0.1420372247230913,
        "8058.T": 0.05,
        "9433.T": 0.0729048373776174,
        "9434.T": 0.1211765723466685,
        "0857.HK": 0.05
    }
}