{
    "portfolio_874": {
        "PEP": 0.0491251544747457,
        "TLK": 0.0877271605755988,
        "SAF.PA": 0.05,
        "SKFA.F": 0.05,
        "0TDD.L": 0.05,
        "ULVR.L": 0.0287809698729435,
        "AD.AS": 0.0488621804956395,
        "KPN.AS": 0.141107342777292,
        "600900.SS": 0.041229366791372,
        "601398.SS": 0.1453699267636461,
        "2914.T": 0.0582745914668108,
        "9432.T": 0.0830337202399518,
        "9434.T": 0.0916264418901523,
        "0728.HK": 0.05,
        "6288.HK": 0.0248631446518476
    }
}