{
    "portfolio_117": {
        "PEP": 0.0610737272260151,
        "TLK": 0.0691180874923055,
        "ADMA": 0.05,
        "SAN.PA": 0.0288807733399483,
        "ULVR.L": 0.0526016942250582,
        "AD.AS": 0.0653487737938122,
        "KPN.AS": 0.1388455859106464,
        "600941.SS": 0.05,
        "601398.SS": 0.0989761390612979,
        "6857.T": 0.05,
        "9432.T": 0.0854167779416523,
        "9434.T": 0.1221286040994098,
        "0728.HK": 0.05,
        "0883.HK": 0.05,
        "6288.HK": 0.0276098369098544
    }
}