{
    "portfolio_818": {
        "AVGO": 0.01,
        "PEP": 0.0628958689427996,
        "CIB": 0.01,
        "EC": 0.01,
        "TLK": 0.0831463188107734,
        "8GC.F": 0.01,
        "SHEL.L": 0.0188606899047866,
        "ULVR.L": 0.0550253307623472,
        "AD.AS": 0.071360290569987,
        "KPN.AS": 0.1470617176700624,
        "601398.SS": 0.1692144401859123,
        "2914.T": 0.0859748321445404,
        "9434.T": 0.1650441755427675,
        "0941.HK": 0.0634525370088323,
        "6288.HK": 0.0379637984571913
    }
}