{
    "portfolio_766": {
        "PEP": 0.0488876868406331,
        "IBN": 0.05,
        "TLK": 0.0661131550822993,
        "BSD2.F": 0.05,
        "SKFA.F": 0.05,
        "AZN.L": 0.05,
        "AD.AS": 0.0571395157731602,
        "KPN.AS": 0.1443645475466328,
        "600900.SS": 0.052711992160575,
        "601398.SS": 0.122147441276326,
        "6857.T": 0.05,
        "9432.T": 0.1016009967237451,
        "9434.T": 0.0851588007270265,
        "0941.HK": 0.048054846551253,
        "6288.HK": 0.0238210173183486
    }
}