{
    "portfolio_934": {
        "PEP": 0.0695410316314976,
        "PKX": 0.01,
        "TLK": 0.0899810740335843,
        "SAF.PA": 0.01,
        "TTE.PA": 0.01,
        "ULVR.L": 0.0504545322355486,
        "AD.AS": 0.0661403927762871,
        "KPN.AS": 0.1577939320609175,
        "601398.SS": 0.1630577214751122,
        "2914.T": 0.0705616097705878,
        "9432.T": 0.0681884166739213,
        "9434.T": 0.1252838252833962,
        "0941.HK": 0.058779214593542,
        "1288.HK": 0.01,
        "6288.HK": 0.0402182494656054
    }
}