{
    "portfolio_803": {
        "PEP": 0.0630387972289074,
        "PKX": 0.05,
        "TLK": 0.037015171641422,
        "AI.PA": 0.05,
        "SAF.PA": 0.05,
        "SHEL.L": 0.05,
        "ULVR.L": 0.0504580822447626,
        "KPN.AS": 0.1194671442934263,
        "SHELL.AS": 0.05,
        "600900.SS": 0.0416782449048702,
        "601398.SS": 0.1597163731377652,
        "2914.T": 0.0668674304853412,
        "9432.T": 0.072705895111253,
        "9434.T": 0.108636914417287,
        "6288.HK": 0.0304159465349648
    }
}