{
    "portfolio_67": {
        "PEP": 0.0655911722130805,
        "TGS": 0.05,
        "TLK": 0.0623985602500314,
        "TTE.PA": 0.05,
        "0TDD.L": 0.05,
        "ULVR.L": 0.0519779146062434,
        "AD.AS": 0.0657098741270581,
        "KPN.AS": 0.1200646086420119,
        "600519.SS": 0.0315760695414477,
        "601398.SS": 0.135126167053591,
        "601857.SS": 0.05,
        "8058.T": 0.05,
        "9433.T": 0.0830012608537515,
        "9434.T": 0.1076207457167319,
        "6288.HK": 0.0269336269960528
    }
}