{
    "portfolio_460": {
        "PEP": 0.0609902671258553,
        "TLK": 0.0883884636106533,
        "DG.PA": 0.05,
        "ULVR.L": 0.0328836013023338,
        "AD.AS": 0.0491549722776853,
        "KPN.AS": 0.1363239232946284,
        "REN.AS": 0.05,
        "600519.SS": 0.0406064790976108,
        "601398.SS": 0.152597631434693,
        "2914.T": 0.0555636206206054,
        "9432.T": 0.05,
        "9433.T": 0.05,
        "9434.T": 0.104248378215022,
        "0857.HK": 0.05,
        "6288.HK": 0.0292426630209131
    }
}