{
    "portfolio_399": {
        "PEP": 0.0509968562485624,
        "PKX": 0.05,
        "TLK": 0.062885820310714,
        "0YXG.L": 0.05,
        "ULVR.L": 0.034168022800544,
        "AD.AS": 0.0489822196315352,
        "INGA.AS": 0.05,
        "KPN.AS": 0.1502622195432146,
        "601398.SS": 0.1592675049937074,
        "2914.T": 0.0409130242440876,
        "9432.T": 0.0850505905036812,
        "9434.T": 0.100375919011632,
        "9983.T": 0.05,
        "0883.HK": 0.05,
        "6288.HK": 0.0170978227123212
    }
}