{
    "portfolio_709": {
        "PEP": 0.075490610652647,
        "TLK": 0.095329777805155,
        "PRCT": 0.01,
        "DG.PA": 0.01,
        "2B5.F": 0.01,
        "ULVR.L": 0.0493174814293118,
        "AD.AS": 0.0659841165393671,
        "KPN.AS": 0.1589841042824668,
        "REN.AS": 0.01,
        "601398.SS": 0.177700806462409,
        "2914.T": 0.0847034273317894,
        "8031.T": 0.01,
        "9434.T": 0.135111567125912,
        "0941.HK": 0.0684891220663348,
        "6288.HK": 0.038888986304607
    }
}