{
    "portfolio_584": {
        "AVGO": 0.01,
        "PEP": 0.1154980857884907,
        "TLK": 0.0950655966165328,
        "0DH.F": 0.01,
        "LPS1.F": 0.01,
        "0TDD.L": 0.01,
        "SHEL.L": 0.0431713587624559,
        "ULVR.L": 0.0625887888268924,
        "KPN.AS": 0.1543639636123699,
        "600519.SS": 0.0711354616368814,
        "601288.SS": 0.147198421778174,
        "601988.SS": 0.01,
        "7974.T": 0.0590719299349102,
        "9433.T": 0.1341702441312961,
        "0941.HK": 0.0677361489119966
    }
}