{
    "portfolio_77": {
        "CRESY": 0.01,
        "PEP": 0.0745095020826989,
        "KT": 0.045927699991371,
        "TLK": 0.0687750610244414,
        "DG.PA": 0.01,
        "8GC.F": 0.01,
        "LPS1.F": 0.01,
        "ULVR.L": 0.0598458165496078,
        "KPN.AS": 0.1837290067963488,
        "600519.SS": 0.055996707806301,
        "601398.SS": 0.1743653003919386,
        "9432.T": 0.1048128134342924,
        "9434.T": 0.1407821383379513,
        "3988.HK": 0.01,
        "6288.HK": 0.041255953585049
    }
}