{
    "portfolio_644": {
        "TLK": 0.0728774708575284,
        "RYTM": 0.05,
        "QF9.F": 0.0056904164365607,
        "SKFA.F": 0.05,
        "0TDD.L": 0.05,
        "SHEL.L": 0.0310338153447452,
        "AD.AS": 0.0803469472585778,
        "KPN.AS": 0.156247459672344,
        "600900.SS": 0.0421944328687552,
        "601088.SS": 0.05,
        "601398.SS": 0.1392917442925342,
        "2914.T": 0.0646008501555287,
        "9433.T": 0.0756759857283104,
        "9434.T": 0.0839525742704982,
        "0941.HK": 0.0480883031146169
    }
}