{
    "portfolio_268": {
        "PEP": 0.0735791162317748,
        "TLK": 0.0915410117680079,
        "0TDD.L": 0.01,
        "0YXG.L": 0.01,
        "TYT.L": 0.0284347644958974,
        "ULVR.L": 0.0479204612761428,
        "AD.AS": 0.0632944186916259,
        "KPN.AS": 0.1686358670403569,
        "600519.SS": 0.0464980696069905,
        "601398.SS": 0.173041283989201,
        "601857.SS": 0.0127818336816546,
        "9432.T": 0.0865635211101506,
        "9434.T": 0.1413899779168278,
        "0883.HK": 0.01,
        "6288.HK": 0.0363196741913698
    }
}