{
    "portfolio_565": {
        "AVGO": 0.01,
        "PEP": 0.1197091606624958,
        "EC": 0.0481965171426986,
        "APPF": 0.0455679566556328,
        "4AH1.F": 0.0100528282440032,
        "LFU2.F": 0.01,
        "0TDD.L": 0.01,
        "ULVR.L": 0.1066231480570596,
        "KPN.AS": 0.0945973845233379,
        "SHELL.AS": 0.01,
        "601288.SS": 0.1303167564624075,
        "601728.SS": 0.0573840225393334,
        "7974.T": 0.2250413701702239,
        "9433.T": 0.1125108555428072,
        "6288.HK": 0.01
    }
}