{
    "portfolio_259": {
        "TLK": 0.0378482098591097,
        "ADMA": 0.05,
        "LNTH": 0.05,
        "AI.PA": 0.05,
        "RICO.L": 0.0292377790853577,
        "SHEL.L": 0.05,
        "ULVR.L": 0.0663291979198748,
        "AD.AS": 0.0494553193808109,
        "KPN.AS": 0.1370042562060736,
        "601398.SS": 0.1473354133714341,
        "2914.T": 0.0511120405510201,
        "7974.T": 0.05,
        "9434.T": 0.1561018724390478,
        "0941.HK": 0.0445382673812088,
        "6288.HK": 0.0310376438060622
    }
}