{
    "portfolio_412": {
        "TMUS": 0.05,
        "TLK": 0.0784406280785827,
        "VERX": 0.05,
        "RICO.L": 0.0284389437264636,
        "ULVR.L": 0.0468158375807245,
        "AD.AS": 0.0541254445323927,
        "INGA.AS": 0.05,
        "KPN.AS": 0.1543353914827693,
        "601328.SS": 0.05,
        "601398.SS": 0.1108516691145354,
        "2914.T": 0.0637605563919773,
        "9433.T": 0.0617745796500387,
        "9434.T": 0.1176617111032848,
        "0883.HK": 0.05,
        "6288.HK": 0.0337952383392308
    }
}