{
    "portfolio_371": {
        "PEP": 0.0565479239999067,
        "TLK": 0.0700444338241968,
        "VERX": 0.05,
        "DG.PA": 0.05,
        "ULVR.L": 0.05002961746056,
        "AD.AS": 0.0439749108848749,
        "KPN.AS": 0.1407595426591879,
        "SHELL.AS": 0.05,
        "601398.SS": 0.1105348129649882,
        "2914.T": 0.0676904725928016,
        "9433.T": 0.0660219646530312,
        "9434.T": 0.1199565068526583,
        "0857.HK": 0.05,
        "1088.HK": 0.05,
        "6288.HK": 0.024439814107794
    }
}