{
    "portfolio_551": {
        "PEP": 0.0790022220635014,
        "PKX": 0.01,
        "TGS": 0.01,
        "TLK": 0.0639428925642811,
        "IESC": 0.0142460711424726,
        "WK0.F": 0.01,
        "TYT.L": 0.0539880404710506,
        "ULVR.L": 0.0492885787052597,
        "AD.AS": 0.0526206202707174,
        "KPN.AS": 0.1955739724141264,
        "REN.AS": 0.01,
        "600519.SS": 0.0595109324284272,
        "601398.SS": 0.1670159847921641,
        "9432.T": 0.0922105855624459,
        "9434.T": 0.1326000995855534
    }
}