{
    "portfolio_796": {
        "CRESY": 0.05,
        "TLK": 0.044834560100277,
        "LNTH": 0.05,
        "SAN.PA": 0.0273022634840537,
        "RICO.L": 0.0262893412447271,
        "ULVR.L": 0.0784916814608727,
        "AD.AS": 0.0665494084816048,
        "KPN.AS": 0.1494288779071744,
        "600519.SS": 0.0264127383798634,
        "601398.SS": 0.1563943575937374,
        "4063.T": 0.05,
        "9433.T": 0.078663065073203,
        "9434.T": 0.1236069278855104,
        "0386.HK": 0.05,
        "6288.HK": 0.0220267783889757
    }
}