{
    "portfolio_518": {
        "PEP": 0.0628177576579242,
        "BCH": 0.01,
        "TLK": 0.0860847004726465,
        "LNTH": 0.01,
        "0YXG.L": 0.01,
        "ULVR.L": 0.0538491045452202,
        "AD.AS": 0.0661523361335438,
        "KPN.AS": 0.1641160317039761,
        "601398.SS": 0.163294233904587,
        "2914.T": 0.069365185255569,
        "6857.T": 0.01,
        "9432.T": 0.0666511719040267,
        "9434.T": 0.1250851137977956,
        "0941.HK": 0.0627617643414283,
        "6288.HK": 0.0398226002832824
    }
}