{
    "portfolio_820": {
        "PEP": 0.0644606766315136,
        "TLK": 0.0919382076566865,
        "TTE.PA": 0.05,
        "ULVR.L": 0.0374605308339249,
        "AD.AS": 0.0655818929435215,
        "KPN.AS": 0.1274090084358146,
        "REN.AS": 0.05,
        "600028.SS": 0.05,
        "600519.SS": 0.0309726230443789,
        "601398.SS": 0.1175133155893394,
        "2914.T": 0.0631958631119635,
        "9433.T": 0.0660422581966261,
        "9434.T": 0.105467073138008,
        "1088.HK": 0.05,
        "6288.HK": 0.0299585504182232
    }
}