{
    "portfolio_983": {
        "PEP": 0.0546722022697416,
        "BCH": 0.05,
        "TGS": 0.05,
        "TLK": 0.0402710492223569,
        "TTE.PA": 0.05,
        "0TDD.L": 0.05,
        "ULVR.L": 0.0577406146345882,
        "AD.AS": 0.0583716950506612,
        "KPN.AS": 0.1199322824659402,
        "600519.SS": 0.0277948493570596,
        "600941.SS": 0.05,
        "601398.SS": 0.1474403502233572,
        "9432.T": 0.0898482757984185,
        "9434.T": 0.1204576684598307,
        "6288.HK": 0.0334710125180457
    }
}