{
    "portfolio_678": {
        "PEP": 0.0529817088799531,
        "TLK": 0.0613277636265061,
        "RYTM": 0.05,
        "SHEL.L": 0.0282762474796698,
        "ULVR.L": 0.0453702458240339,
        "AD.AS": 0.0728758447146432,
        "KPN.AS": 0.1581457986624823,
        "600900.SS": 0.058934331007356,
        "601398.SS": 0.1201945705904315,
        "2914.T": 0.0510732117224931,
        "8031.T": 0.05,
        "9433.T": 0.0539385242743549,
        "9434.T": 0.0968817532180762,
        "1288.HK": 0.05,
        "3988.HK": 0.05
    }
}