{
    "portfolio_25": {
        "AMD": 0.05,
        "BSAC": 0.05,
        "PKX": 0.05,
        "TEO": 0.05,
        "ADMA": 0.05,
        "SAN.PA": 0.0292730128549486,
        "ULVR.L": 0.0646999499687441,
        "AD.AS": 0.0474169959689716,
        "KPN.AS": 0.1262170067991512,
        "601398.SS": 0.1365926866771662,
        "2914.T": 0.0407959955948634,
        "9432.T": 0.0813749646928648,
        "9434.T": 0.1495842599692466,
        "0941.HK": 0.0344706656601922,
        "6288.HK": 0.0395744618138511
    }
}