{
    "portfolio_485": {
        "PEP": 0.0791492071975065,
        "TLK": 0.0883438115145287,
        "AIR.PA": 0.01,
        "SAF.PA": 0.01,
        "BPE.F": 0.0107918353729343,
        "SKFA.F": 0.01,
        "AD.AS": 0.0727773368449532,
        "KPN.AS": 0.1670189040650178,
        "600519.SS": 0.0452055480403723,
        "601398.SS": 0.186214502998324,
        "2914.T": 0.0615947907225166,
        "9432.T": 0.0733766753534946,
        "9434.T": 0.1330071730230647,
        "0728.HK": 0.0142733197795865,
        "6288.HK": 0.0382468950877005
    }
}