{
    "portfolio_732": {
        "TEO": 0.05,
        "TLK": 0.0727029878434009,
        "OLLI": 0.05,
        "ULVR.L": 0.05443569049651,
        "AD.AS": 0.0640869020741818,
        "KPN.AS": 0.1423862822868337,
        "WKL.AS": 0.05,
        "600900.SS": 0.0506392841922665,
        "601398.SS": 0.1242241385392919,
        "2914.T": 0.0631539566479875,
        "7974.T": 0.0356611432278752,
        "9433.T": 0.05,
        "9434.T": 0.106106778582539,
        "0386.HK": 0.05,
        "6288.HK": 0.0366028361091135
    }
}