{
    "portfolio_320": {
        "PEP": 0.0831968802501,
        "TLK": 0.0746468045962252,
        "IESC": 0.0131186220068322,
        "BSD2.F": 0.05,
        "TTE.L": 0.05,
        "ULVR.L": 0.0499603057239741,
        "AD.AS": 0.0643944764051994,
        "KPN.AS": 0.1397071706763043,
        "600900.SS": 0.0511901273119882,
        "601398.SS": 0.1228722600418461,
        "8031.T": 0.05,
        "9433.T": 0.0612409402095956,
        "9434.T": 0.0896724127779345,
        "9983.T": 0.05,
        "1288.HK": 0.05
    }
}