{
    "portfolio_946": {
        "PEP": 0.0521555770553692,
        "TLK": 0.1019896693120402,
        "SAF.PA": 0.05,
        "ULVR.L": 0.0436104272832535,
        "AD.AS": 0.053134297719064,
        "KPN.AS": 0.1366800993345297,
        "REN.AS": 0.05,
        "601088.SS": 0.05,
        "601398.SS": 0.1341061013399484,
        "2914.T": 0.0518254708340182,
        "8031.T": 0.05,
        "9433.T": 0.0538804982228034,
        "9434.T": 0.0929641492709356,
        "0883.HK": 0.05,
        "6288.HK": 0.0296537096280375
    }
}