{
    "portfolio_413": {
        "PEP": 0.0954348096614253,
        "TGS": 0.01,
        "TLK": 0.1059373527570765,
        "0DH.F": 0.01,
        "0TDD.L": 0.01,
        "HSBA.L": 0.01,
        "ULVR.L": 0.0526320210777285,
        "AD.AS": 0.072286287679308,
        "KPN.AS": 0.1339495652967177,
        "600519.SS": 0.0512072337984386,
        "601288.SS": 0.1454173654860828,
        "2914.T": 0.0671904637876512,
        "7974.T": 0.062175694456417,
        "9433.T": 0.0944299122728641,
        "0941.HK": 0.0793392937262902
    }
}