{
    "portfolio_770": {
        "BCH": 0.05,
        "TLK": 0.0480843919783047,
        "IESC": 0.05,
        "0YXG.L": 0.05,
        "ULVR.L": 0.0492786945828476,
        "AD.AS": 0.0463368866127874,
        "KPN.AS": 0.1525619348772484,
        "REN.AS": 0.05,
        "600900.SS": 0.0531524102722466,
        "601398.SS": 0.1611507827131993,
        "2914.T": 0.0687608306130737,
        "4519.T": 0.05,
        "9432.T": 0.0578938831253203,
        "9434.T": 0.0778293517573321,
        "6288.HK": 0.03495083346764
    }
}