{
    "portfolio_284": {
        "AVGO": 0.05,
        "TEO": 0.05,
        "TLK": 0.0581039886001138,
        "AI.PA": 0.05,
        "SAN.PA": 0.0199785927264508,
        "ULVR.L": 0.0570368702875552,
        "AD.AS": 0.0536397263368444,
        "KPN.AS": 0.1306882456054689,
        "600900.SS": 0.049981993106584,
        "601398.SS": 0.1329772005868593,
        "601728.SS": 0.05,
        "2914.T": 0.0742494959056143,
        "9433.T": 0.0545668000468892,
        "9434.T": 0.1335586077050774,
        "6288.HK": 0.0352184790925427
    }
}