{
    "portfolio_654": {
        "PEP": 0.0788338441787072,
        "TLK": 0.0616490216337501,
        "TTE.PA": 0.05,
        "BPE5.F": 0.05,
        "SHEL.L": 0.05,
        "ULVR.L": 0.0571853191830097,
        "AD.AS": 0.072521487632559,
        "KPN.AS": 0.0955749940340359,
        "601398.SS": 0.1381685562960545,
        "601728.SS": 0.05,
        "2914.T": 0.0536581821366649,
        "9433.T": 0.070136456112912,
        "9434.T": 0.0969346702353307,
        "1088.HK": 0.05,
        "6288.HK": 0.0253374685569759
    }
}