{
    "portfolio_207": {
        "CRESY": 0.05,
        "PEP": 0.058666257229235,
        "TLK": 0.0410924085012249,
        "TTE.PA": 0.05,
        "BPE5.F": 0.05,
        "ULVR.L": 0.0842946780548302,
        "AD.AS": 0.0781618290517844,
        "KPN.AS": 0.0980435581794669,
        "600900.SS": 0.0594184959650186,
        "601328.SS": 0.05,
        "601398.SS": 0.1204280572083507,
        "2914.T": 0.0739560087636642,
        "7974.T": 0.05,
        "9433.T": 0.1042909044756608,
        "6288.HK": 0.0316478025707643
    }
}