{
    "portfolio_625": {
        "TLK": 0.0828862460218873,
        "OLLI": 0.05,
        "0K9E.L": 0.05,
        "SHEL.L": 0.0295098268836051,
        "ULVR.L": 0.0458084467536743,
        "AD.AS": 0.0690329488793726,
        "KPN.AS": 0.1501608775593716,
        "600900.SS": 0.0560837735065687,
        "601398.SS": 0.1155199503267607,
        "601939.SS": 0.05,
        "2914.T": 0.0597448138531262,
        "9433.T": 0.05,
        "9434.T": 0.1158998484499176,
        "9983.T": 0.05,
        "6288.HK": 0.0253532677657157
    }
}