{
    "portfolio_464": {
        "BCH": 0.05,
        "TLK": 0.0583330656950337,
        "RMS.PA": 0.05,
        "SAF.PA": 0.05,
        "TTE.PA": 0.05,
        "0A4J.L": 0.05,
        "ULVR.L": 0.0420602443690339,
        "AD.AS": 0.0442727689243137,
        "KPN.AS": 0.1199351691219552,
        "601398.SS": 0.1608848909389088,
        "2914.T": 0.0625588324247313,
        "9432.T": 0.0730126224870594,
        "9434.T": 0.1068618554907037,
        "0941.HK": 0.0502728822632248,
        "6288.HK": 0.031807668285035
    }
}