{
    "portfolio_46": {
        "PEP": 0.075331733646807,
        "TLK": 0.0810309312342872,
        "0TDD.L": 0.05,
        "SHEL.L": 0.05,
        "AD.AS": 0.0581991815922588,
        "KPN.AS": 0.1285380873355246,
        "REN.AS": 0.05,
        "600519.SS": 0.0320847837549407,
        "601328.SS": 0.05,
        "601398.SS": 0.1347371288550612,
        "2914.T": 0.0571520440121921,
        "4519.T": 0.05,
        "9433.T": 0.0547918693335952,
        "9434.T": 0.0833503867376047,
        "0941.HK": 0.0447838534977284
    }
}