{
    "portfolio_635": {
        "PEP": 0.0769473338836148,
        "TEO": 0.01,
        "TLK": 0.0884354870244949,
        "0TDD.L": 0.01,
        "ULVR.L": 0.045839739862416,
        "AD.AS": 0.0655044108982974,
        "KPN.AS": 0.1687460322724914,
        "600519.SS": 0.0458555580540932,
        "600941.SS": 0.01,
        "601398.SS": 0.1844389596098952,
        "4063.T": 0.019544412121529,
        "8031.T": 0.01,
        "9432.T": 0.084729281422208,
        "9434.T": 0.142966857150934,
        "6288.HK": 0.0369919277000259
    }
}