{
    "portfolio_933": {
        "TLK": 0.0318897965066232,
        "APPF": 0.05,
        "AXSM": 0.05,
        "LNTH": 0.05,
        "RICO.L": 0.0375268072044726,
        "TTE.L": 0.05,
        "ULVR.L": 0.089618737543648,
        "AD.AS": 0.0410253245385898,
        "KPN.AS": 0.1361923920633969,
        "SHELL.AS": 0.05,
        "601398.SS": 0.1748850009724534,
        "2914.T": 0.0456412876133136,
        "9433.T": 0.0588796920224229,
        "9434.T": 0.1012559379216195,
        "6288.HK": 0.0330850236134597
    }
}