{
    "portfolio_466": {
        "BCH": 0.05,
        "TLK": 0.061752523792874,
        "ADMA": 0.05,
        "SAF.PA": 0.05,
        "ULVR.L": 0.0540422169178732,
        "AD.AS": 0.0455885975937769,
        "KPN.AS": 0.12994643784748,
        "WKL.AS": 0.05,
        "601398.SS": 0.1593417844493674,
        "2914.T": 0.044630876292405,
        "8031.T": 0.05,
        "9432.T": 0.0610618637398033,
        "9434.T": 0.1158597916160444,
        "0941.HK": 0.0408930339086595,
        "6288.HK": 0.0368828738417158
    }
}