{
    "portfolio_668": {
        "PEP": 0.0621777953604228,
        "BCH": 0.01,
        "TLK": 0.0953238540233385,
        "LNTH": 0.01,
        "OL5.F": 0.01,
        "0TDD.L": 0.01,
        "ULVR.L": 0.0618033209734012,
        "AD.AS": 0.0742061918453657,
        "KPN.AS": 0.149914950432113,
        "601398.SS": 0.1624898474838015,
        "2914.T": 0.0745796288228679,
        "9433.T": 0.0453482093560504,
        "9434.T": 0.1274693081941644,
        "0941.HK": 0.0692508828802859,
        "6288.HK": 0.0374360106281888
    }
}