{
    "portfolio_879": {
        "PEP": 0.0692493189524554,
        "TLK": 0.0898440537546917,
        "IESC": 0.0197095959671787,
        "0TDD.L": 0.05,
        "ULVR.L": 0.0467584113867077,
        "AD.AS": 0.060071869597609,
        "KPN.AS": 0.1459680101716677,
        "600519.SS": 0.0371963857844974,
        "601398.SS": 0.1359697875777727,
        "601857.SS": 0.05,
        "2914.T": 0.05,
        "7974.T": 0.05,
        "8058.T": 0.05,
        "9433.T": 0.0657039994032592,
        "9434.T": 0.0795285674041604
    }
}