{
    "portfolio_31": {
        "TLK": 0.0574143970633697,
        "PRCT": 0.05,
        "SKFA.F": 0.05,
        "SHEL.L": 0.0338712388724671,
        "ULVR.L": 0.0482683311312656,
        "AD.AS": 0.0610213493354285,
        "KPN.AS": 0.1559438742286087,
        "REN.AS": 0.05,
        "600900.SS": 0.0534142738508799,
        "601398.SS": 0.1335964488767144,
        "601728.SS": 0.05,
        "2914.T": 0.0566544366332746,
        "9432.T": 0.04990054228779,
        "9434.T": 0.0999151077202016,
        "0941.HK": 0.05
    }
}