{
    "portfolio_852": {
        "PEP": 0.0855088276608858,
        "TLK": 0.0910518177500316,
        "TTE.PA": 0.01,
        "AD.AS": 0.0787077233828823,
        "KPN.AS": 0.1736045598440586,
        "600519.SS": 0.0453554608382376,
        "601398.SS": 0.1730854750190458,
        "2914.T": 0.0574045380696288,
        "6857.T": 0.01,
        "9432.T": 0.0733551303674779,
        "9434.T": 0.1339207998854038,
        "0386.HK": 0.01,
        "1088.HK": 0.01,
        "1288.HK": 0.01,
        "6288.HK": 0.0380056671823477
    }
}