{
    "portfolio_305": {
        "PEP": 0.0736046170294769,
        "TLK": 0.0751452292748006,
        "IESC": 0.0147712488080864,
        "BPE.F": 0.05,
        "ULVR.L": 0.0574222392663376,
        "AD.AS": 0.0614610654066782,
        "KPN.AS": 0.1512979961490835,
        "600900.SS": 0.0463074947513358,
        "601138.SS": 0.05,
        "601398.SS": 0.1502732365380989,
        "4519.T": 0.05,
        "8031.T": 0.05,
        "9432.T": 0.0584703680466999,
        "9434.T": 0.0940425339745227,
        "6288.HK": 0.0172039707548791
    }
}