{
    "portfolio_340": {
        "PEP": 0.046962769004548,
        "TGS": 0.05,
        "TLK": 0.0425164949756247,
        "RMS.PA": 0.05,
        "8GC.F": 0.05,
        "ULVR.L": 0.0671302049499355,
        "AD.AS": 0.0507782340761949,
        "KPN.AS": 0.1453299926191537,
        "601138.SS": 0.05,
        "601398.SS": 0.1190278710149232,
        "601988.SS": 0.05,
        "2914.T": 0.0531654039470074,
        "9432.T": 0.0812568477103423,
        "9434.T": 0.1170020717824552,
        "6288.HK": 0.0268301099198148
    }
}