{
    "portfolio_829": {
        "PEP": 0.0833606169353103,
        "TLK": 0.0886461458011142,
        "SAN.PA": 0.0210328714790583,
        "BSD2.F": 0.05,
        "ULVR.L": 0.0425537033040191,
        "AD.AS": 0.068624498542911,
        "KPN.AS": 0.1287827021844791,
        "600519.SS": 0.0307031018049187,
        "601398.SS": 0.1475756640027199,
        "7974.T": 0.05,
        "8058.T": 0.05,
        "9433.T": 0.0641454556903122,
        "9434.T": 0.0965781804244496,
        "0883.HK": 0.05,
        "6288.HK": 0.0279970598307075
    }
}