{
    "portfolio_890": {
        "PEP": 0.0556601284662184,
        "TLK": 0.0897635871935758,
        "IESC": 0.0188791534498624,
        "ULVR.L": 0.0436029606245047,
        "AD.AS": 0.0620300562636715,
        "KPN.AS": 0.1653210235551416,
        "WKL.AS": 0.05,
        "601288.SS": 0.05,
        "601328.SS": 0.05,
        "601398.SS": 0.099653526076974,
        "2914.T": 0.0779908487257187,
        "9432.T": 0.0948012693131184,
        "9984.T": 0.05,
        "0941.HK": 0.042297446331214,
        "6288.HK": 0.05
    }
}