{
    "portfolio_821": {
        "PEP": 0.117309494572671,
        "EC": 0.0427979474898563,
        "ADMA": 0.01,
        "APPF": 0.0419328854083651,
        "PRCT": 0.01,
        "4AH1.F": 0.01005272291182,
        "LFU2.F": 0.01,
        "TTE.L": 0.0215035883495208,
        "ULVR.L": 0.1123773335080248,
        "KPN.AS": 0.099505421940132,
        "601288.SS": 0.1313234496216298,
        "601728.SS": 0.0579721693021376,
        "7974.T": 0.2199086465879872,
        "8058.T": 0.01,
        "9433.T": 0.1053163403078554
    }
}