{
    "portfolio_118": {
        "PEP": 0.0814795719740386,
        "TLK": 0.0903520516196813,
        "VERX": 0.01,
        "AD.AS": 0.0735891299060065,
        "KPN.AS": 0.1821150158944232,
        "600028.SS": 0.01,
        "600519.SS": 0.0484477663130125,
        "600941.SS": 0.01,
        "601328.SS": 0.01,
        "601398.SS": 0.1613535431289566,
        "2914.T": 0.0645600563110701,
        "9432.T": 0.0700826949149048,
        "9434.T": 0.1377179128042901,
        "1088.HK": 0.01,
        "6288.HK": 0.0403022571336163
    }
}