{
    "portfolio_287": {
        "AVGO": 0.01,
        "PEP": 0.064487597027246,
        "TLK": 0.0931146610340688,
        "VERX": 0.01,
        "ULVR.L": 0.0499314062990383,
        "AD.AS": 0.0704519305860861,
        "KPN.AS": 0.1656064071582833,
        "600519.SS": 0.0364000600205228,
        "601398.SS": 0.1644442051668163,
        "2914.T": 0.0763647437014711,
        "7974.T": 0.0277740907814111,
        "9434.T": 0.1651809173329514,
        "0857.HK": 0.0198919595060549,
        "0883.HK": 0.01,
        "6288.HK": 0.0363520213860498
    }
}