{
    "portfolio_795": {
        "PEP": 0.0608501036077503,
        "TMUS": 0.05,
        "TLK": 0.0928764975721308,
        "ULVR.L": 0.0506277161359361,
        "AD.AS": 0.0707345801825464,
        "KPN.AS": 0.148091819042417,
        "600028.SS": 0.05,
        "600519.SS": 0.0402556892704972,
        "601398.SS": 0.0713422713539853,
        "601857.SS": 0.05,
        "8001.T": 0.05,
        "9433.T": 0.0622088318650774,
        "9434.T": 0.1251252642704575,
        "0728.HK": 0.05,
        "6288.HK": 0.0278872266992019
    }
}