{
    "portfolio_212": {
        "AVGO": 0.0178171166336485,
        "PEP": 0.0616139797766568,
        "TLK": 0.0914894469991908,
        "OL5.F": 0.01,
        "SHEL.L": 0.0282553844382993,
        "ULVR.L": 0.0623430845664393,
        "AD.AS": 0.0735572501007679,
        "KPN.AS": 0.1475660266018314,
        "601288.SS": 0.0420573206264816,
        "601398.SS": 0.120209677388244,
        "2914.T": 0.082660458801403,
        "9434.T": 0.1575860589547301,
        "0857.HK": 0.01,
        "0941.HK": 0.0582994197944782,
        "6288.HK": 0.0365447753178289
    }
}