{
    "portfolio_762": {
        "PEP": 0.097772157050704,
        "TLK": 0.0793993412881289,
        "OL5.F": 0.01,
        "WK0.F": 0.01,
        "ULVR.L": 0.0529733385516723,
        "AD.AS": 0.0622037203527719,
        "KPN.AS": 0.1863053266474113,
        "600028.SS": 0.01,
        "600519.SS": 0.0477650957831059,
        "601288.SS": 0.1160529661089359,
        "2914.T": 0.0757150463531326,
        "8058.T": 0.01,
        "9432.T": 0.0645940758053067,
        "9434.T": 0.1188549832710137,
        "0941.HK": 0.0583639487878166
    }
}