{
    "portfolio_984": {
        "PEP": 0.0475911674094685,
        "TLK": 0.0701787542569593,
        "ADMA": 0.05,
        "SAF.PA": 0.05,
        "ULVR.L": 0.0464761833493914,
        "AD.AS": 0.05244204851915,
        "KPN.AS": 0.1478729809216441,
        "600519.SS": 0.0290330551933927,
        "601398.SS": 0.1756767947816336,
        "4063.T": 0.05,
        "8031.T": 0.05,
        "9432.T": 0.0403952603218357,
        "9433.T": 0.05,
        "9434.T": 0.1079231145028356,
        "6288.HK": 0.0324106407436886
    }
}