{
    "portfolio_697": {
        "PEP": 0.0764045426125672,
        "TLK": 0.0894730520110245,
        "BPE5.F": 0.0115350966030307,
        "ULVR.L": 0.0459270015650048,
        "AD.AS": 0.0717540910408423,
        "KPN.AS": 0.1587279253124538,
        "600519.SS": 0.0362248791075024,
        "601398.SS": 0.1596509715065598,
        "2914.T": 0.0630425502256534,
        "9432.T": 0.0673896086628186,
        "9434.T": 0.1240973291260007,
        "0728.HK": 0.01,
        "0941.HK": 0.0396964241032187,
        "1088.HK": 0.01,
        "6288.HK": 0.0360765281233232
    }
}