{
    "portfolio_824": {
        "TLK": 0.0519692843575294,
        "APPF": 0.05,
        "8GC.F": 0.05,
        "0YXG.L": 0.05,
        "RICO.L": 0.0229553979560059,
        "ULVR.L": 0.0573973805218109,
        "AD.AS": 0.048777316669429,
        "KPN.AS": 0.1434202815777874,
        "REN.AS": 0.05,
        "600900.SS": 0.0434121126956586,
        "601398.SS": 0.1517409255829188,
        "2914.T": 0.0699534507528112,
        "9432.T": 0.0552447508243203,
        "9434.T": 0.1051290990617286,
        "6288.HK": 0.05
    }
}