{
    "portfolio_269": {
        "AVGO": 0.01,
        "PEP": 0.0700610106763852,
        "BCH": 0.01,
        "BSAC": 0.01,
        "TLK": 0.0807933468650416,
        "VERX": 0.01,
        "0TDD.L": 0.01,
        "AD.AS": 0.0700850406671729,
        "KPN.AS": 0.1784433588259835,
        "600519.SS": 0.0484780684001299,
        "601398.SS": 0.1854281119153375,
        "2914.T": 0.0644895127830582,
        "9432.T": 0.0755082118818982,
        "9434.T": 0.1352779359897286,
        "6288.HK": 0.0414354019952642
    }
}