{
    "portfolio_193": {
        "PEP": 0.0763713686735196,
        "TLK": 0.0749410151576476,
        "BPE5.F": 0.05,
        "ULVR.L": 0.0595356476635425,
        "AD.AS": 0.0714544968900056,
        "KPN.AS": 0.1341089446682928,
        "600900.SS": 0.0484821335232164,
        "601328.SS": 0.05,
        "601398.SS": 0.0859826093510086,
        "2914.T": 0.0606141120557586,
        "7974.T": 0.05,
        "9432.T": 0.0611487507461125,
        "9434.T": 0.0946263478209323,
        "1288.HK": 0.05,
        "6288.HK": 0.0327345734499632
    }
}