{
    "portfolio_384": {
        "PEP": 0.0851144918396691,
        "BCH": 0.01,
        "TLK": 0.0821134549133282,
        "AI.PA": 0.01,
        "SHEL.L": 0.0281475552270098,
        "AD.AS": 0.0727344754685557,
        "KPN.AS": 0.1658249221237405,
        "600519.SS": 0.0457671909460426,
        "601398.SS": 0.1845899299825532,
        "2914.T": 0.0585792018728056,
        "9432.T": 0.0711191394071274,
        "9434.T": 0.1309297548500411,
        "9983.T": 0.01,
        "0386.HK": 0.01,
        "6288.HK": 0.0350798833691267
    }
}