{
    "portfolio_731": {
        "PEP": 0.0566318099769952,
        "PKX": 0.01,
        "TLK": 0.0945847563590417,
        "VERX": 0.01,
        "RMS.PA": 0.01,
        "ULVR.L": 0.0477042183669876,
        "AD.AS": 0.0650509412375059,
        "CCEP.AS": 0.01,
        "KPN.AS": 0.1658937378174062,
        "601398.SS": 0.1690708689890332,
        "2914.T": 0.08619154957197,
        "4568.T": 0.01,
        "9434.T": 0.1633040352039491,
        "0941.HK": 0.0633462360075045,
        "6288.HK": 0.0382218464696064
    }
}