{
    "portfolio_317": {
        "PEP": 0.0403238372978028,
        "BCH": 0.05,
        "TLK": 0.0774071592811172,
        "SAF.PA": 0.05,
        "SKFA.F": 0.05,
        "AD.AS": 0.0495288826372195,
        "KPN.AS": 0.1434432545050043,
        "REN.AS": 0.05,
        "600028.SS": 0.05,
        "600519.SS": 0.036007352132784,
        "601398.SS": 0.139773701120376,
        "2914.T": 0.0532663689931313,
        "9432.T": 0.0849794941308939,
        "9434.T": 0.097446556525533,
        "6288.HK": 0.0278233933761381
    }
}