{
    "portfolio_139": {
        "PEP": 0.0540738104598326,
        "TLK": 0.080244179155847,
        "AXSM": 0.05,
        "BPE5.F": 0.05,
        "SKFA.F": 0.05,
        "ULVR.L": 0.0614206609425744,
        "AD.AS": 0.0549362982069459,
        "KPN.AS": 0.132747194877051,
        "600028.SS": 0.05,
        "601398.SS": 0.1332786728974371,
        "9432.T": 0.0977623944969529,
        "9433.T": 0.0479011095479215,
        "9434.T": 0.0640987692804591,
        "0883.HK": 0.05,
        "6288.HK": 0.0235369101349783
    }
}