{
    "portfolio_35": {
        "BCH": 0.05,
        "TLK": 0.0574424551767256,
        "OLLI": 0.05,
        "SAN.PA": 0.0300518322563997,
        "TYT.L": 0.0277388860539933,
        "AD.AS": 0.048701558993115,
        "CCEP.AS": 0.05,
        "INPST.AS": 0.05,
        "KPN.AS": 0.1480153218137682,
        "600519.SS": 0.0289468779182785,
        "601398.SS": 0.1787091217685855,
        "2914.T": 0.0556300563308244,
        "9432.T": 0.0687764319431086,
        "9434.T": 0.1163932141331193,
        "6288.HK": 0.0395942436120818
    }
}