{
    "portfolio_357": {
        "TLK": 0.0435692236710504,
        "LNTH": 0.05,
        "RYTM": 0.05,
        "0TDD.L": 0.05,
        "RICO.L": 0.026352498914875,
        "ULVR.L": 0.0551677951968555,
        "AD.AS": 0.055534063579006,
        "KPN.AS": 0.1761115636181996,
        "600941.SS": 0.05,
        "601398.SS": 0.1430195216663199,
        "2914.T": 0.056744353088494,
        "9433.T": 0.0471369063921436,
        "9434.T": 0.1241122853761917,
        "0857.HK": 0.05,
        "6288.HK": 0.0222517884968642
    }
}