{
    "portfolio_53": {
        "PEP": 0.0784286635332752,
        "TLK": 0.0681497891903233,
        "TTE.PA": 0.05,
        "BPE5.F": 0.05,
        "ULVR.L": 0.0575546246693185,
        "AD.AS": 0.0694412586684976,
        "KPN.AS": 0.1269458858146972,
        "600900.SS": 0.0545369968897418,
        "601328.SS": 0.05,
        "601398.SS": 0.1189346645282098,
        "4519.T": 0.05,
        "8031.T": 0.05,
        "9433.T": 0.0618526994973384,
        "9434.T": 0.0862061485136372,
        "6288.HK": 0.0279492686949607
    }
}