{
    "portfolio_88": {
        "CRESY": 0.05,
        "BCH": 0.05,
        "TLK": 0.0526880069656067,
        "ULVR.L": 0.0746145532457784,
        "AD.AS": 0.0565811292819081,
        "CCEP.AS": 0.05,
        "KPN.AS": 0.134689317161061,
        "601328.SS": 0.05,
        "601398.SS": 0.0795386246698408,
        "601988.SS": 0.05,
        "2914.T": 0.0726205307894625,
        "9432.T": 0.0822566218404473,
        "9434.T": 0.1158536132506979,
        "0941.HK": 0.0481476357308199,
        "6288.HK": 0.0330099670643769
    }
}