{
    "portfolio_507": {
        "TLK": 0.0672886311486173,
        "APPF": 0.05,
        "AI.PA": 0.05,
        "BPE5.F": 0.05,
        "ULVR.L": 0.0585364208510943,
        "AD.AS": 0.0597630257105738,
        "KPN.AS": 0.1433012748042403,
        "600900.SS": 0.041335702204634,
        "601328.SS": 0.05,
        "601398.SS": 0.1090229372519358,
        "2914.T": 0.0764190394858484,
        "9432.T": 0.05,
        "9434.T": 0.1199648284563286,
        "0941.HK": 0.0401695270267002,
        "6288.HK": 0.0341986130600269
    }
}