{
    "portfolio_968": {
        "TLK": 0.0364944755706962,
        "ADMA": 0.05,
        "PRCT": 0.05,
        "RICO.L": 0.0240054073607418,
        "SHEL.L": 0.0294730978467598,
        "ULVR.L": 0.0710483136085994,
        "AD.AS": 0.0635845472370057,
        "KPN.AS": 0.168868204715595,
        "600900.SS": 0.0371700507818023,
        "601398.SS": 0.1521798336492132,
        "2914.T": 0.05,
        "8001.T": 0.05,
        "9434.T": 0.1404721814032223,
        "0728.HK": 0.05,
        "6288.HK": 0.026703887826364
    }
}