{
    "portfolio_281": {
        "PEP": 0.0891167570735778,
        "TLK": 0.0723166075807307,
        "TTE.L": 0.05,
        "ULVR.L": 0.0593216470464598,
        "AD.AS": 0.0650748660135488,
        "KPN.AS": 0.1269942584489879,
        "SHELL.AS": 0.05,
        "600900.SS": 0.0508694837738251,
        "601398.SS": 0.1180099056657941,
        "4063.T": 0.05,
        "4519.T": 0.05,
        "9433.T": 0.0714551618332771,
        "9434.T": 0.0729808570882284,
        "1288.HK": 0.05,
        "6288.HK": 0.0238604554755703
    }
}