{
    "portfolio_742": {
        "AVGO": 0.05,
        "TLK": 0.0569155742062633,
        "LNTH": 0.05,
        "SAN.PA": 0.0306012071000047,
        "RICO.L": 0.024478409690182,
        "ULVR.L": 0.0642661347119965,
        "AD.AS": 0.0544298708722959,
        "KPN.AS": 0.1699552889397074,
        "601328.SS": 0.05,
        "601398.SS": 0.1090080978657216,
        "2914.T": 0.0500732716134443,
        "8001.T": 0.05,
        "9434.T": 0.1572566771208895,
        "0728.HK": 0.05,
        "6288.HK": 0.0330154678794946
    }
}