{
    "portfolio_788": {
        "AVGO": 0.05,
        "PEP": 0.036835387835517,
        "PKX": 0.05,
        "TLK": 0.0626665028769509,
        "SAN.PA": 0.0325386180053797,
        "ULVR.L": 0.0397008499214287,
        "AD.AS": 0.0623540706391394,
        "KPN.AS": 0.154402445276193,
        "600519.SS": 0.016233153930772,
        "601398.SS": 0.1522566545763813,
        "8058.T": 0.05,
        "9432.T": 0.0761130517742077,
        "9434.T": 0.1168992651640302,
        "9983.T": 0.05,
        "1088.HK": 0.05
    }
}