{
    "portfolio_480": {
        "PEP": 0.0965961079659603,
        "TLK": 0.0754488779254165,
        "BSD2.F": 0.01,
        "OL5.F": 0.01,
        "WK0.F": 0.01,
        "ULVR.L": 0.0528431221482987,
        "AD.AS": 0.0654938945915147,
        "KPN.AS": 0.164718775362403,
        "SHELL.AS": 0.0252932152679505,
        "600519.SS": 0.0463477402194145,
        "601288.SS": 0.1217274465241275,
        "2914.T": 0.0832991149933295,
        "9433.T": 0.0672196407251626,
        "9434.T": 0.1097891785836209,
        "0941.HK": 0.0612228856928014
    }
}