{
    "portfolio_950": {
        "PEP": 0.0896956481827826,
        "TLK": 0.1057131783874275,
        "0DH.F": 0.01,
        "0TDD.L": 0.01,
        "ULVR.L": 0.0560699785011811,
        "AD.AS": 0.0767486210138048,
        "KPN.AS": 0.1226682790747784,
        "SHELL.AS": 0.0340423874329381,
        "600519.SS": 0.0524418768991871,
        "600941.SS": 0.01,
        "601398.SS": 0.1770783588821267,
        "2914.T": 0.0670351456386532,
        "7974.T": 0.0590950822821014,
        "9433.T": 0.0925993848560267,
        "6288.HK": 0.0368120588489924
    }
}