{
    "portfolio_855": {
        "PEP": 0.0518669644239592,
        "BSAC": 0.05,
        "TLK": 0.0575894898909874,
        "VERX": 0.05,
        "SAN.PA": 0.0386559124353394,
        "ULVR.L": 0.0511752131446604,
        "AD.AS": 0.0396218462567944,
        "KPN.AS": 0.1538207395329374,
        "601138.SS": 0.05,
        "601398.SS": 0.1042699302223701,
        "2914.T": 0.0719009971951767,
        "9432.T": 0.0713060864215159,
        "9434.T": 0.1097928204762588,
        "0728.HK": 0.05,
        "3988.HK": 0.05
    }
}