{
    "portfolio_393": {
        "PEP": 0.0689630472809401,
        "TLK": 0.1090586488435347,
        "APPF": 0.0257161149704405,
        "SAF.PA": 0.01,
        "0DH.F": 0.01,
        "ULVR.L": 0.0611680729830551,
        "AD.AS": 0.0660197699791334,
        "KPN.AS": 0.14374302065228,
        "601288.SS": 0.1426679297629656,
        "2914.T": 0.0821203354379497,
        "7974.T": 0.0552138671890315,
        "9434.T": 0.1077438336666448,
        "0883.HK": 0.01,
        "0941.HK": 0.0701063799079994,
        "6288.HK": 0.0374789793260253
    }
}