{
    "portfolio_660": {
        "CRESY": 0.05,
        "TMUS": 0.05,
        "OLLI": 0.05,
        "VERX": 0.05,
        "SHEL.L": 0.0382425650956782,
        "ULVR.L": 0.0706826286393702,
        "AD.AS": 0.0484111328689111,
        "KPN.AS": 0.1437305537984694,
        "600900.SS": 0.0605851657709064,
        "601138.SS": 0.0177676316092903,
        "601398.SS": 0.1345888872664916,
        "2914.T": 0.0829389353961525,
        "9433.T": 0.0675118405000578,
        "9434.T": 0.1019673139392593,
        "6288.HK": 0.033573345115413
    }
}