{
    "portfolio_79": {
        "PEP": 0.0531778844471255,
        "BSAC": 0.05,
        "TLK": 0.072788134232636,
        "AI.PA": 0.05,
        "BSD2.F": 0.05,
        "ULVR.L": 0.0424059571959348,
        "AD.AS": 0.0487851385199096,
        "KPN.AS": 0.1420074213060124,
        "600900.SS": 0.0448464371238623,
        "601398.SS": 0.1377500075819229,
        "4568.T": 0.05,
        "7203.T": 0.05,
        "9434.T": 0.1313683896840506,
        "0941.HK": 0.0438513427111192,
        "6288.HK": 0.0330192871974263
    }
}