{
    "portfolio_209": {
        "PEP": 0.0572784894724371,
        "TLK": 0.0674796113426937,
        "CS.PA": 0.05,
        "SAN.PA": 0.05,
        "0YXG.L": 0.05,
        "ULVR.L": 0.0452389482301264,
        "KPN.AS": 0.1341751118308954,
        "UMG.AS": 0.05,
        "600028.SS": 0.05,
        "601398.SS": 0.1162809550591623,
        "2914.T": 0.0706767604601594,
        "9432.T": 0.0744068934307797,
        "9434.T": 0.1047789311766735,
        "0941.HK": 0.0459036478313664,
        "6288.HK": 0.0337806511657061
    }
}