{
    "portfolio_297": {
        "PEP": 0.0593602666681252,
        "TLK": 0.0879304683392081,
        "SKFA.F": 0.05,
        "AD.AS": 0.0580877480213542,
        "INGA.AS": 0.05,
        "KPN.AS": 0.1466953344245153,
        "WKL.AS": 0.05,
        "600519.SS": 0.0315715267444774,
        "600900.SS": 0.0400767802502839,
        "601398.SS": 0.138470177192635,
        "6857.T": 0.05,
        "8031.T": 0.05,
        "9432.T": 0.0878062599747578,
        "9434.T": 0.0682814395770735,
        "0941.HK": 0.0317199988075693
    }
}