{
    "portfolio_847": {
        "PEP": 0.0632925619635267,
        "TLK": 0.0604569500480978,
        "AXSM": 0.05,
        "DG.PA": 0.05,
        "BPE5.F": 0.05,
        "RICO.L": 0.0248573348299541,
        "ULVR.L": 0.0604226334833851,
        "AD.AS": 0.0425372988552731,
        "KPN.AS": 0.1283114377627234,
        "601398.SS": 0.1689067368587411,
        "4519.T": 0.05,
        "9432.T": 0.082332738383295,
        "9434.T": 0.0945608652561994,
        "0857.HK": 0.05,
        "6288.HK": 0.0243214425588041
    }
}