{
    "portfolio_605": {
        "TLK": 0.052369809402266,
        "APPF": 0.05,
        "IESC": 0.05,
        "RMS.PA": 0.05,
        "BPE.F": 0.05,
        "RICO.L": 0.0253596915413149,
        "ULVR.L": 0.0540961348133106,
        "AD.AS": 0.0597403367855322,
        "KPN.AS": 0.1522285764861664,
        "601398.SS": 0.1664957152892614,
        "2914.T": 0.0696473599481002,
        "9433.T": 0.0449402331255369,
        "9434.T": 0.1013173563311291,
        "0883.HK": 0.05,
        "6288.HK": 0.0238047862773823
    }
}