{
    "portfolio_284": {
        "CRESY": 0.01,
        "PEP": 0.0611674483498757,
        "TLK": 0.07457689999153,
        "PRCT": 0.01,
        "SHEL.L": 0.0330881534871175,
        "ULVR.L": 0.0584091796487032,
        "AD.AS": 0.0686216929179806,
        "KPN.AS": 0.1547609335672812,
        "600900.SS": 0.0597880159157253,
        "601328.SS": 0.01,
        "601398.SS": 0.1605594765129417,
        "2914.T": 0.0871167989781504,
        "4519.T": 0.0204243922606054,
        "9434.T": 0.1524287018926723,
        "6288.HK": 0.039058306477417
    }
}