{
    "portfolio_870": {
        "PEP": 0.0494010071293762,
        "TLK": 0.0710703647444168,
        "ADMA": 0.05,
        "SKFA.F": 0.05,
        "SHEL.L": 0.0282861181797758,
        "ULVR.L": 0.0473170409451795,
        "AD.AS": 0.062499717991203,
        "KPN.AS": 0.1465293619438644,
        "600519.SS": 0.028391788052283,
        "601398.SS": 0.1187361342796528,
        "601857.SS": 0.05,
        "8058.T": 0.05,
        "9432.T": 0.0919880882200666,
        "9434.T": 0.1277972527021895,
        "6288.HK": 0.0279831258119924
    }
}