{
    "portfolio_797": {
        "PEP": 0.0633863483642756,
        "PKX": 0.01,
        "TGS": 0.01,
        "TLK": 0.08592382551385,
        "BNP.PA": 0.01,
        "0A7R.L": 0.01,
        "ULVR.L": 0.0559841833057774,
        "AD.AS": 0.0674837150288821,
        "KPN.AS": 0.1597111849559247,
        "601398.SS": 0.1609897581862754,
        "601988.SS": 0.01,
        "2914.T": 0.0830226321377205,
        "9434.T": 0.173047472537944,
        "0941.HK": 0.061312108471908,
        "6288.HK": 0.0391387714974423
    }
}