{
    "portfolio_34": {
        "TLK": 0.0654042460192318,
        "PRCT": 0.05,
        "AI.PA": 0.05,
        "SAN.PA": 0.025228243106912,
        "RICO.L": 0.0270739747588736,
        "ULVR.L": 0.0571895454006201,
        "AD.AS": 0.0620936475911528,
        "KPN.AS": 0.1634545173320281,
        "601088.SS": 0.05,
        "601398.SS": 0.1085396767246628,
        "2914.T": 0.0649935462826894,
        "9434.T": 0.1547426597662209,
        "0857.HK": 0.05,
        "1288.HK": 0.05,
        "6288.HK": 0.0212799430176084
    }
}