{
    "portfolio_560": {
        "PEP": 0.0479798165057445,
        "TLK": 0.0556894824279634,
        "ADMA": 0.05,
        "SAF.PA": 0.05,
        "ULVR.L": 0.0597417614379808,
        "AD.AS": 0.0524461196896447,
        "KPN.AS": 0.1195923340018727,
        "SHELL.AS": 0.05,
        "600941.SS": 0.05,
        "601398.SS": 0.1187501373655981,
        "2914.T": 0.0596978545441844,
        "9432.T": 0.0645453628304384,
        "9434.T": 0.133221212384909,
        "1288.HK": 0.05,
        "6288.HK": 0.038335918811664
    }
}