{
    "portfolio_217": {
        "PEP": 0.0459312143354709,
        "BSAC": 0.05,
        "TEO": 0.05,
        "TLK": 0.0499870802488344,
        "AI.PA": 0.05,
        "ULVR.L": 0.0595985608904677,
        "AD.AS": 0.0483642028231147,
        "KPN.AS": 0.1371075424879794,
        "600900.SS": 0.0579379090526056,
        "601398.SS": 0.0993840417800604,
        "601939.SS": 0.05,
        "2914.T": 0.0672267594076942,
        "9432.T": 0.0659819740850722,
        "9434.T": 0.1273942418018625,
        "6288.HK": 0.0410864730868379
    }
}