{
    "portfolio_680": {
        "PEP": 0.0414193078898057,
        "TLK": 0.0692302707382629,
        "LNTH": 0.05,
        "SAF.PA": 0.05,
        "RICO.L": 0.0233361248232828,
        "ULVR.L": 0.0550566880391141,
        "AD.AS": 0.0472739373420384,
        "KPN.AS": 0.1731989857163026,
        "600028.SS": 0.05,
        "601398.SS": 0.1129395422879893,
        "2914.T": 0.0509610664194062,
        "8001.T": 0.05,
        "9434.T": 0.145766062776547,
        "1088.HK": 0.05,
        "6288.HK": 0.0308180139672509
    }
}