{
    "portfolio_584": {
        "META": 0.05,
        "PKX": 0.05,
        "TLK": 0.0471429688600326,
        "SAN.PA": 0.0357206680580595,
        "HSBA.L": 0.05,
        "ULVR.L": 0.0435738047513401,
        "AD.AS": 0.0487823326533127,
        "KPN.AS": 0.1513434514845443,
        "601398.SS": 0.1182319043861768,
        "601728.SS": 0.05,
        "2914.T": 0.0558967907467232,
        "9432.T": 0.0828847438932706,
        "9434.T": 0.1332716105973756,
        "0857.HK": 0.05,
        "6288.HK": 0.0331517245691647
    }
}