{
    "portfolio_859": {
        "TLK": 0.0663095246711483,
        "LNTH": 0.05,
        "AI.PA": 0.05,
        "RICO.L": 0.026654416829925,
        "ULVR.L": 0.0482353991008197,
        "AD.AS": 0.0457078981587089,
        "KPN.AS": 0.1574846648676819,
        "REN.AS": 0.05,
        "600900.SS": 0.0398486032973389,
        "601398.SS": 0.1380551852615822,
        "2914.T": 0.0634025152378559,
        "4519.T": 0.05,
        "9434.T": 0.1340573858094432,
        "3988.HK": 0.05,
        "6288.HK": 0.0302444067654961
    }
}