{
    "portfolio_965": {
        "CRESY": 0.05,
        "PEP": 0.0552136210966082,
        "TLK": 0.0359364044464385,
        "BPE5.F": 0.05,
        "BSD2.F": 0.05,
        "ULVR.L": 0.0732375793334167,
        "AD.AS": 0.0648732669518549,
        "KPN.AS": 0.1101925071444782,
        "600900.SS": 0.0441004392700432,
        "601398.SS": 0.1447823133760112,
        "2914.T": 0.0624895797487681,
        "9432.T": 0.0723705810915358,
        "9434.T": 0.1025075787423356,
        "0728.HK": 0.05,
        "6288.HK": 0.0342961287985094
    }
}