{
    "portfolio_373": {
        "AVGO": 0.05,
        "TLK": 0.0597903628148241,
        "ADMA": 0.05,
        "SHEL.L": 0.0257651395966099,
        "ULVR.L": 0.0635934100691776,
        "AD.AS": 0.0635902312455704,
        "KPN.AS": 0.1537921155838458,
        "600028.SS": 0.05,
        "601328.SS": 0.05,
        "601398.SS": 0.0691487221647132,
        "2914.T": 0.0672359825573731,
        "9432.T": 0.068475149786896,
        "9434.T": 0.1385928906058379,
        "0941.HK": 0.05,
        "6288.HK": 0.0400159955751514
    }
}