{
    "portfolio_36": {
        "PEP": 0.063170610289933,
        "TGS": 0.05,
        "TLK": 0.0442664264851383,
        "VERX": 0.05,
        "ULVR.L": 0.0515399205231339,
        "AD.AS": 0.0548481100940328,
        "KPN.AS": 0.1749132492066308,
        "600519.SS": 0.0292630264646291,
        "600900.SS": 0.0450309136647498,
        "601398.SS": 0.1020327590344039,
        "601939.SS": 0.05,
        "4063.T": 0.05,
        "9432.T": 0.0812298103976656,
        "9434.T": 0.1037051738396827,
        "9983.T": 0.05
    }
}