{
    "portfolio_274": {
        "TLK": 0.0601288349388033,
        "ADMA": 0.05,
        "DG.PA": 0.05,
        "SAF.PA": 0.05,
        "TTE.PA": 0.05,
        "TYT.L": 0.0380339728258441,
        "ULVR.L": 0.0538309446651655,
        "AD.AS": 0.0475075216049053,
        "KPN.AS": 0.1222198777728103,
        "601398.SS": 0.1220437565154848,
        "601939.SS": 0.05,
        "9432.T": 0.074154257429575,
        "9434.T": 0.1487143755460928,
        "0941.HK": 0.0488242341906526,
        "6288.HK": 0.0345422245106661
    }
}