{
    "portfolio_702": {
        "TMUS": 0.05,
        "TLK": 0.0518643893720535,
        "RYTM": 0.05,
        "SHEL.L": 0.0269180244390597,
        "ULVR.L": 0.0479324116616976,
        "AD.AS": 0.0740336363950557,
        "KPN.AS": 0.1558277825635208,
        "600900.SS": 0.0500916151609083,
        "601328.SS": 0.05,
        "601398.SS": 0.1393675381090588,
        "2914.T": 0.0622504367807178,
        "4063.T": 0.05,
        "9432.T": 0.0543019040613031,
        "9434.T": 0.1077771167413792,
        "6288.HK": 0.0296351447152454
    }
}