{
    "portfolio_625": {
        "KT": 0.053518094417943,
        "TLK": 0.0846721355725156,
        "PJXC.F": 0.01,
        "SKFA.F": 0.01,
        "0R4P.L": 0.0224356930355249,
        "ULVR.L": 0.059411085884251,
        "AD.AS": 0.0762420457376895,
        "KPN.AS": 0.1758067813116572,
        "601398.SS": 0.1676758249995658,
        "601857.SS": 0.01,
        "2914.T": 0.0595242216630585,
        "9432.T": 0.0902293224050119,
        "9434.T": 0.1284000336568714,
        "0883.HK": 0.01,
        "6288.HK": 0.0420847613159108
    }
}