{
    "portfolio_971": {
        "PEP": 0.0767485392681002,
        "TEO": 0.01,
        "TLK": 0.0857528320192708,
        "OLLI": 0.01,
        "TTE.PA": 0.01,
        "AD.AS": 0.0759848245979354,
        "KPN.AS": 0.1754229851633026,
        "600519.SS": 0.0474495024654115,
        "601398.SS": 0.1721879229646796,
        "601857.SS": 0.0126729784863403,
        "2914.T": 0.0589937942074304,
        "9432.T": 0.071524143177404,
        "9434.T": 0.1413221304567934,
        "0386.HK": 0.01,
        "6288.HK": 0.0419403471933323
    }
}