{
    "portfolio_377": {
        "PKX": 0.05,
        "TLK": 0.0417338769686856,
        "PRCT": 0.05,
        "ULVR.L": 0.0587313211866272,
        "AD.AS": 0.0648757800776598,
        "KPN.AS": 0.189109638435785,
        "600900.SS": 0.0584127756179347,
        "601288.SS": 0.05,
        "601398.SS": 0.0775799601152185,
        "601988.SS": 0.05,
        "2914.T": 0.0531515029669077,
        "6857.T": 0.05,
        "9432.T": 0.0653858184336895,
        "9434.T": 0.1156186057402622,
        "6288.HK": 0.0254007204572298
    }
}