{
    "portfolio_782": {
        "PEP": 0.068241604983745,
        "TLK": 0.0782058993410884,
        "AI.PA": 0.05,
        "DG.PA": 0.05,
        "TTE.L": 0.05,
        "ULVR.L": 0.0478110017298495,
        "AD.AS": 0.0449661036279189,
        "KPN.AS": 0.122286101507775,
        "601398.SS": 0.128075079018975,
        "601728.SS": 0.05,
        "2914.T": 0.0621371389985265,
        "9433.T": 0.0590545239530857,
        "9434.T": 0.110176964628158,
        "3988.HK": 0.05,
        "6288.HK": 0.0290455822108781
    }
}