{
    "portfolio_4": {
        "PEP": 0.0571788197589588,
        "RYTM": 0.05,
        "BPE5.F": 0.05,
        "AZN.L": 0.05,
        "SHEL.L": 0.05,
        "ULVR.L": 0.0380212894262282,
        "AD.AS": 0.0631070766582156,
        "KPN.AS": 0.1332924056825246,
        "600900.SS": 0.065058661725142,
        "601398.SS": 0.1439182908377973,
        "2914.T": 0.0707315272857069,
        "9432.T": 0.0721980609857563,
        "9434.T": 0.0804632058375575,
        "1288.HK": 0.05,
        "6288.HK": 0.0260306618021126
    }
}