{
    "portfolio_249": {
        "PEP": 0.0527609567625389,
        "TGS": 0.05,
        "TLK": 0.0447381431046122,
        "AXSM": 0.05,
        "RICO.L": 0.0283486928232291,
        "ULVR.L": 0.0768236501935908,
        "AD.AS": 0.0562718741335287,
        "KPN.AS": 0.1209455946958915,
        "SHELL.AS": 0.05,
        "600900.SS": 0.0399039674434507,
        "601398.SS": 0.1726478130617167,
        "9432.T": 0.0779976599355606,
        "9433.T": 0.05,
        "9434.T": 0.0795616478458808,
        "6288.HK": 0.05
    }
}