{
    "portfolio_497": {
        "PEP": 0.0688075645989928,
        "TEO": 0.05,
        "TLK": 0.0564983714005105,
        "SAF.PA": 0.05,
        "TTE.L": 0.05,
        "ULVR.L": 0.0604152931403373,
        "AD.AS": 0.0430473628603607,
        "KPN.AS": 0.1465659661014533,
        "600900.SS": 0.0510348142088512,
        "601288.SS": 0.05,
        "601398.SS": 0.1049249452213536,
        "8001.T": 0.05,
        "9432.T": 0.0637570820291004,
        "9434.T": 0.1184266974122894,
        "6288.HK": 0.0365219030267503
    }
}