{
    "portfolio_441": {
        "GOOGL": 0.0412125225154848,
        "PEP": 0.106477661791648,
        "EC": 0.0492343363550161,
        "APPF": 0.0372056058198178,
        "4AH1.F": 0.0104509850945787,
        "LFU2.F": 0.01,
        "ULVR.L": 0.1065878253642947,
        "KPN.AS": 0.0983645321458483,
        "601288.SS": 0.1249910075162564,
        "601728.SS": 0.0512132244513891,
        "7203.T": 0.01,
        "7974.T": 0.2203205502339493,
        "9433.T": 0.1139417487117167,
        "0883.HK": 0.01,
        "3988.HK": 0.01
    }
}