{
    "portfolio_712": {
        "PEP": 0.0580565762540901,
        "TLK": 0.0600614585609698,
        "IESC": 0.05,
        "SAF.PA": 0.05,
        "ULVR.L": 0.0325499218522334,
        "AD.AS": 0.0590843592937848,
        "KPN.AS": 0.1664508083544385,
        "600519.SS": 0.0268602341175191,
        "601398.SS": 0.1838761873673705,
        "2914.T": 0.0461385439211975,
        "4519.T": 0.05,
        "9432.T": 0.051313578333345,
        "9434.T": 0.0748627856801363,
        "9983.T": 0.05,
        "0941.HK": 0.0407455462649147
    }
}