{
    "portfolio_64": {
        "PEP": 0.0710130005952193,
        "TEO": 0.05,
        "TLK": 0.0732443574945875,
        "ULVR.L": 0.0490402084418368,
        "AD.AS": 0.0744050166398672,
        "KPN.AS": 0.1488858123101264,
        "601398.SS": 0.0848663211391821,
        "601939.SS": 0.05,
        "2914.T": 0.0436131260350021,
        "6857.T": 0.05,
        "9432.T": 0.0685399039262078,
        "9434.T": 0.1121673857621344,
        "0941.HK": 0.05,
        "1088.HK": 0.05,
        "6288.HK": 0.0242248676558364
    }
}