{
    "portfolio_817": {
        "PEP": 0.0649132017271414,
        "PKX": 0.05,
        "TLK": 0.0614771743101282,
        "BPE5.F": 0.05,
        "ULVR.L": 0.0587155912107441,
        "AD.AS": 0.0556063989964808,
        "KPN.AS": 0.1487002711004216,
        "600028.SS": 0.05,
        "600900.SS": 0.0422332834855313,
        "601398.SS": 0.1218926438423907,
        "2914.T": 0.05,
        "8001.T": 0.05,
        "9432.T": 0.0650509275957537,
        "9434.T": 0.097941520030913,
        "6288.HK": 0.033468987700495
    }
}