{
    "portfolio_39": {
        "AVGO": 0.05,
        "TMUS": 0.05,
        "TLK": 0.0498116234122171,
        "APPF": 0.05,
        "SHEL.L": 0.0291119654431498,
        "ULVR.L": 0.0508892086767254,
        "AD.AS": 0.064840102820918,
        "KPN.AS": 0.144943738892266,
        "600519.SS": 0.0260999388549045,
        "600900.SS": 0.0396936979790809,
        "601398.SS": 0.1499476000283752,
        "2914.T": 0.0702901449497431,
        "9432.T": 0.05,
        "9434.T": 0.1339930377426852,
        "6288.HK": 0.0403789411999346
    }
}