{
    "portfolio_348": {
        "PEP": 0.0634088365061482,
        "TLK": 0.0649730462370507,
        "TTE.PA": 0.05,
        "0YXG.L": 0.05,
        "ULVR.L": 0.0472188384759655,
        "AD.AS": 0.0623803208352059,
        "KPN.AS": 0.1392182631732207,
        "600900.SS": 0.0444795269736628,
        "601398.SS": 0.128532635287039,
        "2914.T": 0.0489003486342975,
        "6857.T": 0.05,
        "9432.T": 0.0845306497007151,
        "9434.T": 0.0860521733726809,
        "0728.HK": 0.05,
        "6288.HK": 0.0303053608040137
    }
}