{
    "portfolio_116": {
        "CRESY": 0.05,
        "PEP": 0.0465204812470358,
        "TLK": 0.0493916043333329,
        "AI.PA": 0.05,
        "BPE.F": 0.05,
        "TTE.L": 0.05,
        "ULVR.L": 0.0847689722078774,
        "AD.AS": 0.0586138318473768,
        "KPN.AS": 0.1016557526852305,
        "600941.SS": 0.05,
        "601398.SS": 0.1492326175856324,
        "2914.T": 0.0645089228034596,
        "9433.T": 0.0761178329448323,
        "9434.T": 0.0908172711693459,
        "6288.HK": 0.0283727131758765
    }
}