{
    "portfolio_161": {
        "PEP": 0.0635640896902403,
        "TLK": 0.0678951927681452,
        "ADMA": 0.05,
        "SHEL.L": 0.0270223968397772,
        "ULVR.L": 0.0587741672171703,
        "AD.AS": 0.0665540244983541,
        "KPN.AS": 0.1453173896487733,
        "601398.SS": 0.1190357644063936,
        "601988.SS": 0.05,
        "6857.T": 0.05,
        "7974.T": 0.05,
        "8031.T": 0.05,
        "9432.T": 0.0711069236299813,
        "9434.T": 0.101781284277051,
        "6288.HK": 0.0289487670241135
    }
}