{
    "portfolio_875": {
        "TLK": 0.0405116618508796,
        "IESC": 0.05,
        "PRCT": 0.05,
        "SAN.PA": 0.0249348672361255,
        "RICO.L": 0.028298058351664,
        "ULVR.L": 0.058532157564491,
        "AD.AS": 0.0652799288140845,
        "KPN.AS": 0.1868435020569069,
        "600519.SS": 0.0300563473145384,
        "600941.SS": 0.05,
        "601398.SS": 0.1651643413327803,
        "2914.T": 0.0582177113196602,
        "9434.T": 0.1423225034075965,
        "0857.HK": 0.0269894033364444,
        "6288.HK": 0.0228495174148284
    }
}