{
    "portfolio_434": {
        "AVGO": 0.05,
        "TLK": 0.0442967981527854,
        "RYTM": 0.05,
        "SHEL.L": 0.0209944796769282,
        "ULVR.L": 0.0447978084528715,
        "AD.AS": 0.0752855441719668,
        "KPN.AS": 0.1747966721613084,
        "600900.SS": 0.0569623221348085,
        "601398.SS": 0.1010689027535095,
        "601988.SS": 0.05,
        "2914.T": 0.0690119423096494,
        "9432.T": 0.0611882533679606,
        "9434.T": 0.1015972768182113,
        "9983.T": 0.05,
        "3988.HK": 0.05
    }
}