{
    "portfolio_151": {
        "PEP": 0.0527647145792617,
        "CIB": 0.05,
        "TLK": 0.0445905905115634,
        "RMS.PA": 0.05,
        "BPE.F": 0.05,
        "BPE5.F": 0.05,
        "ULVR.L": 0.0546383368621798,
        "AD.AS": 0.0505564959712627,
        "KPN.AS": 0.1121367758277778,
        "600900.SS": 0.042419995749635,
        "601138.SS": 0.05,
        "601398.SS": 0.1478393295298292,
        "2914.T": 0.0729329930946566,
        "9432.T": 0.065072271359182,
        "9434.T": 0.1070484965146517
    }
}