{
    "portfolio_754": {
        "PEP": 0.0574669979347713,
        "TLK": 0.0853768348481116,
        "APPF": 0.0138847958590963,
        "IESC": 0.0131122506740646,
        "SKFA.F": 0.01,
        "SHEL.L": 0.0339173720128941,
        "ULVR.L": 0.0509772302077699,
        "AD.AS": 0.0705390804656844,
        "KPN.AS": 0.1537234652403438,
        "601398.SS": 0.1625824284256823,
        "601939.SS": 0.01,
        "2914.T": 0.0845054282689191,
        "9434.T": 0.1566045958813374,
        "0941.HK": 0.0619058018224031,
        "6288.HK": 0.0354037183589219
    }
}