{
    "portfolio_406": {
        "CRESY": 0.05,
        "TLK": 0.043086211687267,
        "ADMA": 0.05,
        "TTE.PA": 0.05,
        "0TDD.L": 0.05,
        "ULVR.L": 0.0721216766168477,
        "AD.AS": 0.0632200826154731,
        "KPN.AS": 0.1136002519767232,
        "601138.SS": 0.0145116597755438,
        "601398.SS": 0.153237234344339,
        "2914.T": 0.0527745861487748,
        "9432.T": 0.080750785776362,
        "9434.T": 0.12891653914553,
        "1088.HK": 0.05,
        "6288.HK": 0.0277809719131391
    }
}