{
    "portfolio_861": {
        "PEP": 0.0764850760403708,
        "TLK": 0.0887671332914907,
        "SAF.PA": 0.05,
        "ULVR.L": 0.0422726982677591,
        "AD.AS": 0.0566122804692773,
        "KPN.AS": 0.1647359318178501,
        "600519.SS": 0.0302248237873312,
        "600900.SS": 0.0353404286839447,
        "601398.SS": 0.1150292348291373,
        "601939.SS": 0.05,
        "4519.T": 0.05,
        "8001.T": 0.05,
        "8031.T": 0.05,
        "9434.T": 0.1155608563085964,
        "6288.HK": 0.0249715365042422
    }
}