{
    "portfolio_401": {
        "PEP": 0.0718590846020872,
        "TLK": 0.0889024578205602,
        "AXSM": 0.01,
        "ULVR.L": 0.0508422961481221,
        "AD.AS": 0.0578969232474953,
        "KPN.AS": 0.1610504926760637,
        "UMG.AS": 0.0237770162194905,
        "600028.SS": 0.01,
        "600519.SS": 0.0376963752728831,
        "601398.SS": 0.1628619860270432,
        "2914.T": 0.0635650964008994,
        "9432.T": 0.0753037585837314,
        "9434.T": 0.1276878386729086,
        "0857.HK": 0.0212641463528832,
        "6288.HK": 0.037292527975832
    }
}