{
    "portfolio_438": {
        "PEP": 0.0837349953510205,
        "TLK": 0.082621036834481,
        "IESC": 0.0180345402936936,
        "SAN.PA": 0.0231638071942964,
        "ULVR.L": 0.0381077229510122,
        "AD.AS": 0.0675553759829049,
        "KPN.AS": 0.1647178256997193,
        "600519.SS": 0.030237968198375,
        "601398.SS": 0.1616179607464603,
        "4519.T": 0.05,
        "8001.T": 0.05,
        "9432.T": 0.0486512818487371,
        "9434.T": 0.0815574848992994,
        "9983.T": 0.05,
        "0883.HK": 0.05
    }
}