{
    "portfolio_161": {
        "PEP": 0.0761923140882822,
        "TLK": 0.0897131611736476,
        "CS.PA": 0.01,
        "DG.PA": 0.01,
        "ULVR.L": 0.0429227041004719,
        "AD.AS": 0.0664105082266792,
        "KPN.AS": 0.158634146884126,
        "600519.SS": 0.0380065693136919,
        "601398.SS": 0.1617364905259598,
        "2914.T": 0.057235209110675,
        "8058.T": 0.01,
        "9432.T": 0.0670916550083952,
        "9434.T": 0.1226891165240055,
        "0941.HK": 0.0539719780535639,
        "6288.HK": 0.0353961469905019
    }
}