{
    "portfolio_844": {
        "PEP": 0.0422993494073475,
        "BCH": 0.05,
        "TLK": 0.0559365121712292,
        "LNTH": 0.05,
        "0TDD.L": 0.05,
        "ULVR.L": 0.0528394873739212,
        "AD.AS": 0.0449689778602527,
        "KPN.AS": 0.1557736489434656,
        "600519.SS": 0.0344989862000176,
        "601398.SS": 0.1524596557111896,
        "4063.T": 0.05,
        "8001.T": 0.05,
        "9433.T": 0.0582040929830154,
        "9434.T": 0.1081034473766392,
        "0941.HK": 0.0449158419729213
    }
}