{
    "portfolio_7": {
        "PEP": 0.076574632214339,
        "TLK": 0.0892139847511562,
        "SAF.PA": 0.01,
        "ULVR.L": 0.0430594310142718,
        "AD.AS": 0.0680146975955272,
        "KPN.AS": 0.1645229930775714,
        "600519.SS": 0.0408269516754736,
        "601398.SS": 0.1794391959863798,
        "2914.T": 0.0603767120796831,
        "4519.T": 0.0124627458373595,
        "6857.T": 0.01,
        "9432.T": 0.0689717957152483,
        "9434.T": 0.1235624184861312,
        "0728.HK": 0.015277060469877,
        "6288.HK": 0.0376973810969818
    }
}