{
    "portfolio_414": {
        "PEP": 0.0666119020173736,
        "TLK": 0.0794159122455076,
        "IESC": 0.0182346908993231,
        "BPE5.F": 0.05,
        "ULVR.L": 0.0530882759188877,
        "AD.AS": 0.0660989171901486,
        "KPN.AS": 0.1574733005095356,
        "600028.SS": 0.05,
        "600519.SS": 0.0388597887212942,
        "601398.SS": 0.1122270870887785,
        "601939.SS": 0.05,
        "4568.T": 0.05,
        "7203.T": 0.05,
        "9434.T": 0.1301354756025106,
        "6288.HK": 0.0278546498066407
    }
}