{
    "portfolio_407": {
        "PEP": 0.0753807219845384,
        "TLK": 0.1039008356914633,
        "SAN.PA": 0.0346714161810982,
        "ULVR.L": 0.0471198959159254,
        "AD.AS": 0.0720345430518183,
        "KPN.AS": 0.146874704416433,
        "600519.SS": 0.0303165880401301,
        "601398.SS": 0.0443139709271731,
        "601988.SS": 0.05,
        "8031.T": 0.05,
        "9433.T": 0.0696940736209533,
        "9434.T": 0.1256932501704666,
        "0386.HK": 0.05,
        "0857.HK": 0.05,
        "1088.HK": 0.05
    }
}