{
    "portfolio_351": {
        "PEP": 0.0517581167168141,
        "TLK": 0.0717861961547797,
        "VERX": 0.05,
        "SAF.PA": 0.05,
        "SKFA.F": 0.05,
        "SHEL.L": 0.0278905550821722,
        "AD.AS": 0.0525553104474461,
        "KPN.AS": 0.159817010487041,
        "600900.SS": 0.0750799565445208,
        "601939.SS": 0.0859115377479432,
        "2914.T": 0.0761051373258321,
        "9433.T": 0.0859592684187342,
        "9434.T": 0.087578365198562,
        "1288.HK": 0.05,
        "6288.HK": 0.0255585458761546
    }
}