{
    "portfolio_306": {
        "COST": 0.05,
        "TLK": 0.0503987307658595,
        "RDNT": 0.05,
        "BPE.F": 0.05,
        "BSD2.F": 0.05,
        "ULVR.L": 0.0546433850661344,
        "AD.AS": 0.0515486907095991,
        "KPN.AS": 0.1438815857786766,
        "600900.SS": 0.0493793571281938,
        "601398.SS": 0.0939455852483184,
        "601988.SS": 0.05,
        "2914.T": 0.073227485546037,
        "9432.T": 0.058311784328062,
        "9434.T": 0.1299856528438582,
        "6288.HK": 0.0446777425852611
    }
}