{
    "portfolio_465": {
        "PEP": 0.05025449464604,
        "TLK": 0.0846579186361916,
        "ULVR.L": 0.0598946212121909,
        "AD.AS": 0.04262523911442,
        "ASM.AS": 0.05,
        "KPN.AS": 0.1619150232571142,
        "REN.AS": 0.05,
        "601328.SS": 0.05,
        "601398.SS": 0.0807070354437162,
        "2914.T": 0.0673989193125048,
        "9432.T": 0.0679159993404396,
        "9434.T": 0.1112403367113921,
        "0857.HK": 0.05,
        "0883.HK": 0.05,
        "6288.HK": 0.0233904123259906
    }
}