{
    "portfolio_700": {
        "GOOGL": 0.0360702007874293,
        "PEP": 0.1036777947648712,
        "EC": 0.0486215353205308,
        "APPF": 0.0350147734486888,
        "ECX": 0.0113123075524995,
        "RYTM": 0.01,
        "LFU2.F": 0.01,
        "HSBA.L": 0.01,
        "ULVR.L": 0.1028509383261827,
        "KPN.AS": 0.0966620438425087,
        "601288.SS": 0.1298258688214449,
        "601728.SS": 0.0558533840728592,
        "7974.T": 0.2219588903666005,
        "9433.T": 0.1181799738796138
    }
}