{
    "portfolio_456": {
        "CRESY": 0.01,
        "PEP": 0.0626239003275899,
        "TLK": 0.0867258733830472,
        "LNTH": 0.01,
        "0TDD.L": 0.01,
        "ULVR.L": 0.0575085356978854,
        "AD.AS": 0.0657973607004013,
        "KPN.AS": 0.161807745387829,
        "601398.SS": 0.1676290248423375,
        "2914.T": 0.0665828776310908,
        "8031.T": 0.01,
        "9432.T": 0.064054886562074,
        "9434.T": 0.1256348084816489,
        "0941.HK": 0.063263682876536,
        "6288.HK": 0.0383713041095602
    }
}