{
    "portfolio_734": {
        "AVGO": 0.05,
        "PEP": 0.0428180440873764,
        "TLK": 0.059104410755042,
        "TTE.PA": 0.05,
        "ULVR.L": 0.0606495051503009,
        "AD.AS": 0.0629702971863576,
        "KPN.AS": 0.1204703033286286,
        "SHELL.AS": 0.05,
        "600900.SS": 0.0580039753275973,
        "601288.SS": 0.05,
        "601398.SS": 0.1015686142862108,
        "2914.T": 0.0736967961712372,
        "9433.T": 0.069529301579285,
        "9434.T": 0.1111180955398217,
        "6288.HK": 0.0400706565881425
    }
}