{
    "portfolio_475": {
        "LIN": 0.05,
        "TMUS": 0.05,
        "TLK": 0.0632340324126436,
        "TTE.PA": 0.05,
        "SHEL.L": 0.05,
        "ULVR.L": 0.0531921145101291,
        "AD.AS": 0.0712425849633406,
        "KPN.AS": 0.1046332666405889,
        "600900.SS": 0.0436348533151672,
        "601398.SS": 0.1480451623768778,
        "2914.T": 0.0619922126651373,
        "9433.T": 0.0619349362248237,
        "9434.T": 0.1107461759341924,
        "0941.HK": 0.0472853505636125,
        "6288.HK": 0.0340593103934868
    }
}