{
    "portfolio_867": {
        "BSAC": 0.05,
        "PKX": 0.05,
        "TLK": 0.0547541239406946,
        "SAN.PA": 0.0379793311084968,
        "0YXG.L": 0.05,
        "ULVR.L": 0.0557587893197076,
        "AD.AS": 0.0538715657113611,
        "KPN.AS": 0.1390266126922891,
        "601398.SS": 0.1005609297815377,
        "601728.SS": 0.05,
        "601857.SS": 0.05,
        "2914.T": 0.063302327422693,
        "9432.T": 0.0823732585390343,
        "9434.T": 0.1255806785043732,
        "6288.HK": 0.0367923829798127
    }
}