{
    "portfolio_633": {
        "AVGO": 0.05,
        "PKX": 0.05,
        "PRCT": 0.05,
        "RYTM": 0.05,
        "DG.PA": 0.05,
        "ULVR.L": 0.0408429187028189,
        "AD.AS": 0.0439545046805166,
        "KPN.AS": 0.1803255991966495,
        "600900.SS": 0.0451806392268369,
        "601398.SS": 0.1685797417778974,
        "2914.T": 0.0633246193993721,
        "9432.T": 0.0461581704281905,
        "9434.T": 0.1188486802983055,
        "0857.HK": 0.0218931384585426,
        "6288.HK": 0.0208919878308694
    }
}