{
    "portfolio_150": {
        "PEP": 0.0875137337239971,
        "TGS": 0.01,
        "TLK": 0.0894762871982868,
        "2B5.F": 0.01,
        "SHEL.L": 0.0155650569071642,
        "ULVR.L": 0.051597144675828,
        "AD.AS": 0.0703435095561486,
        "KPN.AS": 0.1475709470079942,
        "SHELL.AS": 0.01,
        "601398.SS": 0.1730822162026298,
        "2914.T": 0.0823077617867006,
        "4519.T": 0.0197929765913212,
        "9434.T": 0.1282955530785114,
        "0941.HK": 0.0653346583865655,
        "6288.HK": 0.0391201548848528
    }
}