{
    "portfolio_127": {
        "PEP": 0.0905755394516074,
        "TLK": 0.0853026909690058,
        "SAN.PA": 0.0274365346526582,
        "SHEL.L": 0.05,
        "ULVR.L": 0.0488556153230714,
        "AD.AS": 0.0632963691066433,
        "KPN.AS": 0.1365775968366714,
        "600028.SS": 0.05,
        "600519.SS": 0.0340792218967675,
        "601398.SS": 0.0919300898290232,
        "8001.T": 0.05,
        "9433.T": 0.0615707373565225,
        "9434.T": 0.1103756045780293,
        "0386.HK": 0.05,
        "0728.HK": 0.05
    }
}