{
    "portfolio_945": {
        "AVGO": 0.05,
        "TLK": 0.0521724514311066,
        "LNTH": 0.05,
        "RICO.L": 0.0234519255283735,
        "ULVR.L": 0.0591337534000358,
        "AD.AS": 0.0431580948146352,
        "CCEP.AS": 0.05,
        "KPN.AS": 0.1592858707485972,
        "601398.SS": 0.1366234369201711,
        "601899.SS": 0.05,
        "2914.T": 0.0685064325575006,
        "9433.T": 0.0519538315906829,
        "9434.T": 0.1269035138946726,
        "0728.HK": 0.05,
        "6288.HK": 0.0288106891142244
    }
}