{
    "portfolio_445": {
        "PEP": 0.0663596253816536,
        "TLK": 0.0774882226010782,
        "LNTH": 0.01,
        "RYTM": 0.01,
        "SHEL.L": 0.032627340427578,
        "ULVR.L": 0.0528114565707771,
        "AD.AS": 0.0664686308340002,
        "KPN.AS": 0.1578833002626484,
        "601398.SS": 0.1595289469006984,
        "601988.SS": 0.01,
        "2914.T": 0.0718174704430076,
        "9432.T": 0.0610819320863127,
        "9434.T": 0.1237435084117896,
        "0941.HK": 0.0625322846166506,
        "6288.HK": 0.0376572814638053
    }
}