{
    "portfolio_33": {
        "PEP": 0.0853438842121707,
        "TAK": 0.0580669108306907,
        "TLK": 0.0754907137549249,
        "LPS1.F": 0.01,
        "OL5.F": 0.01,
        "SHEL.L": 0.0359722223803167,
        "ULVR.L": 0.0664149296047066,
        "KPN.AS": 0.1726456832341976,
        "600519.SS": 0.0572666623516854,
        "600941.SS": 0.01,
        "601398.SS": 0.1720106101982714,
        "9433.T": 0.0854091652961152,
        "9434.T": 0.1159829007670535,
        "1088.HK": 0.01,
        "6288.HK": 0.0353963173698673
    }
}