{
    "portfolio_861": {
        "PEP": 0.0698302189819878,
        "TLK": 0.0811402111283341,
        "VERX": 0.01,
        "SKFA.F": 0.01,
        "SHEL.L": 0.0361484481595639,
        "ULVR.L": 0.0520829172311099,
        "AD.AS": 0.0613368682912673,
        "KPN.AS": 0.1568321874406792,
        "600900.SS": 0.0603961610309273,
        "601398.SS": 0.1493945412053886,
        "2914.T": 0.0737671895717473,
        "9432.T": 0.0693453233640017,
        "9434.T": 0.1189234000612243,
        "0386.HK": 0.01,
        "6288.HK": 0.0408025335337682
    }
}