{
    "portfolio_301": {
        "PEP": 0.0672899378865764,
        "TGS": 0.05,
        "TLK": 0.0746872710296076,
        "ULVR.L": 0.060376164709312,
        "AD.AS": 0.0789385176692522,
        "KPN.AS": 0.1385529989133061,
        "600028.SS": 0.05,
        "601398.SS": 0.0887042408883566,
        "2914.T": 0.0557489618258097,
        "7974.T": 0.0334329558204891,
        "9433.T": 0.0559273046429817,
        "9434.T": 0.1121048822111487,
        "1288.HK": 0.05,
        "3988.HK": 0.05,
        "6288.HK": 0.0342367644031598
    }
}