{
    "portfolio_577": {
        "PEP": 0.066948160345308,
        "TLK": 0.0652292753266227,
        "IESC": 0.0153070832614395,
        "BPE5.F": 0.05,
        "ULVR.L": 0.0430151649451706,
        "AD.AS": 0.0598527901971184,
        "KPN.AS": 0.1369535186703225,
        "REN.AS": 0.05,
        "600519.SS": 0.0356132817626688,
        "600900.SS": 0.0441440867304841,
        "601398.SS": 0.174776934798963,
        "8058.T": 0.05,
        "9432.T": 0.0764912511760599,
        "9434.T": 0.0816684527858424,
        "9983.T": 0.05
    }
}