{
    "portfolio_579": {
        "PEP": 0.0796540688244358,
        "TLK": 0.0861982840576666,
        "BPE.F": 0.0100874627082356,
        "BSD2.F": 0.01,
        "0YXG.L": 0.01,
        "AZN.L": 0.01,
        "AD.AS": 0.0744289816831387,
        "KPN.AS": 0.1684715916637802,
        "600519.SS": 0.0457513842950096,
        "601398.SS": 0.1819976624343648,
        "2914.T": 0.0616950514746898,
        "9432.T": 0.0730176427077607,
        "9434.T": 0.1349689970521555,
        "0386.HK": 0.012927612088965,
        "6288.HK": 0.0408012610097977
    }
}