{
    "portfolio_578": {
        "PEP": 0.0377614778716595,
        "TMUS": 0.05,
        "TLK": 0.093409504828356,
        "SKFA.F": 0.05,
        "SHEL.L": 0.0200223739869201,
        "ULVR.L": 0.0389590048013429,
        "AD.AS": 0.0772883018502133,
        "KPN.AS": 0.1305248200740336,
        "600519.SS": 0.0343259192596579,
        "601088.SS": 0.05,
        "601398.SS": 0.1156340690915672,
        "4063.T": 0.05,
        "9433.T": 0.0911699798381081,
        "9434.T": 0.1109045483981412,
        "0857.HK": 0.05
    }
}