{
    "portfolio_603": {
        "PEP": 0.0841025682513262,
        "TLK": 0.0835438436982695,
        "TTE.PA": 0.05,
        "ULVR.L": 0.0489932182276346,
        "AD.AS": 0.073796592672187,
        "KPN.AS": 0.132367620831616,
        "600519.SS": 0.0287741473613007,
        "601088.SS": 0.05,
        "601398.SS": 0.1262755861428517,
        "4519.T": 0.05,
        "8058.T": 0.05,
        "9433.T": 0.06593535926749,
        "9434.T": 0.0826749896887994,
        "0728.HK": 0.05,
        "6288.HK": 0.0235360738585245
    }
}