{
    "portfolio_362": {
        "PEP": 0.0854681836058267,
        "TLK": 0.0895055031947582,
        "HSBA.L": 0.01,
        "AD.AS": 0.0755774035681745,
        "KPN.AS": 0.1755607622556506,
        "600519.SS": 0.0487544694787759,
        "601398.SS": 0.1712517674852216,
        "601939.SS": 0.01,
        "601988.SS": 0.01,
        "2914.T": 0.0572409043669761,
        "4063.T": 0.0110897233376168,
        "6857.T": 0.01,
        "9432.T": 0.0754126542920339,
        "9434.T": 0.1306034797639608,
        "6288.HK": 0.0395351486510047
    }
}