{
    "portfolio_860": {
        "MSFT": 0.01,
        "PEP": 0.0702641886214522,
        "TMUS": 0.01,
        "PKX": 0.01,
        "TLK": 0.0839196471833338,
        "CS.PA": 0.01,
        "AD.AS": 0.0735541887038995,
        "KPN.AS": 0.1726989364852036,
        "600519.SS": 0.0461814532802904,
        "601398.SS": 0.1756728882539505,
        "2914.T": 0.0597667358652059,
        "9432.T": 0.0697009966805499,
        "9434.T": 0.1440390006907935,
        "0857.HK": 0.0241201986481089,
        "6288.HK": 0.0400817655872121
    }
}