{
    "portfolio_471": {
        "ASML": 0.05,
        "GOOGL": 0.05,
        "NFLX": 0.05,
        "SAN.PA": 0.0331350152874612,
        "RICO.L": 0.0306683953708981,
        "ULVR.L": 0.053512559936149,
        "AD.AS": 0.0489466466139556,
        "KPN.AS": 0.1835095545416286,
        "600028.SS": 0.05,
        "601398.SS": 0.1308676737680492,
        "2914.T": 0.0698420925493115,
        "4519.T": 0.05,
        "9432.T": 0.0589310782777495,
        "9434.T": 0.1112543774838728,
        "6288.HK": 0.0293326061709243
    }
}