{
    "portfolio_120": {
        "AVGO": 0.05,
        "PEP": 0.0452880216187517,
        "TLK": 0.069655364407131,
        "HSBA.L": 0.05,
        "ULVR.L": 0.0472181816922924,
        "AD.AS": 0.0613010459812765,
        "KPN.AS": 0.1517956350280965,
        "600900.SS": 0.03624903710147,
        "600941.SS": 0.05,
        "601398.SS": 0.096409433901269,
        "2914.T": 0.0670714984997048,
        "9432.T": 0.067179775191663,
        "9434.T": 0.118255593536506,
        "1288.HK": 0.05,
        "6288.HK": 0.0395764130418391
    }
}