{
    "portfolio_943": {
        "PEP": 0.074144227197121,
        "EC": 0.05,
        "PKX": 0.05,
        "TLK": 0.0446419193057292,
        "SAN.PA": 0.0236189483627606,
        "ULVR.L": 0.0410582442132339,
        "AD.AS": 0.0649116958642065,
        "KPN.AS": 0.1286822281020555,
        "600900.SS": 0.0433119149034083,
        "601398.SS": 0.1470080537288752,
        "4519.T": 0.05,
        "9432.T": 0.0799669839315291,
        "9434.T": 0.1026557843910804,
        "9983.T": 0.05,
        "1288.HK": 0.05
    }
}