{
    "portfolio_770": {
        "PEP": 0.0534223327018522,
        "TEO": 0.01,
        "TLK": 0.091760833390263,
        "ADMA": 0.01,
        "OLLI": 0.01,
        "AI.PA": 0.01,
        "ULVR.L": 0.0534576532411851,
        "AD.AS": 0.0693843352072367,
        "KPN.AS": 0.1581111362764014,
        "601398.SS": 0.1690976863803541,
        "2914.T": 0.0804631257171436,
        "8058.T": 0.01,
        "9434.T": 0.1698108196918137,
        "0941.HK": 0.0638236016665076,
        "6288.HK": 0.0406684757272427
    }
}