{
    "portfolio_344": {
        "PEP": 0.0814546232690482,
        "TAK": 0.0417996423333948,
        "TLK": 0.0774883000635887,
        "ULVR.L": 0.0548293877819608,
        "AD.AS": 0.0703534730492923,
        "KPN.AS": 0.1370943835195481,
        "SHELL.AS": 0.05,
        "600519.SS": 0.0328550256089329,
        "600941.SS": 0.05,
        "601398.SS": 0.0748292608698606,
        "601857.SS": 0.05,
        "6857.T": 0.05,
        "9433.T": 0.0786463794824028,
        "9434.T": 0.1006495240219707,
        "0883.HK": 0.05
    }
}