{
    "portfolio_315": {
        "TMUS": 0.05,
        "TLK": 0.055596992185773,
        "RYTM": 0.05,
        "BSD2.F": 0.05,
        "ULVR.L": 0.0341835400915015,
        "AD.AS": 0.0813176832742216,
        "KPN.AS": 0.1502018436332825,
        "600900.SS": 0.0312218629304921,
        "601138.SS": 0.0161935997113388,
        "601398.SS": 0.1560669312866306,
        "2914.T": 0.0668723552834109,
        "4519.T": 0.05,
        "9434.T": 0.1327427080808772,
        "1088.HK": 0.05,
        "6288.HK": 0.0256024835224714
    }
}