{
    "portfolio_690": {
        "PEP": 0.0543286524658042,
        "PKX": 0.05,
        "TLK": 0.0574385823863741,
        "SAF.PA": 0.05,
        "0TDD.L": 0.05,
        "ULVR.L": 0.0408642363666868,
        "AD.AS": 0.0410438575678934,
        "KPN.AS": 0.1225284322299222,
        "SHELL.AS": 0.05,
        "601398.SS": 0.168868398922037,
        "2914.T": 0.0614254317054362,
        "9432.T": 0.0787293273991434,
        "9434.T": 0.1010334510378094,
        "0941.HK": 0.0453196387733797,
        "6288.HK": 0.0284199911455132
    }
}