{
    "portfolio_252": {
        "TLK": 0.04740797714047,
        "RYTM": 0.05,
        "RMS.PA": 0.05,
        "0YXG.L": 0.05,
        "ULVR.L": 0.0288895019831469,
        "AD.AS": 0.0493456331277018,
        "KPN.AS": 0.1607092530400112,
        "WKL.AS": 0.05,
        "600900.SS": 0.0480624401958352,
        "601398.SS": 0.1446570598281843,
        "2914.T": 0.0922114721716273,
        "9432.T": 0.0620781178270608,
        "9434.T": 0.0899912721637412,
        "1288.HK": 0.05,
        "6288.HK": 0.0266472725222212
    }
}