{
    "portfolio_132": {
        "GOOGL": 0.0401262922927942,
        "PEP": 0.1028633846294537,
        "EC": 0.048346852506658,
        "APPF": 0.0355660061843144,
        "IESC": 0.01,
        "4AH1.F": 0.0103431296859825,
        "LFU2.F": 0.01,
        "ULVR.L": 0.1072631750899965,
        "KPN.AS": 0.1016643376035089,
        "601288.SS": 0.1251929888851674,
        "601728.SS": 0.0520676272952149,
        "601857.SS": 0.01,
        "7974.T": 0.2216012198053944,
        "8001.T": 0.01,
        "9433.T": 0.1149649860215151
    }
}