{
    "portfolio_143": {
        "PEP": 0.0418949288153248,
        "TLK": 0.0630540188705115,
        "PRCT": 0.05,
        "SAN.PA": 0.0370288610972625,
        "RICO.L": 0.0292173522450865,
        "ULVR.L": 0.0601395111862819,
        "AD.AS": 0.0662422747064138,
        "KPN.AS": 0.1714003446614726,
        "601398.SS": 0.0714319417817604,
        "601857.SS": 0.05,
        "2914.T": 0.0559172848386082,
        "9434.T": 0.1536734817972776,
        "0386.HK": 0.05,
        "0857.HK": 0.05,
        "0941.HK": 0.05
    }
}