{
    "portfolio_52": {
        "CRESY": 0.01,
        "PEP": 0.0739994950984988,
        "KT": 0.0506313014701818,
        "TLK": 0.0735114315851328,
        "LPS1.F": 0.01,
        "ULVR.L": 0.0601776467083529,
        "KPN.AS": 0.1890922071219835,
        "600028.SS": 0.01,
        "600519.SS": 0.0586755492958135,
        "601288.SS": 0.0218922669332563,
        "601398.SS": 0.1428087543208807,
        "601988.SS": 0.01,
        "9432.T": 0.1044642035195506,
        "9434.T": 0.1426320934176768,
        "6288.HK": 0.0421150505286723
    }
}