{
    "portfolio_8": {
        "PEP": 0.038519606068429,
        "TMUS": 0.05,
        "TLK": 0.0777888784764741,
        "AXSM": 0.05,
        "SAN.PA": 0.0287226930179925,
        "RICO.L": 0.0193126246835219,
        "ULVR.L": 0.0496797740365439,
        "AD.AS": 0.0599609456026675,
        "KPN.AS": 0.1282298505779602,
        "601398.SS": 0.1735494998680198,
        "4063.T": 0.05,
        "9432.T": 0.0866863000903903,
        "9434.T": 0.0875498275780005,
        "9983.T": 0.05,
        "1088.HK": 0.05
    }
}