{
    "portfolio_474": {
        "PEP": 0.0761946962779067,
        "TLK": 0.0854696299793741,
        "SHEL.L": 0.0306407459434881,
        "ULVR.L": 0.0440229157042915,
        "AD.AS": 0.0654649571437975,
        "CCEP.AS": 0.01,
        "KPN.AS": 0.1557183863343126,
        "600519.SS": 0.0389677185493803,
        "601398.SS": 0.1677921098417844,
        "601857.SS": 0.0120392828519797,
        "2914.T": 0.0650061871488587,
        "9432.T": 0.0691110057127833,
        "9434.T": 0.1312109085785461,
        "1088.HK": 0.01,
        "6288.HK": 0.0383614559334968
    }
}