{
    "portfolio_557": {
        "CRESY": 0.01,
        "PEP": 0.0757216906079086,
        "KT": 0.0469414630647145,
        "TGS": 0.01,
        "TLK": 0.0628913941897631,
        "LPS1.F": 0.01,
        "SHEL.L": 0.0268147738808627,
        "ULVR.L": 0.0622594002306384,
        "KPN.AS": 0.1786135379723278,
        "600519.SS": 0.054727199172964,
        "601398.SS": 0.1781842879245295,
        "8001.T": 0.01,
        "9432.T": 0.0986669717462434,
        "9434.T": 0.1353904095016717,
        "6288.HK": 0.0397888717083762
    }
}