{
    "portfolio_661": {
        "PEP": 0.0404810271793022,
        "TLK": 0.0506729174779646,
        "RYTM": 0.05,
        "0A4J.L": 0.05,
        "BHP.L": 0.05,
        "ULVR.L": 0.0389254887019014,
        "AD.AS": 0.0684942202206834,
        "KPN.AS": 0.1542871819700614,
        "601398.SS": 0.1480364855160044,
        "2914.T": 0.0592081568284188,
        "9432.T": 0.0705368553566355,
        "9434.T": 0.0945341392066978,
        "0941.HK": 0.05,
        "1088.HK": 0.05,
        "6288.HK": 0.0248235275423303
    }
}