{
    "portfolio_712": {
        "PEP": 0.096381610215325,
        "TGS": 0.01,
        "TLK": 0.1101741600225761,
        "0DH.F": 0.01,
        "0TDD.L": 0.01,
        "AD.AS": 0.0891643442989138,
        "KPN.AS": 0.1463837093975526,
        "600519.SS": 0.0536894893296043,
        "601398.SS": 0.1641127441170042,
        "2914.T": 0.0601775366096368,
        "7974.T": 0.0528100140291743,
        "8031.T": 0.01,
        "9433.T": 0.0891401220824271,
        "0941.HK": 0.0640650213277468,
        "6288.HK": 0.033901248570039
    }
}