{
    "portfolio_924": {
        "PEP": 0.0869770621965548,
        "TLK": 0.0999987589276428,
        "DG.PA": 0.01,
        "2B5.F": 0.01,
        "ULVR.L": 0.0467619878194654,
        "AD.AS": 0.0690141403817528,
        "KPN.AS": 0.1576094379403521,
        "601398.SS": 0.1739360137722483,
        "2914.T": 0.0776094197899131,
        "4519.T": 0.0178978141631124,
        "6857.T": 0.01,
        "8031.T": 0.01,
        "9434.T": 0.128081059408987,
        "0941.HK": 0.0644400396307419,
        "6288.HK": 0.0376742659692295
    }
}