{
    "portfolio_427": {
        "PEP": 0.0473513867518704,
        "TLK": 0.0525002784228674,
        "RMS.PA": 0.05,
        "8GC.F": 0.05,
        "0YXG.L": 0.05,
        "ULVR.L": 0.0522769452712208,
        "AD.AS": 0.0498179796082842,
        "KPN.AS": 0.1483538975145674,
        "601398.SS": 0.1464272139594749,
        "601728.SS": 0.05,
        "2914.T": 0.0483286237619947,
        "6857.T": 0.05,
        "9432.T": 0.0919733175923694,
        "9434.T": 0.0887443398594572,
        "6288.HK": 0.0242260172578934
    }
}