{
    "portfolio_394": {
        "PEP": 0.1222702399782082,
        "EC": 0.0458356650188776,
        "PKX": 0.01,
        "TGS": 0.01,
        "APPF": 0.045141377500997,
        "ECX": 0.0118602298917104,
        "LFU2.F": 0.01,
        "ULVR.L": 0.1084270399257508,
        "KPN.AS": 0.0967790215624098,
        "601288.SS": 0.1259371796901694,
        "601728.SS": 0.0596190256038531,
        "7974.T": 0.2293769549700662,
        "9432.T": 0.01,
        "9433.T": 0.1049229388827478
    }
}