{
    "portfolio_258": {
        "PEP": 0.0680753383366712,
        "TLK": 0.0811995954223481,
        "BPE5.F": 0.05,
        "ULVR.L": 0.0550979680220586,
        "AD.AS": 0.0775429409275969,
        "KPN.AS": 0.1319939604895526,
        "600519.SS": 0.0289554032251195,
        "600941.SS": 0.05,
        "601088.SS": 0.05,
        "601328.SS": 0.05,
        "601398.SS": 0.0779738433789766,
        "2914.T": 0.0612386708882126,
        "9433.T": 0.0654860823961826,
        "9434.T": 0.1024361969132809,
        "6288.HK": 0.05
    }
}