{
    "portfolio_250": {
        "PEP": 0.0666117542157743,
        "TLK": 0.0944503014528454,
        "IESC": 0.0151507243497645,
        "AI.PA": 0.05,
        "ULVR.L": 0.0473989773905482,
        "AD.AS": 0.0536921236464686,
        "KPN.AS": 0.1611501168367718,
        "600519.SS": 0.0353456045253016,
        "601398.SS": 0.1531553844385664,
        "8001.T": 0.05,
        "8031.T": 0.05,
        "9433.T": 0.0525018377918079,
        "9434.T": 0.0991327477805124,
        "0883.HK": 0.05,
        "6288.HK": 0.0214104275716386
    }
}