{
    "portfolio_290": {
        "LIN": 0.05,
        "PEP": 0.0440428122378586,
        "TLK": 0.0593295317043576,
        "BPE5.F": 0.05,
        "SKFA.F": 0.05,
        "HSBA.L": 0.05,
        "AD.AS": 0.0671979232252011,
        "KPN.AS": 0.1340551460172643,
        "600900.SS": 0.0535049564850672,
        "601398.SS": 0.1368909074495374,
        "2914.T": 0.0458242053392835,
        "9432.T": 0.0892822893086201,
        "9434.T": 0.0793770556035152,
        "0941.HK": 0.0404951726292948,
        "6288.HK": 0.05
    }
}