{
    "portfolio_869": {
        "PEP": 0.0662355157935966,
        "TLK": 0.0925134487258695,
        "MDB": 0.01,
        "BSD2.F": 0.01,
        "OL5.F": 0.01,
        "BHP.L": 0.01,
        "ULVR.L": 0.0619266007577609,
        "AD.AS": 0.077569237085046,
        "KPN.AS": 0.1566216649506512,
        "601398.SS": 0.1610463069612626,
        "2914.T": 0.0782673859430005,
        "8035.T": 0.01,
        "9434.T": 0.1549239438599976,
        "0941.HK": 0.0639690572664157,
        "6288.HK": 0.0369268386563992
    }
}