{
    "portfolio_94": {
        "CRESY": 0.05,
        "TLK": 0.0353672247862435,
        "IESC": 0.05,
        "0YXG.L": 0.05,
        "ULVR.L": 0.0797687335190239,
        "AD.AS": 0.0621827293010122,
        "KPN.AS": 0.145845737530636,
        "600900.SS": 0.0401967538128774,
        "601398.SS": 0.1475315802763101,
        "2914.T": 0.0691440559327077,
        "7974.T": 0.05,
        "9432.T": 0.0639629498006417,
        "9434.T": 0.0772585001699826,
        "0728.HK": 0.05,
        "6288.HK": 0.0287417348705648
    }
}