{
    "portfolio_453": {
        "CRESY": 0.01,
        "PEP": 0.0996886715924828,
        "EC": 0.0340268051709809,
        "APPF": 0.0425102149020956,
        "4AH1.F": 0.0102528272882544,
        "LFU2.F": 0.01,
        "OL5.F": 0.01,
        "PJXC.F": 0.01,
        "ULVR.L": 0.1263357178369664,
        "KPN.AS": 0.1152220397377727,
        "601288.SS": 0.1535981759806808,
        "601728.SS": 0.0531306373669303,
        "7974.T": 0.216842030474426,
        "8058.T": 0.01,
        "9433.T": 0.0983928796494102
    }
}