{
    "portfolio_329": {
        "PEP": 0.1266903948222011,
        "EC": 0.049043073031071,
        "APPF": 0.0466196644341865,
        "4AH1.F": 0.0105029389121403,
        "LFU2.F": 0.01,
        "OL5.F": 0.01,
        "ULVR.L": 0.1150608594768681,
        "KPN.AS": 0.0945935897611442,
        "601288.SS": 0.1353104495254771,
        "601728.SS": 0.0553062515113201,
        "7974.T": 0.2193132315534259,
        "8058.T": 0.01,
        "9433.T": 0.0975595469721657,
        "9434.T": 0.01,
        "1088.HK": 0.01
    }
}