{
    "portfolio_666": {
        "PEP": 0.0588845138415247,
        "TGS": 0.05,
        "ADMA": 0.05,
        "CS.PA": 0.05,
        "BSD2.F": 0.05,
        "TTE.L": 0.05,
        "ULVR.L": 0.0640417431601751,
        "AD.AS": 0.0471518667085955,
        "KPN.AS": 0.1187533859200469,
        "600900.SS": 0.0382421132915875,
        "601398.SS": 0.132120902196286,
        "601728.SS": 0.0228138449809465,
        "9432.T": 0.0793949566326926,
        "9434.T": 0.1419382271126656,
        "6288.HK": 0.0466584461554796
    }
}