{
    "portfolio_909": {
        "PEP": 0.0811358619665674,
        "TLK": 0.0767131635923138,
        "TTE.PA": 0.05,
        "SHEL.L": 0.05,
        "ULVR.L": 0.0480772153539498,
        "AD.AS": 0.0706125342586286,
        "KPN.AS": 0.1229488520425254,
        "601398.SS": 0.1343053356701667,
        "2914.T": 0.0532055632661562,
        "9432.T": 0.05,
        "9433.T": 0.0389805796020636,
        "9434.T": 0.0936413799684983,
        "0941.HK": 0.05,
        "1088.HK": 0.05,
        "6288.HK": 0.0303795142791298
    }
}