{
    "portfolio_206": {
        "TGS": 0.05,
        "TLK": 0.0526308614719906,
        "LNTH": 0.05,
        "SKFA.F": 0.05,
        "RICO.L": 0.0212971806470405,
        "ULVR.L": 0.0628319512298649,
        "AD.AS": 0.0710621924308508,
        "KPN.AS": 0.1596254129181368,
        "600028.SS": 0.05,
        "600519.SS": 0.0278020744089181,
        "601398.SS": 0.1172406819358346,
        "601728.SS": 0.05,
        "9433.T": 0.0790536219985286,
        "9434.T": 0.1350498775831312,
        "6288.HK": 0.0234061453757037
    }
}