{
    "portfolio_906": {
        "PEP": 0.0706592192036742,
        "TLK": 0.0959409402010068,
        "TTE.PA": 0.01,
        "SKFA.F": 0.01,
        "ULVR.L": 0.0444167291509129,
        "AD.AS": 0.0735775438491434,
        "KPN.AS": 0.1539769626717288,
        "600028.SS": 0.0133700378071731,
        "600519.SS": 0.0435979828080758,
        "601398.SS": 0.1705238943231448,
        "601728.SS": 0.0155230768868447,
        "2914.T": 0.067044987306763,
        "9433.T": 0.0667744062756768,
        "9434.T": 0.128186201691052,
        "6288.HK": 0.0364080178248039
    }
}