{
    "portfolio_81": {
        "LIN": 0.05,
        "TMUS": 0.05,
        "TLK": 0.0590475097638346,
        "VERX": 0.05,
        "CS.PA": 0.05,
        "ULVR.L": 0.0475598815838953,
        "AD.AS": 0.042580941270399,
        "KPN.AS": 0.1407362302450044,
        "600900.SS": 0.0553769361547812,
        "601398.SS": 0.1168668805289977,
        "2914.T": 0.0746597618384026,
        "9433.T": 0.0612106658003846,
        "9434.T": 0.1156397585622729,
        "1288.HK": 0.05,
        "6288.HK": 0.0363214342520276
    }
}