{
    "portfolio_992": {
        "TLK": 0.0533743736726283,
        "RYTM": 0.05,
        "AIR.PA": 0.05,
        "SKFA.F": 0.05,
        "0YXG.L": 0.05,
        "AD.AS": 0.0629390082782321,
        "KPN.AS": 0.1675852647621388,
        "600028.SS": 0.0327060905438904,
        "600900.SS": 0.0478390500539628,
        "601398.SS": 0.1249066491418129,
        "2914.T": 0.0654506908208787,
        "9432.T": 0.0753864857744319,
        "9434.T": 0.0965014864974744,
        "3988.HK": 0.05,
        "6288.HK": 0.0233109004545494
    }
}