{
    "portfolio_821": {
        "PEP": 0.056818366307634,
        "TLK": 0.0827646506330365,
        "0TDD.L": 0.05,
        "0YXG.L": 0.05,
        "ULVR.L": 0.046239593035417,
        "AD.AS": 0.0496302895422775,
        "KPN.AS": 0.1541040660514143,
        "600519.SS": 0.0319755809293847,
        "601398.SS": 0.1000044432906206,
        "601988.SS": 0.05,
        "8058.T": 0.05,
        "9432.T": 0.0843473107938846,
        "9434.T": 0.1182960169591216,
        "0857.HK": 0.05,
        "6288.HK": 0.0258196824572087
    }
}