{
    "portfolio_911": {
        "PEP": 0.0463082273179966,
        "TLK": 0.0634573598103485,
        "RYTM": 0.05,
        "TTE.PA": 0.05,
        "ULVR.L": 0.0478660165850142,
        "AD.AS": 0.0761087398588137,
        "KPN.AS": 0.1480654946129306,
        "601088.SS": 0.05,
        "601138.SS": 0.0163288738365207,
        "601398.SS": 0.1442307079831259,
        "2914.T": 0.0684854730074117,
        "9433.T": 0.0637711375558208,
        "9434.T": 0.0993635183397234,
        "0883.HK": 0.05,
        "6288.HK": 0.0260144510922934
    }
}