{
    "portfolio_758": {
        "TLK": 0.0526035425302882,
        "LNTH": 0.05,
        "VERX": 0.05,
        "SAN.PA": 0.0304411889917515,
        "RICO.L": 0.0402396775522088,
        "ULVR.L": 0.0593510437726133,
        "CCEP.AS": 0.05,
        "KPN.AS": 0.1874847484815676,
        "601398.SS": 0.0946899989517949,
        "601988.SS": 0.05,
        "2914.T": 0.0612785463239578,
        "9433.T": 0.0616322730940472,
        "9434.T": 0.1333374777039064,
        "0386.HK": 0.05,
        "6288.HK": 0.0289415025978638
    }
}