{
    "portfolio_477": {
        "PEP": 0.0915007776138966,
        "TLK": 0.0644239313442627,
        "LNTH": 0.01,
        "VERX": 0.01,
        "WK0.F": 0.01,
        "0YXG.L": 0.01,
        "SHEL.L": 0.0340495560256113,
        "AD.AS": 0.0637673891031067,
        "KPN.AS": 0.1929651871969016,
        "600519.SS": 0.0619663787855728,
        "601398.SS": 0.1597130476402199,
        "2914.T": 0.0819011910009348,
        "8001.T": 0.01,
        "9433.T": 0.0742817730978362,
        "9434.T": 0.1254307681916575
    }
}