{
    "portfolio_331": {
        "PEP": 0.0702433439682272,
        "TLK": 0.0938468551605184,
        "AI.PA": 0.05,
        "ULVR.L": 0.0511175156946972,
        "AD.AS": 0.0529653217411225,
        "KPN.AS": 0.1538781525903552,
        "600900.SS": 0.0552699735389215,
        "601288.SS": 0.0674958129918633,
        "601939.SS": 0.05,
        "2914.T": 0.06397319173567,
        "8001.T": 0.05,
        "9433.T": 0.05,
        "9434.T": 0.1032014804687658,
        "0941.HK": 0.0558069690952305,
        "6288.HK": 0.0322013830146285
    }
}