{
    "portfolio_390": {
        "PEP": 0.0735199828756449,
        "TLK": 0.0900371881494885,
        "AI.PA": 0.01,
        "BPE5.F": 0.01,
        "SKFA.F": 0.01,
        "AD.AS": 0.0713471570876959,
        "KPN.AS": 0.1664845027024901,
        "WKL.AS": 0.0227912866106352,
        "600519.SS": 0.0485061057485959,
        "601398.SS": 0.1837634624040319,
        "2914.T": 0.0617013391063546,
        "9432.T": 0.073041339175468,
        "9434.T": 0.1286338278967743,
        "0386.HK": 0.0131120561206464,
        "6288.HK": 0.037061752122174
    }
}