{
    "portfolio_508": {
        "PEP": 0.0646532453017338,
        "TLK": 0.0766985220883606,
        "ADMA": 0.01,
        "AXSM": 0.01,
        "RYTM": 0.01,
        "SHEL.L": 0.0331302923778795,
        "ULVR.L": 0.0538940793737597,
        "AD.AS": 0.0646837657770236,
        "KPN.AS": 0.1517605644172754,
        "601398.SS": 0.1726695164401572,
        "2914.T": 0.0693791310587061,
        "9432.T": 0.0710171427885064,
        "9434.T": 0.1178758468434961,
        "0941.HK": 0.0559166534147791,
        "6288.HK": 0.0383212401183225
    }
}