{
    "portfolio_186": {
        "TLK": 0.0888784906937396,
        "APPF": 0.0159223566595971,
        "PRCT": 0.01,
        "SHEL.L": 0.0327999284947099,
        "ULVR.L": 0.0616982112026055,
        "AD.AS": 0.0769779486310176,
        "KPN.AS": 0.1660736856127481,
        "600900.SS": 0.0586470294615849,
        "601398.SS": 0.1636578393602874,
        "601939.SS": 0.01,
        "2914.T": 0.0890083196735962,
        "4063.T": 0.01,
        "6857.T": 0.01,
        "9434.T": 0.1662497666763734,
        "6288.HK": 0.0400864235337402
    }
}