{
    "portfolio_517": {
        "CRESY": 0.05,
        "TLK": 0.0334688138835842,
        "LNTH": 0.05,
        "0YXG.L": 0.05,
        "ULVR.L": 0.0858808288338622,
        "AD.AS": 0.0560330941120045,
        "KPN.AS": 0.1465775483544812,
        "600900.SS": 0.0409682458153322,
        "601398.SS": 0.1413956745002986,
        "2914.T": 0.0506598762886338,
        "8058.T": 0.05,
        "9433.T": 0.0656853247824002,
        "9434.T": 0.1056006942893984,
        "0941.HK": 0.044090401161879,
        "6288.HK": 0.0296394979781255
    }
}