{
    "portfolio_581": {
        "PEP": 0.0601938774052427,
        "KT": 0.0728701287381597,
        "TLK": 0.0512948780131712,
        "LPS1.F": 0.01,
        "PJXC.F": 0.01,
        "WK0.F": 0.01,
        "KPN.AS": 0.2256330323226256,
        "UNA.AS": 0.0667438891469228,
        "600519.SS": 0.0576471237751538,
        "600941.SS": 0.01,
        "601288.SS": 0.1334061558810589,
        "8001.T": 0.01,
        "9432.T": 0.1298430802080116,
        "9434.T": 0.1245105956284282,
        "6288.HK": 0.0278521013565305
    }
}