{
    "portfolio_260": {
        "PEP": 0.0748627630728443,
        "TLK": 0.0948954189882272,
        "SHEL.L": 0.0271621769561885,
        "ULVR.L": 0.0500391706553731,
        "AD.AS": 0.0728302161319833,
        "KPN.AS": 0.1477131641376072,
        "600519.SS": 0.0388494100943908,
        "601088.SS": 0.05,
        "601398.SS": 0.0998189618508038,
        "601988.SS": 0.05,
        "2914.T": 0.0375509946813076,
        "8031.T": 0.05,
        "9433.T": 0.0698658160159686,
        "9434.T": 0.1047855451295927,
        "6288.HK": 0.0316263622857128
    }
}