{
    "portfolio_69": {
        "CRESY": 0.01,
        "PEP": 0.0819036150289275,
        "TLK": 0.0974748137692486,
        "2B5.F": 0.01,
        "ULVR.L": 0.054539380338093,
        "AD.AS": 0.0707447628042938,
        "KPN.AS": 0.1562591090098734,
        "600028.SS": 0.01,
        "601398.SS": 0.1693347270301342,
        "2914.T": 0.0843964327665809,
        "8031.T": 0.01,
        "9434.T": 0.1344203960056908,
        "9983.T": 0.01,
        "0941.HK": 0.0643495091463578,
        "6288.HK": 0.0365772541007999
    }
}