{
    "portfolio_290": {
        "PEP": 0.0883827229729282,
        "TMUS": 0.01,
        "TLK": 0.0704242721790472,
        "ADMA": 0.0119959220776438,
        "LPS1.F": 0.01,
        "SHEL.L": 0.0355861304561725,
        "KPN.AS": 0.1766563454907585,
        "UNA.AS": 0.061853042679905,
        "600519.SS": 0.0593148122156408,
        "601288.SS": 0.0361450400864696,
        "601398.SS": 0.1442698475548925,
        "9432.T": 0.1035092905149894,
        "9434.T": 0.1420596601961889,
        "0883.HK": 0.01,
        "6288.HK": 0.0398029135753636
    }
}