{
    "portfolio_990": {
        "PEP": 0.0344663154467199,
        "TLK": 0.0651157856452911,
        "ADMA": 0.05,
        "AI.PA": 0.05,
        "SAF.PA": 0.05,
        "TYT.L": 0.0235263060431943,
        "ULVR.L": 0.0475392611356077,
        "AD.AS": 0.0402605272430698,
        "KPN.AS": 0.1358240725031094,
        "601398.SS": 0.1580859622143762,
        "2914.T": 0.0596671431319008,
        "9432.T": 0.0612664751475346,
        "9434.T": 0.1296177932200109,
        "0941.HK": 0.0574665837745908,
        "6288.HK": 0.0371637744945941
    }
}