{
    "portfolio_273": {
        "PEP": 0.0624571688115652,
        "TMUS": 0.05,
        "TLK": 0.0830916393130335,
        "ULVR.L": 0.0458232821017204,
        "AD.AS": 0.0715593285481615,
        "KPN.AS": 0.146411142078953,
        "600519.SS": 0.034597523007451,
        "601288.SS": 0.05,
        "601398.SS": 0.0731238815285208,
        "601857.SS": 0.05,
        "2914.T": 0.04645676539492,
        "9432.T": 0.064304079856581,
        "9434.T": 0.1221751893590938,
        "9983.T": 0.05,
        "0728.HK": 0.05
    }
}