{
    "portfolio_71": {
        "PEP": 0.053399735289534,
        "CIB": 0.05,
        "TLK": 0.0721779974993118,
        "CS.PA": 0.05,
        "0K9E.L": 0.05,
        "ULVR.L": 0.0373155405736408,
        "AD.AS": 0.0547168730770039,
        "KPN.AS": 0.1292725871213657,
        "600900.SS": 0.037076635829193,
        "601398.SS": 0.1361356875781664,
        "2914.T": 0.0576923238834061,
        "4519.T": 0.05,
        "9434.T": 0.1417914382138027,
        "1088.HK": 0.05,
        "6288.HK": 0.0304211809345756
    }
}