{
    "portfolio_693": {
        "PEP": 0.0656271349038899,
        "TLK": 0.0429531293423111,
        "VERX": 0.05,
        "TTE.PA": 0.05,
        "8GC.F": 0.05,
        "BSD2.F": 0.05,
        "ULVR.L": 0.0579294532041267,
        "AD.AS": 0.0441162194292835,
        "KPN.AS": 0.1350263186087462,
        "600900.SS": 0.0593790767073591,
        "601398.SS": 0.1277800664472375,
        "8031.T": 0.05,
        "9433.T": 0.0887390428477318,
        "9434.T": 0.0944828407544482,
        "6288.HK": 0.0339667177548656
    }
}