{
    "portfolio_960": {
        "PEP": 0.0748582126919892,
        "BCH": 0.05,
        "TLK": 0.0734522308781767,
        "ULVR.L": 0.0552345997672554,
        "AD.AS": 0.0645023670576164,
        "KPN.AS": 0.1541445453768757,
        "600519.SS": 0.0340023842825796,
        "600941.SS": 0.05,
        "601398.SS": 0.0797417505174406,
        "601988.SS": 0.05,
        "4519.T": 0.05,
        "9432.T": 0.0673631435864053,
        "9434.T": 0.116164265417514,
        "0728.HK": 0.05,
        "6288.HK": 0.0305365004241473
    }
}