{
    "portfolio_884": {
        "PEP": 0.0681233416904279,
        "TLK": 0.0861248340109407,
        "RDNT": 0.01,
        "0YXG.L": 0.01,
        "BHP.L": 0.01,
        "ULVR.L": 0.0476526072863211,
        "AD.AS": 0.0646085849877493,
        "KPN.AS": 0.1677313937926495,
        "600519.SS": 0.0396155813433427,
        "601398.SS": 0.1626446270007676,
        "601857.SS": 0.0195410599789326,
        "2914.T": 0.0660708165674673,
        "9432.T": 0.072249329515759,
        "9434.T": 0.1334837621043854,
        "6288.HK": 0.0421540617212567
    }
}