{
    "portfolio_201": {
        "CRESY": 0.05,
        "TLK": 0.048051261081151,
        "LNTH": 0.05,
        "SAN.PA": 0.0294465293555215,
        "RICO.L": 0.0296572829631345,
        "ULVR.L": 0.0847569030707436,
        "AD.AS": 0.0621809868117619,
        "KPN.AS": 0.145022544139561,
        "600028.SS": 0.05,
        "601398.SS": 0.1248394307580949,
        "2914.T": 0.0595545938486765,
        "9433.T": 0.0689413232819297,
        "9434.T": 0.116985769181749,
        "0883.HK": 0.05,
        "6288.HK": 0.0305633755076762
    }
}