{
    "portfolio_478": {
        "PEP": 0.0598332485394633,
        "TLK": 0.084151785855948,
        "SAN.PA": 0.0265278728694126,
        "0YXG.L": 0.05,
        "ULVR.L": 0.0378932860406714,
        "AD.AS": 0.0661294466742175,
        "KPN.AS": 0.15042302190551,
        "600519.SS": 0.0209757542004941,
        "601398.SS": 0.1224068540186224,
        "2914.T": 0.0508322965730317,
        "9432.T": 0.0593242306933418,
        "9434.T": 0.121502202629287,
        "9983.T": 0.05,
        "0857.HK": 0.05,
        "1088.HK": 0.05
    }
}