{
    "portfolio_189": {
        "PEP": 0.0770436580047016,
        "EC": 0.05,
        "TLK": 0.050485372762987,
        "BPE5.F": 0.05,
        "ULVR.L": 0.0451241893610882,
        "AD.AS": 0.0596131530388093,
        "INGA.AS": 0.05,
        "KPN.AS": 0.1156884959022976,
        "600519.SS": 0.0376087490277083,
        "601398.SS": 0.1426347199920884,
        "601988.SS": 0.05,
        "8031.T": 0.05,
        "9432.T": 0.0815352734878604,
        "9434.T": 0.1103163241470578,
        "6288.HK": 0.0299500642754011
    }
}