{
    "portfolio_912": {
        "PEP": 0.0633299626896128,
        "BSAC": 0.05,
        "TLK": 0.0884808701570787,
        "SAN.PA": 0.0389862609175359,
        "ULVR.L": 0.060330142629705,
        "AD.AS": 0.0705016694216456,
        "KPN.AS": 0.1365176563650005,
        "600941.SS": 0.05,
        "601088.SS": 0.05,
        "601857.SS": 0.05,
        "2914.T": 0.0699929651334814,
        "9433.T": 0.0672875322863496,
        "9434.T": 0.1175301447337009,
        "0883.HK": 0.05,
        "6288.HK": 0.0370427956658897
    }
}