{
    "portfolio_420": {
        "PEP": 0.065830459729281,
        "TGS": 0.01,
        "TLK": 0.079587760886603,
        "PRCT": 0.01,
        "SAF.PA": 0.01,
        "ULVR.L": 0.0484808803158494,
        "AD.AS": 0.0667677133486487,
        "KPN.AS": 0.1688451412611514,
        "600028.SS": 0.0196522712549212,
        "600519.SS": 0.0416742669709585,
        "601398.SS": 0.1748372820468682,
        "2914.T": 0.0641652489484079,
        "9432.T": 0.0668070707842243,
        "9434.T": 0.1333980081044897,
        "6288.HK": 0.0399538963485966
    }
}