{
    "portfolio_616": {
        "PKX": 0.05,
        "PRCT": 0.05,
        "RYTM": 0.05,
        "SAN.PA": 0.0240615592073048,
        "RICO.L": 0.021492300777713,
        "ULVR.L": 0.0498868069280997,
        "AD.AS": 0.0613487893401218,
        "KPN.AS": 0.1917882988580068,
        "600900.SS": 0.0477740680415661,
        "601398.SS": 0.1714796606282932,
        "2914.T": 0.0487803980155166,
        "8001.T": 0.05,
        "9434.T": 0.1178467190498127,
        "0728.HK": 0.05,
        "6288.HK": 0.0155413991535652
    }
}