{
    "portfolio_991": {
        "PEP": 0.0848696387201134,
        "TLK": 0.0969756730247265,
        "ADMA": 0.01,
        "IESC": 0.01,
        "0DH.F": 0.01,
        "HSBA.L": 0.01,
        "AD.AS": 0.0748053701779662,
        "KPN.AS": 0.1556200756104812,
        "WKL.AS": 0.030223262848697,
        "600519.SS": 0.0551228990133138,
        "601398.SS": 0.1627217036119757,
        "2914.T": 0.0734131569595793,
        "9432.T": 0.1094235061742773,
        "0941.HK": 0.076813104660134,
        "6288.HK": 0.0400116091987358
    }
}