{
    "portfolio_318": {
        "PEP": 0.046405207361092,
        "TMUS": 0.05,
        "BCH": 0.05,
        "TLK": 0.0494147809022689,
        "BPE5.F": 0.05,
        "ULVR.L": 0.053516324262617,
        "AD.AS": 0.070620652188359,
        "KPN.AS": 0.1253169012745286,
        "600519.SS": 0.0344040112188112,
        "600900.SS": 0.0385642993364171,
        "601398.SS": 0.1620873704431345,
        "4519.T": 0.05,
        "9432.T": 0.070928070917436,
        "9434.T": 0.1149221583286466,
        "6288.HK": 0.0338202237666888
    }
}