{
    "portfolio_238": {
        "CRESY": 0.05,
        "PEP": 0.0524790682508916,
        "TLK": 0.0516827675124108,
        "SAF.PA": 0.05,
        "BHP.L": 0.05,
        "ULVR.L": 0.0757447266387462,
        "AD.AS": 0.0532091816231267,
        "KPN.AS": 0.1193590665705004,
        "600028.SS": 0.05,
        "601398.SS": 0.1292597841443514,
        "601899.SS": 0.05,
        "2914.T": 0.0770406693809828,
        "9433.T": 0.0841807766002797,
        "9434.T": 0.0798904810248492,
        "6288.HK": 0.0271534782538609
    }
}