{
    "portfolio_123": {
        "PEP": 0.0664632543204121,
        "TLK": 0.0628872525780069,
        "BPE.F": 0.05,
        "0K9E.L": 0.05,
        "BHP.L": 0.05,
        "SHEL.L": 0.05,
        "ULVR.L": 0.0564933809799884,
        "AD.AS": 0.0661237717215014,
        "KPN.AS": 0.0969656048588038,
        "601088.SS": 0.05,
        "601398.SS": 0.1433843887463186,
        "2914.T": 0.053328256201154,
        "9433.T": 0.0765133748407069,
        "9434.T": 0.096343507805361,
        "6288.HK": 0.0314972079477464
    }
}