{
    "portfolio_873": {
        "PEP": 0.0812206268735267,
        "TLK": 0.0781192404420284,
        "IESC": 0.0154842476826638,
        "HSBA.L": 0.05,
        "ULVR.L": 0.0404486886187938,
        "AD.AS": 0.0598252675815966,
        "KPN.AS": 0.1664785522585722,
        "600519.SS": 0.0365698903866694,
        "601288.SS": 0.05,
        "601398.SS": 0.1035200423715852,
        "8001.T": 0.05,
        "9432.T": 0.0745588904560282,
        "9434.T": 0.1144393828016506,
        "0386.HK": 0.05,
        "6288.HK": 0.029335170526885
    }
}