{
    "portfolio_598": {
        "GOOGL": 0.0486403185102361,
        "PEP": 0.1112849099309733,
        "EC": 0.0578284515328396,
        "APPF": 0.0463009341594258,
        "0DH.F": 0.01,
        "LFU2.F": 0.01,
        "LPS1.F": 0.01,
        "OL5.F": 0.01,
        "ULVR.L": 0.1157099410066948,
        "600519.SS": 0.0569499647831227,
        "601288.SS": 0.1551100649364365,
        "7974.T": 0.2357073992116178,
        "9433.T": 0.1142470733839609,
        "0728.HK": 0.01
    }
}