{
    "portfolio_707": {
        "BCH": 0.05,
        "BSAC": 0.05,
        "TLK": 0.05745947043269,
        "SAF.PA": 0.05,
        "ULVR.L": 0.0423920949344788,
        "AD.AS": 0.0485118191885195,
        "CCEP.AS": 0.05,
        "KPN.AS": 0.1388055242972629,
        "601398.SS": 0.1563046957062837,
        "2914.T": 0.0599078340012045,
        "6857.T": 0.05,
        "9432.T": 0.0806150262452829,
        "9434.T": 0.0961055026981799,
        "0941.HK": 0.0402742148040329,
        "6288.HK": 0.0296238176920647
    }
}