{
    "portfolio_149": {
        "PEP": 0.0489400302908002,
        "TLK": 0.0958493947434388,
        "IESC": 0.0172681074646404,
        "SKFA.F": 0.05,
        "0TDD.L": 0.05,
        "ULVR.L": 0.0319239622630447,
        "AD.AS": 0.0611958246472964,
        "KPN.AS": 0.1493701152211098,
        "600519.SS": 0.0369918838973527,
        "601288.SS": 0.05,
        "601398.SS": 0.1126224323260632,
        "2914.T": 0.05,
        "9433.T": 0.0853306383940485,
        "9434.T": 0.110507610752205,
        "0857.HK": 0.05
    }
}