{
    "portfolio_754": {
        "PEP": 0.0408067624623183,
        "TLK": 0.0534356528317192,
        "RYTM": 0.05,
        "AI.PA": 0.05,
        "TTE.L": 0.05,
        "ULVR.L": 0.0486182285295522,
        "AD.AS": 0.0566488353010489,
        "KPN.AS": 0.1522922855070973,
        "600900.SS": 0.0610395279204062,
        "601398.SS": 0.1562997141777792,
        "2914.T": 0.0539992636798864,
        "8058.T": 0.05,
        "9433.T": 0.051010435543389,
        "9434.T": 0.0758492940468031,
        "6288.HK": 0.05
    }
}