{
    "portfolio_892": {
        "PEP": 0.0759884008019247,
        "TLK": 0.0929312429709594,
        "PRCT": 0.01,
        "VERX": 0.01,
        "2B5.F": 0.01,
        "ULVR.L": 0.0527864914593663,
        "AD.AS": 0.0670937507798208,
        "KPN.AS": 0.1669060776227844,
        "601398.SS": 0.1604569108738354,
        "601988.SS": 0.01,
        "2914.T": 0.0906748871404412,
        "9434.T": 0.1388363048691324,
        "0386.HK": 0.01,
        "0941.HK": 0.0645222711218296,
        "6288.HK": 0.0398036623599056
    }
}