{
    "portfolio_897": {
        "AVGO": 0.05,
        "BCH": 0.05,
        "TLK": 0.0475613296379876,
        "ADMA": 0.05,
        "SAN.PA": 0.0284539568187197,
        "ULVR.L": 0.0618781133642223,
        "AD.AS": 0.0588450882761884,
        "KPN.AS": 0.1302857151447113,
        "601398.SS": 0.1459258711425022,
        "2914.T": 0.0609080437131723,
        "9432.T": 0.0469288892665485,
        "9433.T": 0.05,
        "9434.T": 0.1244830288830006,
        "0728.HK": 0.05,
        "6288.HK": 0.0447299637529468
    }
}