{
    "portfolio_694": {
        "PEP": 0.0772724036850344,
        "KT": 0.0503206611825853,
        "TGS": 0.01,
        "TLK": 0.0724294320041129,
        "LPS1.F": 0.01,
        "HSBA.L": 0.01,
        "ULVR.L": 0.0553859424808975,
        "KPN.AS": 0.1874688646870481,
        "600028.SS": 0.01,
        "600519.SS": 0.056349760480887,
        "601398.SS": 0.1643626933050939,
        "9432.T": 0.1026168624359435,
        "9434.T": 0.1413020625950478,
        "1288.HK": 0.01,
        "6288.HK": 0.0424913171433494
    }
}