{
    "portfolio_448": {
        "PEP": 0.0493276265557856,
        "TLK": 0.0637131123162981,
        "APPF": 0.05,
        "HSBA.L": 0.05,
        "RICO.L": 0.0240349056532348,
        "ULVR.L": 0.0491278335596026,
        "AD.AS": 0.0660285976217534,
        "KPN.AS": 0.1267572134622341,
        "SHELL.AS": 0.05,
        "601088.SS": 0.05,
        "601398.SS": 0.1446730832123622,
        "2914.T": 0.0682394591081142,
        "9433.T": 0.0521829702001661,
        "9434.T": 0.1059151983104485,
        "6288.HK": 0.05
    }
}