{
    "portfolio_278": {
        "PEP": 0.0656162954713675,
        "BCH": 0.05,
        "TLK": 0.075394494415389,
        "SAN.PA": 0.0260695480955235,
        "ULVR.L": 0.0526351929180587,
        "AD.AS": 0.058174553928894,
        "KPN.AS": 0.1428125007420541,
        "600519.SS": 0.0365298881300721,
        "600941.SS": 0.05,
        "601398.SS": 0.1424396938066298,
        "4063.T": 0.05,
        "8058.T": 0.05,
        "9432.T": 0.0687410683342613,
        "9434.T": 0.1036168427563596,
        "6288.HK": 0.0279699214013903
    }
}