{
    "portfolio_570": {
        "PEP": 0.073557114951309,
        "BSAC": 0.05,
        "TLK": 0.0673936677748215,
        "SAN.PA": 0.024666113597757,
        "BSD2.F": 0.05,
        "ULVR.L": 0.0399490749993951,
        "AD.AS": 0.0586994144811946,
        "KPN.AS": 0.1435205820577724,
        "600519.SS": 0.035325318486059,
        "601398.SS": 0.1111526069192884,
        "601857.SS": 0.05,
        "8001.T": 0.05,
        "9432.T": 0.0717715936769003,
        "9434.T": 0.1239645130555027,
        "6288.HK": 0.05
    }
}