{
    "portfolio_95": {
        "PEP": 0.0800399777695656,
        "KT": 0.0454626559050868,
        "TLK": 0.0771359966848871,
        "LPS1.F": 0.01,
        "SHEL.L": 0.0360213599584055,
        "KPN.AS": 0.1689767469299874,
        "UNA.AS": 0.0606027079007355,
        "600519.SS": 0.0599155019564569,
        "600941.SS": 0.01,
        "601398.SS": 0.1736970865516892,
        "6857.T": 0.01,
        "8001.T": 0.01,
        "9433.T": 0.0900385117221891,
        "9434.T": 0.1327674792066692,
        "6288.HK": 0.0353419754143277
    }
}