{
    "portfolio_949": {
        "PEP": 0.0774651822796597,
        "TLK": 0.0893992197937633,
        "0TDD.L": 0.05,
        "SHEL.L": 0.0241913008517281,
        "ULVR.L": 0.0370602786300558,
        "AD.AS": 0.0691110245435036,
        "KPN.AS": 0.1324553827985172,
        "600519.SS": 0.0241321068583721,
        "601088.SS": 0.05,
        "601398.SS": 0.1394345407625778,
        "2914.T": 0.0533073485909063,
        "9433.T": 0.0615989113816715,
        "9434.T": 0.0918447035092445,
        "9983.T": 0.05,
        "0728.HK": 0.05
    }
}