{
    "portfolio_592": {
        "PKX": 0.05,
        "TLK": 0.0763732052531124,
        "DG.PA": 0.05,
        "SAF.PA": 0.05,
        "TYT.L": 0.0243682862539375,
        "ULVR.L": 0.0337335173453029,
        "AD.AS": 0.0399000189182721,
        "KPN.AS": 0.1344552123147356,
        "WKL.AS": 0.05,
        "601398.SS": 0.1683979269310947,
        "2914.T": 0.0617519303937621,
        "9432.T": 0.0566085173578228,
        "9434.T": 0.12559929699651,
        "1088.HK": 0.05,
        "6288.HK": 0.0288120882354494
    }
}