{
    "portfolio_895": {
        "PEP": 0.0832978106289818,
        "BCH": 0.01,
        "TLK": 0.089033541610164,
        "0TDD.L": 0.01,
        "AD.AS": 0.0755147154668125,
        "KPN.AS": 0.1710422122514664,
        "600519.SS": 0.0419625514806405,
        "601288.SS": 0.01,
        "601398.SS": 0.1585482404494328,
        "2914.T": 0.0591715102009836,
        "4519.T": 0.0131511424707612,
        "9432.T": 0.0672740549954242,
        "9434.T": 0.1223201617697176,
        "0941.HK": 0.0532383370066979,
        "6288.HK": 0.0354457216689173
    }
}