{
    "portfolio_659": {
        "PEP": 0.046813653913462,
        "TLK": 0.0703991521127487,
        "RDNT": 0.05,
        "DG.PA": 0.05,
        "TTE.L": 0.05,
        "TYT.L": 0.05,
        "ULVR.L": 0.0510030614208116,
        "AD.AS": 0.0418744576223615,
        "KPN.AS": 0.1627156886305845,
        "600519.SS": 0.0248712360865321,
        "601398.SS": 0.1794665395365669,
        "9432.T": 0.0621311001643456,
        "9434.T": 0.0846116661465643,
        "9984.T": 0.05,
        "6288.HK": 0.0261134443660225
    }
}