{
    "portfolio_137": {
        "PEP": 0.0367219728136332,
        "BCH": 0.05,
        "TLK": 0.0456618120477521,
        "AXSM": 0.05,
        "BPE5.F": 0.05,
        "ULVR.L": 0.0657497073545723,
        "AD.AS": 0.0455547073797606,
        "INPST.AS": 0.05,
        "KPN.AS": 0.1215355305584693,
        "601288.SS": 0.05,
        "601398.SS": 0.1500207328808077,
        "2914.T": 0.059344906666336,
        "9432.T": 0.1077167539558959,
        "9434.T": 0.0799773696813852,
        "6288.HK": 0.0377165066613876
    }
}