{
    "portfolio_884": {
        "PEP": 0.0486673967115837,
        "BSAC": 0.05,
        "TLK": 0.0337889446692419,
        "AXSM": 0.05,
        "VERX": 0.05,
        "SAN.PA": 0.0339488925142578,
        "TTE.PA": 0.05,
        "RICO.L": 0.0318583739777437,
        "ULVR.L": 0.0702160107294566,
        "KPN.AS": 0.1436753032279028,
        "601398.SS": 0.1485173427135387,
        "601728.SS": 0.05,
        "9432.T": 0.1197388777734268,
        "9434.T": 0.0895363727156442,
        "6288.HK": 0.0300524849672035
    }
}