{
    "portfolio_501": {
        "PEP": 0.0494810023874211,
        "PKX": 0.05,
        "TLK": 0.0765642258251594,
        "SAN.PA": 0.0228492921973384,
        "ULVR.L": 0.0430983854211008,
        "AD.AS": 0.0409274562558721,
        "CCEP.AS": 0.05,
        "KPN.AS": 0.1487862632851365,
        "601138.SS": 0.05,
        "601398.SS": 0.1685009536283802,
        "7974.T": 0.05,
        "8031.T": 0.05,
        "9432.T": 0.0715437817984908,
        "9434.T": 0.1094346987341088,
        "6288.HK": 0.0188139404669918
    }
}