{
    "portfolio_184": {
        "PEP": 0.1365234275086128,
        "EC": 0.0620247914255907,
        "APPF": 0.0573301867428687,
        "ECX": 0.0146918723125246,
        "DG.PA": 0.01,
        "0DH.F": 0.01,
        "LFU2.F": 0.01,
        "ULVR.L": 0.1213833912775753,
        "601288.SS": 0.1248267046978169,
        "601728.SS": 0.0789134813406836,
        "601939.SS": 0.01,
        "7974.T": 0.2465934671164867,
        "8001.T": 0.01,
        "9433.T": 0.0995858667330525
    }
}