{
    "portfolio_714": {
        "PEP": 0.0639556598495799,
        "TLK": 0.0847402103056128,
        "DG.PA": 0.05,
        "TTE.PA": 0.05,
        "SKFA.F": 0.05,
        "AD.AS": 0.0692562419129864,
        "KPN.AS": 0.1250890658605321,
        "600900.SS": 0.0569411675579599,
        "601398.SS": 0.0633217029233379,
        "601988.SS": 0.05,
        "2914.T": 0.0473919597059754,
        "9433.T": 0.0876184583966738,
        "9434.T": 0.1019992192641051,
        "0941.HK": 0.0496863142232367,
        "1288.HK": 0.05
    }
}