{
    "portfolio_979": {
        "PEP": 0.073181814722261,
        "TLK": 0.0912963376224413,
        "SKFA.F": 0.05,
        "SHEL.L": 0.05,
        "ULVR.L": 0.0431053578153962,
        "AD.AS": 0.0723656622287439,
        "KPN.AS": 0.1363919626975109,
        "600028.SS": 0.05,
        "600519.SS": 0.0332843726151371,
        "600941.SS": 0.05,
        "601398.SS": 0.1059295812607834,
        "7974.T": 0.05,
        "9433.T": 0.0835542655699082,
        "9434.T": 0.0913593746745394,
        "6288.HK": 0.0195312707932783
    }
}