{
    "portfolio_719": {
        "PEP": 0.0679230068564143,
        "TLK": 0.0744264162194926,
        "0K9E.L": 0.05,
        "AZN.L": 0.05,
        "BHP.L": 0.05,
        "ULVR.L": 0.0466270823281597,
        "AD.AS": 0.0488673590812659,
        "KPN.AS": 0.1283681441968909,
        "601398.SS": 0.1332388387414366,
        "601899.SS": 0.05,
        "2914.T": 0.0462577217595897,
        "9432.T": 0.0834885356733398,
        "9434.T": 0.0917832937307274,
        "0883.HK": 0.05,
        "6288.HK": 0.0290196014126828
    }
}