{
    "portfolio_376": {
        "MSFT": 0.01,
        "PEP": 0.0761097841300832,
        "TLK": 0.0872293499176532,
        "SKFA.F": 0.01,
        "BHP.L": 0.01,
        "AD.AS": 0.0759502559229263,
        "KPN.AS": 0.1759372724191101,
        "600519.SS": 0.0442924993993255,
        "601328.SS": 0.01,
        "601398.SS": 0.1756502600789289,
        "601728.SS": 0.0143640198224532,
        "2914.T": 0.0594870789039307,
        "9432.T": 0.0777363426233086,
        "9434.T": 0.1336744369193972,
        "6288.HK": 0.0395686998628832
    }
}