{
    "portfolio_49": {
        "PEP": 0.071364699379448,
        "TLK": 0.0724065462546896,
        "SAF.PA": 0.05,
        "TTE.PA": 0.05,
        "0TDD.L": 0.05,
        "ULVR.L": 0.0333011575134663,
        "AD.AS": 0.0510509605885593,
        "KPN.AS": 0.1279340292481722,
        "601328.SS": 0.05,
        "601398.SS": 0.1308148791156983,
        "2914.T": 0.0491336817521794,
        "9432.T": 0.0758032075483765,
        "9434.T": 0.0853074848441272,
        "9983.T": 0.05,
        "0941.HK": 0.0528833537552829
    }
}