{
    "portfolio_160": {
        "PEP": 0.0826552463398119,
        "TLK": 0.1026984549687376,
        "2B5.F": 0.01,
        "SKFA.F": 0.01,
        "HSBA.L": 0.01,
        "ULVR.L": 0.0456640799065643,
        "AD.AS": 0.0703567775367589,
        "KPN.AS": 0.1571780236095476,
        "601398.SS": 0.16291938625705,
        "601857.SS": 0.01,
        "2914.T": 0.0849609661432627,
        "4568.T": 0.01,
        "9434.T": 0.1361539457585628,
        "0941.HK": 0.0669053522583042,
        "6288.HK": 0.0405077672213999
    }
}