{
    "portfolio_809": {
        "ASML": 0.05,
        "KT": 0.05,
        "PKX": 0.05,
        "TLK": 0.0399282432814026,
        "DG.PA": 0.05,
        "SAN.PA": 0.0222630060023943,
        "ULVR.L": 0.0417027379245344,
        "AD.AS": 0.0496831902455391,
        "KPN.AS": 0.1510074055774254,
        "601398.SS": 0.1681607764734402,
        "2914.T": 0.0471821079966652,
        "8035.T": 0.05,
        "9432.T": 0.0810786190653604,
        "9434.T": 0.1200176412105296,
        "6288.HK": 0.0289762722227088
    }
}