{
    "portfolio_720": {
        "PEP": 0.0673948895474222,
        "PKX": 0.01,
        "TLK": 0.0878490494521284,
        "LNTH": 0.01,
        "ULVR.L": 0.0449883757125853,
        "AD.AS": 0.0723948707366385,
        "KPN.AS": 0.1598314056814857,
        "600519.SS": 0.0369036668451258,
        "601398.SS": 0.1649300113466528,
        "2914.T": 0.0663929069174936,
        "4519.T": 0.0125410038357823,
        "9433.T": 0.0525882429777409,
        "9434.T": 0.1279682486295819,
        "0941.HK": 0.051855070177576,
        "6288.HK": 0.0343622581397866
    }
}