{
    "portfolio_10": {
        "PEP": 0.0428611358738346,
        "TLK": 0.0515985366021226,
        "PRCT": 0.05,
        "SAN.PA": 0.0265418129171427,
        "SHEL.L": 0.0258986307164107,
        "ULVR.L": 0.0617586424179624,
        "AD.AS": 0.0609209731590655,
        "KPN.AS": 0.1578616378202622,
        "601328.SS": 0.05,
        "601398.SS": 0.1249272308795515,
        "601728.SS": 0.05,
        "2914.T": 0.0566159646494937,
        "4063.T": 0.05,
        "9434.T": 0.1410154349641544,
        "0728.HK": 0.05
    }
}