{
    "portfolio_126": {
        "CRESY": 0.05,
        "PEP": 0.0527152505356203,
        "TLK": 0.0393829896290239,
        "AXSM": 0.05,
        "TTE.PA": 0.05,
        "ULVR.L": 0.0954550348201105,
        "AD.AS": 0.0551321264437611,
        "KPN.AS": 0.0932275324180756,
        "SHELL.AS": 0.05,
        "601398.SS": 0.173071433329506,
        "2914.T": 0.0503553887683148,
        "9432.T": 0.090562298411551,
        "9433.T": 0.0703772687073747,
        "0883.HK": 0.05,
        "6288.HK": 0.0297206769366619
    }
}