{
    "portfolio_925": {
        "PEP": 0.0681837530175696,
        "TLK": 0.0839951625268849,
        "PRCT": 0.01,
        "SAF.PA": 0.01,
        "ULVR.L": 0.0459317418545369,
        "AD.AS": 0.0675033327914254,
        "KPN.AS": 0.169969535838597,
        "600519.SS": 0.0425036783991583,
        "600941.SS": 0.01,
        "601398.SS": 0.1856881199159406,
        "2914.T": 0.0630356951345013,
        "9432.T": 0.0656375249820507,
        "9434.T": 0.1317113210596387,
        "9983.T": 0.01,
        "6288.HK": 0.0358401344796967
    }
}