{
    "portfolio_74": {
        "PEP": 0.0671578115865859,
        "TLK": 0.0943918893408641,
        "APPF": 0.0135739424076667,
        "OL5.F": 0.01,
        "TTE.L": 0.01,
        "ULVR.L": 0.0562063238905371,
        "AD.AS": 0.0785979759471033,
        "KPN.AS": 0.1545166145949981,
        "600519.SS": 0.0323468255077634,
        "601328.SS": 0.01,
        "601398.SS": 0.1507574120778474,
        "2914.T": 0.0750831374070733,
        "9434.T": 0.1553609614437897,
        "0941.HK": 0.0571859964503639,
        "6288.HK": 0.034821109345407
    }
}