{
    "portfolio_361": {
        "PEP": 0.0598120348769861,
        "TLK": 0.0945113160468428,
        "APPF": 0.0134332447467102,
        "0TDD.L": 0.01,
        "TTE.L": 0.01,
        "ULVR.L": 0.0545891081752941,
        "AD.AS": 0.0677264640228747,
        "ASM.AS": 0.01,
        "KPN.AS": 0.1621360341574452,
        "601398.SS": 0.1661336308261074,
        "2914.T": 0.0869255926675212,
        "9434.T": 0.1612199245334071,
        "0883.HK": 0.01,
        "0941.HK": 0.0560550407699253,
        "6288.HK": 0.037457609176886
    }
}