{
    "portfolio_543": {
        "PEP": 0.061466028545005,
        "TLK": 0.0864669511395434,
        "SKFA.F": 0.05,
        "SHEL.L": 0.034083012801278,
        "ULVR.L": 0.0477229281251354,
        "AD.AS": 0.0634508325273292,
        "KPN.AS": 0.1472586364562743,
        "600900.SS": 0.0698229168588229,
        "601398.SS": 0.0952657450855695,
        "601988.SS": 0.05,
        "2914.T": 0.05,
        "8058.T": 0.05,
        "9432.T": 0.075252772771935,
        "9434.T": 0.090302627164112,
        "6288.HK": 0.028907548524995
    }
}