{
    "portfolio_37": {
        "PEP": 0.0793378268541207,
        "BCH": 0.01,
        "TLK": 0.0862368821327959,
        "DG.PA": 0.01,
        "0YXG.L": 0.01,
        "AD.AS": 0.0746178436276544,
        "KPN.AS": 0.169758720471704,
        "600519.SS": 0.0414326851134511,
        "601398.SS": 0.1668333877077994,
        "2914.T": 0.0596889688955522,
        "9432.T": 0.0702452916042661,
        "9434.T": 0.1248764070183513,
        "9983.T": 0.01,
        "0941.HK": 0.053812499348828,
        "6288.HK": 0.033159487225477
    }
}