{
    "portfolio_586": {
        "PEP": 0.0499481612438574,
        "TLK": 0.064478001794291,
        "ADMA": 0.05,
        "0TDD.L": 0.05,
        "HSBA.L": 0.05,
        "ULVR.L": 0.038502721621,
        "AD.AS": 0.0523008285240948,
        "KPN.AS": 0.1325282052301389,
        "601088.SS": 0.05,
        "601398.SS": 0.1434893894071863,
        "2914.T": 0.0414201352536396,
        "4063.T": 0.05,
        "9432.T": 0.081412854863519,
        "9434.T": 0.1106200341153216,
        "6288.HK": 0.035299667946951
    }
}