{
    "portfolio_60": {
        "PEP": 0.0665279064088083,
        "TLK": 0.077314722661928,
        "AXSM": 0.01,
        "RYTM": 0.01,
        "SHEL.L": 0.0339736173688034,
        "ULVR.L": 0.0535656422802239,
        "AD.AS": 0.0630224403915625,
        "KPN.AS": 0.1544530509879131,
        "600900.SS": 0.0531202435068957,
        "601398.SS": 0.1637036914774554,
        "2914.T": 0.0760194737206002,
        "9432.T": 0.0699733716096894,
        "9434.T": 0.116636506832517,
        "1088.HK": 0.01,
        "6288.HK": 0.041689332753603
    }
}