{
    "portfolio_409": {
        "PEP": 0.0746699764199375,
        "BCH": 0.01,
        "BSAC": 0.01,
        "TLK": 0.093688514174052,
        "SMMT": 0.01,
        "ULVR.L": 0.0533154778756583,
        "AD.AS": 0.0581333916414903,
        "KPN.AS": 0.1621383056580288,
        "600900.SS": 0.0639802548577282,
        "601288.SS": 0.1105314916820201,
        "2914.T": 0.0908248152213358,
        "8058.T": 0.01,
        "9434.T": 0.1480865564966468,
        "0941.HK": 0.0659883578595179,
        "6288.HK": 0.0386428581135843
    }
}