{
    "portfolio_152": {
        "PEP": 0.0637569410945967,
        "TLK": 0.0891990352509241,
        "AI.PA": 0.05,
        "DG.PA": 0.05,
        "ULVR.L": 0.0348338067050123,
        "AD.AS": 0.0468933123301795,
        "KPN.AS": 0.1372859715490274,
        "600519.SS": 0.0282997208717261,
        "601398.SS": 0.1580653132367371,
        "2914.T": 0.0462533072789529,
        "4063.T": 0.05,
        "9433.T": 0.0608588483747086,
        "9434.T": 0.1109016967138017,
        "0883.HK": 0.05,
        "6288.HK": 0.0236520465943335
    }
}