{
    "portfolio_509": {
        "PEP": 0.0779348696250793,
        "TLK": 0.0907197858555548,
        "ULVR.L": 0.0531203758017351,
        "AD.AS": 0.0741612531781989,
        "KPN.AS": 0.1319398408163904,
        "SHELL.AS": 0.05,
        "600519.SS": 0.0305767577120504,
        "601088.SS": 0.05,
        "601288.SS": 0.05,
        "601398.SS": 0.0764785793069938,
        "8058.T": 0.05,
        "9433.T": 0.077774887870909,
        "9434.T": 0.1116888246541454,
        "1088.HK": 0.05,
        "6288.HK": 0.0256048251789426
    }
}