{
    "portfolio_94": {
        "PEP": 0.1150726785270046,
        "TMUS": 0.0116842247819027,
        "BCH": 0.01,
        "EC": 0.0493198170795282,
        "APPF": 0.0447524674850993,
        "4AH1.F": 0.010635289096921,
        "LFU2.F": 0.01,
        "ULVR.L": 0.1106121209480122,
        "ASM.AS": 0.01,
        "KPN.AS": 0.0962744948576377,
        "601288.SS": 0.1300600315179289,
        "601728.SS": 0.0583577024322237,
        "7974.T": 0.2234211369294296,
        "8031.T": 0.01,
        "9433.T": 0.1098100363443119
    }
}