{
    "portfolio_142": {
        "PEP": 0.0818221564369053,
        "BCH": 0.05,
        "TLK": 0.0650209168749455,
        "HSBA.L": 0.05,
        "ULVR.L": 0.0380929430406023,
        "AD.AS": 0.0585952479624894,
        "KPN.AS": 0.1534550236462482,
        "600028.SS": 0.05,
        "600519.SS": 0.0350157415686507,
        "601398.SS": 0.1216158020457715,
        "6857.T": 0.05,
        "8001.T": 0.05,
        "9432.T": 0.086431681752726,
        "9434.T": 0.0845764249376562,
        "6288.HK": 0.025374061734005
    }
}