{
    "portfolio_256": {
        "PEP": 0.074020073048897,
        "TLK": 0.0584968391943661,
        "ADMA": 0.0093474707350797,
        "CS.PA": 0.05,
        "8GC.F": 0.05,
        "ULVR.L": 0.0556805675067556,
        "AD.AS": 0.05377748489966,
        "KPN.AS": 0.1422001991698551,
        "600900.SS": 0.0455085415511793,
        "601398.SS": 0.1418943949313072,
        "6857.T": 0.05,
        "8031.T": 0.05,
        "9432.T": 0.0864075686329876,
        "9434.T": 0.0826668603299124,
        "6288.HK": 0.05
    }
}