{
    "portfolio_148": {
        "TLK": 0.0478536424250181,
        "ADMA": 0.05,
        "RYTM": 0.05,
        "SKFA.F": 0.05,
        "SHEL.L": 0.0241020489853519,
        "ULVR.L": 0.0482957848713484,
        "AD.AS": 0.0693377259827984,
        "KPN.AS": 0.1595714440727291,
        "600941.SS": 0.05,
        "601398.SS": 0.1312492339295448,
        "2914.T": 0.0452918755990379,
        "9432.T": 0.0677484906972552,
        "9434.T": 0.1331015805316556,
        "0857.HK": 0.05,
        "6288.HK": 0.0234481729052601
    }
}