{
    "portfolio_959": {
        "PEP": 0.0666525331306824,
        "TLK": 0.0887769779507833,
        "ADMA": 0.01,
        "BSD2.F": 0.01,
        "ULVR.L": 0.0542994359605461,
        "AD.AS": 0.0719646867268285,
        "KPN.AS": 0.1456503648895549,
        "SHELL.AS": 0.0259718426469933,
        "601328.SS": 0.01,
        "601398.SS": 0.1548296363224634,
        "2914.T": 0.08465548596134,
        "9434.T": 0.1672993267171445,
        "0941.HK": 0.0603941016206462,
        "3988.HK": 0.01,
        "6288.HK": 0.0395056080730174
    }
}