{
    "portfolio_204": {
        "PEP": 0.0767866662436954,
        "KT": 0.0489656107049055,
        "TLK": 0.0766435073033698,
        "DG.PA": 0.01,
        "LPS1.F": 0.01,
        "0TDD.L": 0.01,
        "HSBA.L": 0.01,
        "ULVR.L": 0.0495407398468104,
        "KPN.AS": 0.1849335679526858,
        "600519.SS": 0.0581331941802772,
        "601398.SS": 0.1777971716506666,
        "8001.T": 0.01,
        "9432.T": 0.0993411424854672,
        "9434.T": 0.1371857293238927,
        "6288.HK": 0.0406726703082295
    }
}