{
    "portfolio_173": {
        "TLK": 0.056723399506764,
        "RYTM": 0.05,
        "DG.PA": 0.05,
        "QF9.F": 0.0060837608540862,
        "0A4J.L": 0.05,
        "ULVR.L": 0.0406885275559439,
        "AD.AS": 0.0529228972687992,
        "KPN.AS": 0.1590561851884412,
        "600900.SS": 0.0465747509086746,
        "601138.SS": 0.05,
        "601398.SS": 0.1441250354711139,
        "2914.T": 0.0655416974552087,
        "9432.T": 0.0630172720320338,
        "9434.T": 0.1152664737589348,
        "0386.HK": 0.05
    }
}