{
    "portfolio_462": {
        "COST": 0.05,
        "TLK": 0.0539404141301913,
        "OLLI": 0.05,
        "SAN.PA": 0.0336107341398472,
        "8GC.F": 0.05,
        "ULVR.L": 0.0489136562961865,
        "AD.AS": 0.059538486321695,
        "KPN.AS": 0.1529625227361494,
        "601398.SS": 0.1477822861113034,
        "2914.T": 0.0447806975485343,
        "9432.T": 0.0764950055622321,
        "9434.T": 0.1066307163923793,
        "9983.T": 0.05,
        "3988.HK": 0.05,
        "6288.HK": 0.0253454807614812
    }
}