{
    "portfolio_728": {
        "PEP": 0.0755241228665838,
        "TLK": 0.0925527946145722,
        "DG.PA": 0.01,
        "AD.AS": 0.0717090082357483,
        "KPN.AS": 0.1633783588363853,
        "REN.AS": 0.01,
        "WKL.AS": 0.0193053952883156,
        "600519.SS": 0.0421414497508088,
        "601398.SS": 0.1637755908511033,
        "2914.T": 0.0659896675935986,
        "9432.T": 0.065099684250389,
        "9434.T": 0.1234313711729273,
        "0941.HK": 0.0523461393697669,
        "1088.HK": 0.01,
        "6288.HK": 0.0347464171698009
    }
}