{
    "portfolio_612": {
        "PEP": 0.0368494627570829,
        "TLK": 0.0601726197760695,
        "RYTM": 0.05,
        "SAF.PA": 0.05,
        "0TDD.L": 0.05,
        "ULVR.L": 0.0349417784484258,
        "AD.AS": 0.0479778493650006,
        "KPN.AS": 0.1625080364985712,
        "600028.SS": 0.05,
        "601398.SS": 0.1400161915710459,
        "2914.T": 0.076652888003366,
        "9432.T": 0.0598679142006964,
        "9434.T": 0.1058831535409991,
        "0857.HK": 0.05,
        "6288.HK": 0.0251301058387423
    }
}