{
    "portfolio_176": {
        "AVGO": 0.01,
        "PEP": 0.0717983808345161,
        "TLK": 0.0877458462858689,
        "VERX": 0.01,
        "AI.PA": 0.01,
        "SKFA.F": 0.01,
        "AD.AS": 0.069824970338772,
        "KPN.AS": 0.1813083146312993,
        "600519.SS": 0.0482140665989806,
        "601398.SS": 0.164747011878915,
        "601857.SS": 0.0210022617490327,
        "2914.T": 0.0633843059691821,
        "9432.T": 0.0748830679332758,
        "9434.T": 0.1375842700944848,
        "6288.HK": 0.0395075036856728
    }
}