{
    "portfolio_422": {
        "PEP": 0.0682203388149226,
        "TLK": 0.0889827261072539,
        "IESC": 0.0161323109622891,
        "SAN.PA": 0.0257177251774022,
        "ULVR.L": 0.0494034348031409,
        "AD.AS": 0.0661207956778096,
        "KPN.AS": 0.154006799889495,
        "601398.SS": 0.1478701997980045,
        "8031.T": 0.05,
        "8058.T": 0.05,
        "9432.T": 0.0542862330937393,
        "9434.T": 0.0792594356759424,
        "9983.T": 0.05,
        "0857.HK": 0.05,
        "6288.HK": 0.05
    }
}