{
    "portfolio_136": {
        "CRESY": 0.05,
        "LIN": 0.05,
        "TLK": 0.0391775757715684,
        "RYTM": 0.05,
        "QF9.F": 0.0055374789646436,
        "ULVR.L": 0.0656887663483794,
        "AD.AS": 0.0669197485519604,
        "KPN.AS": 0.157464515870918,
        "601138.SS": 0.0200581762717761,
        "601398.SS": 0.1833333192198722,
        "2914.T": 0.049802140555648,
        "8031.T": 0.05,
        "9433.T": 0.0593040999068371,
        "9434.T": 0.1027141785383969,
        "1088.HK": 0.05
    }
}