{
    "portfolio_846": {
        "AVGO": 0.05,
        "BCH": 0.05,
        "TLK": 0.0673034552133703,
        "0K9E.L": 0.05,
        "ULVR.L": 0.0620725804430114,
        "AD.AS": 0.0546730094775093,
        "KPN.AS": 0.1544410047626824,
        "600900.SS": 0.0531261476576402,
        "601398.SS": 0.0945900107493593,
        "601939.SS": 0.05,
        "2914.T": 0.0463933394235268,
        "8001.T": 0.05,
        "9432.T": 0.0562944874710283,
        "9434.T": 0.1205219042234455,
        "6288.HK": 0.0405840605784264
    }
}