{
    "portfolio_556": {
        "PEP": 0.0841722441959623,
        "TLK": 0.0846190638645945,
        "TTE.PA": 0.01,
        "SHEL.L": 0.0247240163319721,
        "ULVR.L": 0.0459666479940926,
        "AD.AS": 0.06715711606195,
        "KPN.AS": 0.1619243556223209,
        "600028.SS": 0.01,
        "600519.SS": 0.0472957945643559,
        "601088.SS": 0.01,
        "601398.SS": 0.1742323051713251,
        "8001.T": 0.01,
        "9432.T": 0.08715871146859,
        "9434.T": 0.1440800957377579,
        "6288.HK": 0.0386696489870787
    }
}