{
    "portfolio_296": {
        "PEP": 0.075279597547596,
        "TLK": 0.068148936049175,
        "AI.PA": 0.05,
        "CS.PA": 0.05,
        "DG.PA": 0.05,
        "AD.AS": 0.0408372237659886,
        "KPN.AS": 0.1350662545365694,
        "600519.SS": 0.0335756185382428,
        "601398.SS": 0.1555853349018682,
        "601728.SS": 0.05,
        "2914.T": 0.0391870223811892,
        "6857.T": 0.05,
        "9432.T": 0.0723087243898767,
        "9434.T": 0.1086574170063396,
        "6288.HK": 0.0213538708831548
    }
}