{
    "portfolio_319": {
        "CRESY": 0.05,
        "TGS": 0.05,
        "TLK": 0.0350731892139559,
        "AXSM": 0.05,
        "SAN.PA": 0.0318507745983958,
        "ULVR.L": 0.0927387513141092,
        "AD.AS": 0.0637139953568001,
        "KPN.AS": 0.1095307414162647,
        "601088.SS": 0.05,
        "601398.SS": 0.144961650175851,
        "2914.T": 0.0468536584844238,
        "9432.T": 0.1034676888505658,
        "9434.T": 0.0893129111911657,
        "0728.HK": 0.05,
        "6288.HK": 0.0324966393984678
    }
}