{
    "portfolio_937": {
        "TLK": 0.0395830782233751,
        "ADMA": 0.05,
        "IESC": 0.05,
        "SAF.PA": 0.05,
        "ULVR.L": 0.0591931593897127,
        "AD.AS": 0.051152369224252,
        "KPN.AS": 0.1357043479099202,
        "SHELL.AS": 0.05,
        "601288.SS": 0.05,
        "601398.SS": 0.1229899583486632,
        "2914.T": 0.0685346318187412,
        "9432.T": 0.0642738159283056,
        "9434.T": 0.118821184574813,
        "0941.HK": 0.0537104072781922,
        "6288.HK": 0.0360370473040247
    }
}