{
    "portfolio_627": {
        "PEP": 0.0743501994129954,
        "TLK": 0.0630340008672375,
        "BPE5.F": 0.05,
        "0TDD.L": 0.05,
        "ULVR.L": 0.0538134762553503,
        "AD.AS": 0.0585458240253118,
        "KPN.AS": 0.1135754223614992,
        "SHELL.AS": 0.05,
        "600519.SS": 0.0299610871005768,
        "600941.SS": 0.05,
        "601398.SS": 0.156253662802249,
        "2914.T": 0.0496235850589821,
        "9432.T": 0.0716054596245525,
        "9434.T": 0.1016755320954827,
        "6288.HK": 0.0275617503957623
    }
}