{
    "portfolio_784": {
        "PEP": 0.0545367343450329,
        "TLK": 0.0599016504883625,
        "AXSM": 0.05,
        "ULVR.L": 0.0792803525758606,
        "AD.AS": 0.0378240953167785,
        "ASM.AS": 0.05,
        "KPN.AS": 0.1382470798362879,
        "SHELL.AS": 0.05,
        "601398.SS": 0.106803652837619,
        "601939.SS": 0.05,
        "2914.T": 0.0554269353415952,
        "9432.T": 0.108039560290354,
        "9434.T": 0.0822948276338202,
        "1288.HK": 0.05,
        "6288.HK": 0.0276451113342891
    }
}