{
    "portfolio_706": {
        "PEP": 0.0672111693962552,
        "TGS": 0.05,
        "TLK": 0.0608769977338731,
        "CS.PA": 0.05,
        "ULVR.L": 0.0540659005133786,
        "AD.AS": 0.0652207712575746,
        "KPN.AS": 0.141511081529709,
        "600519.SS": 0.025140461477013,
        "601398.SS": 0.1283086180367092,
        "2914.T": 0.0394880824271488,
        "9432.T": 0.0657299325598791,
        "9434.T": 0.1203029204432685,
        "0386.HK": 0.05,
        "0941.HK": 0.05,
        "6288.HK": 0.0321440646251909
    }
}