{
    "portfolio_650": {
        "CRESY": 0.01,
        "PEP": 0.0885755093378182,
        "TLK": 0.0730483972741619,
        "WK0.F": 0.01,
        "0TDD.L": 0.01,
        "TYT.L": 0.0498806626297662,
        "ULVR.L": 0.0525604336423025,
        "AD.AS": 0.0555595049568268,
        "KPN.AS": 0.1911472699510062,
        "600519.SS": 0.057268254566221,
        "601398.SS": 0.1583531516864077,
        "7974.T": 0.0104687624215658,
        "9432.T": 0.0916651633810133,
        "9434.T": 0.1301995344352331,
        "0883.HK": 0.0112733557176771
    }
}