{
    "portfolio_541": {
        "AVGO": 0.05,
        "CRESY": 0.05,
        "TGS": 0.05,
        "AXSM": 0.05,
        "SAN.PA": 0.0242294831476156,
        "ULVR.L": 0.0852499053698695,
        "AD.AS": 0.0569086032567074,
        "KPN.AS": 0.1243475069827641,
        "600900.SS": 0.0407755465356733,
        "601398.SS": 0.1610340692987664,
        "2914.T": 0.0383443876412574,
        "6857.T": 0.05,
        "9432.T": 0.120905641566477,
        "9434.T": 0.0694641193285046,
        "6288.HK": 0.028740736872365
    }
}