{
    "portfolio_693": {
        "PEP": 0.0931520532399026,
        "BCH": 0.01,
        "TLK": 0.0691218230025886,
        "RYTM": 0.01,
        "LPS1.F": 0.01,
        "SHEL.L": 0.0330977009511443,
        "ULVR.L": 0.056403052189853,
        "KPN.AS": 0.1889967882090176,
        "600519.SS": 0.0587224737822843,
        "600941.SS": 0.01,
        "601398.SS": 0.1765317389953642,
        "9432.T": 0.1020178641166272,
        "9434.T": 0.1348255202291411,
        "0386.HK": 0.01,
        "6288.HK": 0.0371309852840768
    }
}