{
    "portfolio_278": {
        "PEP": 0.0789046761061619,
        "KT": 0.0473375097553906,
        "TLK": 0.0758514942814675,
        "LPS1.F": 0.01,
        "HSBA.L": 0.01,
        "SHEL.L": 0.0346874376696794,
        "KPN.AS": 0.1662833053340633,
        "UNA.AS": 0.0593706498805124,
        "600519.SS": 0.060764300733992,
        "601398.SS": 0.1631158756653116,
        "601939.SS": 0.01,
        "601988.SS": 0.01,
        "9433.T": 0.0946684843469118,
        "9434.T": 0.1403959047991711,
        "6288.HK": 0.038620361427338
    }
}