{
    "portfolio_567": {
        "PEP": 0.0791886178020014,
        "TLK": 0.08951786405838,
        "SHEL.L": 0.05,
        "ULVR.L": 0.0590423621839634,
        "AD.AS": 0.0751903225047736,
        "KPN.AS": 0.1334331139026518,
        "601088.SS": 0.05,
        "601328.SS": 0.05,
        "601398.SS": 0.0747383775901452,
        "2914.T": 0.0582456001020914,
        "7974.T": 0.05,
        "9433.T": 0.0590559417556971,
        "9434.T": 0.0932381917303761,
        "0386.HK": 0.05,
        "6288.HK": 0.0283496083699196
    }
}