{
    "portfolio_33": {
        "PEP": 0.0696677144146172,
        "TLK": 0.1007309593367084,
        "ULVR.L": 0.044512741599802,
        "AD.AS": 0.0649518198212902,
        "KPN.AS": 0.1394430760592128,
        "REN.AS": 0.05,
        "600519.SS": 0.0379846966703747,
        "601088.SS": 0.05,
        "601398.SS": 0.0842887849848262,
        "601857.SS": 0.05,
        "8058.T": 0.05,
        "9433.T": 0.075666496102503,
        "9434.T": 0.1075151515664006,
        "0728.HK": 0.05,
        "6288.HK": 0.025238559444265
    }
}