{
    "portfolio_677": {
        "PEP": 0.0540204834145315,
        "CIB": 0.05,
        "HMC": 0.05,
        "TLK": 0.0670451997041378,
        "ULVR.L": 0.0528097614828859,
        "AD.AS": 0.0617857697427751,
        "KPN.AS": 0.1451982799064867,
        "600900.SS": 0.0562468840424432,
        "601398.SS": 0.1102555163574621,
        "601939.SS": 0.05,
        "2914.T": 0.0574820467288933,
        "4519.T": 0.05,
        "9433.T": 0.05,
        "9434.T": 0.1087967377557334,
        "6288.HK": 0.0363593208646512
    }
}