{
    "portfolio_341": {
        "PEP": 0.0606635211981719,
        "TLK": 0.0784272119548477,
        "SAF.PA": 0.05,
        "SKFA.F": 0.05,
        "HSBA.L": 0.05,
        "AD.AS": 0.0589203617081626,
        "KPN.AS": 0.1469268549781081,
        "600900.SS": 0.0477700772735202,
        "601398.SS": 0.0886873832190715,
        "601988.SS": 0.05,
        "2914.T": 0.059434576280275,
        "9432.T": 0.0839409075426414,
        "9434.T": 0.0921808912975487,
        "0941.HK": 0.0526562798263276,
        "6288.HK": 0.030391934721325
    }
}