{
    "portfolio_910": {
        "PEP": 0.0784229601181656,
        "TLK": 0.0860920153567066,
        "SHEL.L": 0.0329045977016619,
        "ULVR.L": 0.0531487303241464,
        "AD.AS": 0.0725000213132683,
        "KPN.AS": 0.1360967348648544,
        "600900.SS": 0.0564426691813974,
        "601398.SS": 0.0777245177376135,
        "601988.SS": 0.05,
        "2914.T": 0.0695046012047726,
        "7974.T": 0.05,
        "9433.T": 0.0593462378701538,
        "9434.T": 0.0919773716515133,
        "3988.HK": 0.05,
        "6288.HK": 0.035839542675746
    }
}