{
    "portfolio_966": {
        "PEP": 0.082161996812753,
        "TLK": 0.0898766549265226,
        "TTE.PA": 0.01,
        "AD.AS": 0.0742976700867811,
        "CCEP.AS": 0.0131548767707103,
        "KPN.AS": 0.1691011590547675,
        "600519.SS": 0.0414150503914754,
        "601398.SS": 0.16185347914904,
        "2914.T": 0.0575340305190339,
        "8001.T": 0.01,
        "9432.T": 0.0676728374875195,
        "9434.T": 0.125011548944965,
        "0941.HK": 0.0522495598873115,
        "3988.HK": 0.01,
        "6288.HK": 0.0356711359691204
    }
}