{
    "portfolio_574": {
        "AVGO": 0.0132781891820553,
        "PEP": 0.0648009970339712,
        "TLK": 0.0907069728585894,
        "SHEL.L": 0.031876943406843,
        "ULVR.L": 0.0540547059771616,
        "AD.AS": 0.0696949081126696,
        "KPN.AS": 0.1538895933324204,
        "600028.SS": 0.01,
        "601398.SS": 0.1621508225554765,
        "2914.T": 0.0833345238327892,
        "8001.T": 0.01,
        "9434.T": 0.1597512306655603,
        "0728.HK": 0.01,
        "0941.HK": 0.0484770279032098,
        "6288.HK": 0.0379840851392535
    }
}