{
    "portfolio_738": {
        "MSFT": 0.05,
        "TGS": 0.05,
        "RYTM": 0.05,
        "QF9.F": 0.005094872657766,
        "ULVR.L": 0.0570395733025384,
        "AD.AS": 0.0783541644513207,
        "KPN.AS": 0.1809746222803664,
        "600900.SS": 0.0535192333144562,
        "601398.SS": 0.1459226614839891,
        "2914.T": 0.0476729387892682,
        "4519.T": 0.05,
        "9432.T": 0.054668151425844,
        "9434.T": 0.0992349507091709,
        "0386.HK": 0.05,
        "6288.HK": 0.0275188315852798
    }
}