{
    "portfolio_117": {
        "PEP": 0.070431022681986,
        "TLK": 0.0998580454132778,
        "OL5.F": 0.01,
        "0TDD.L": 0.01,
        "ULVR.L": 0.0558891577188812,
        "AD.AS": 0.0759435177381721,
        "KPN.AS": 0.155380940089804,
        "600519.SS": 0.036835440106353,
        "601328.SS": 0.01,
        "601398.SS": 0.1607337873857632,
        "2914.T": 0.0754802180659679,
        "9434.T": 0.1703243468123184,
        "0728.HK": 0.01,
        "0857.HK": 0.0230710858991015,
        "6288.HK": 0.0360524380883749
    }
}