{
    "portfolio_401": {
        "TLK": 0.0730900920053761,
        "RYTM": 0.05,
        "0TDD.L": 0.05,
        "SHEL.L": 0.0270066873915745,
        "ULVR.L": 0.0495714441878136,
        "AD.AS": 0.0686939770173516,
        "KPN.AS": 0.1600428691358699,
        "600028.SS": 0.05,
        "600941.SS": 0.05,
        "601398.SS": 0.1016813241887168,
        "601988.SS": 0.05,
        "2914.T": 0.078211850716283,
        "9433.T": 0.0569866068375939,
        "9434.T": 0.1073587442109303,
        "6288.HK": 0.02735640430849
    }
}