{
    "portfolio_938": {
        "PEP": 0.0497934715531069,
        "EC": 0.05,
        "TLK": 0.0442836614750546,
        "FRPT": 0.05,
        "ULVR.L": 0.0569521934758088,
        "AD.AS": 0.0616867595961477,
        "KPN.AS": 0.1495293884049705,
        "600900.SS": 0.05,
        "601398.SS": 0.107965466721432,
        "601939.SS": 0.05,
        "2914.T": 0.0665788900521116,
        "9432.T": 0.0629666390584108,
        "9434.T": 0.1231215247393107,
        "0941.HK": 0.0408635309888732,
        "6288.HK": 0.0362584739347732
    }
}