{
    "portfolio_385": {
        "PEP": 0.0676363507464718,
        "TLK": 0.0870346504338046,
        "IESC": 0.0185229932759839,
        "ULVR.L": 0.0492728086477321,
        "AD.AS": 0.0671064658931188,
        "KPN.AS": 0.1679675471103498,
        "600519.SS": 0.0325978493641294,
        "601328.SS": 0.05,
        "601398.SS": 0.1188753313396308,
        "2914.T": 0.05,
        "8031.T": 0.05,
        "9432.T": 0.0584247121259306,
        "9434.T": 0.103554343286505,
        "0941.HK": 0.05,
        "6288.HK": 0.0290069477763428
    }
}