{
    "portfolio_365": {
        "TMUS": 0.05,
        "TLK": 0.0533845620109602,
        "RYTM": 0.05,
        "SHEL.L": 0.0250489332844301,
        "ULVR.L": 0.0432658972195006,
        "AD.AS": 0.0845388139652789,
        "KPN.AS": 0.1537809197247703,
        "600900.SS": 0.035505031934547,
        "601088.SS": 0.05,
        "601398.SS": 0.1519252642052318,
        "2914.T": 0.0621727090171686,
        "6857.T": 0.05,
        "9432.T": 0.0646338460465595,
        "9434.T": 0.0987000809601278,
        "6288.HK": 0.0270439416314253
    }
}