{
    "portfolio_523": {
        "TMUS": 0.05,
        "TLK": 0.0473669636172976,
        "PRCT": 0.05,
        "RICO.L": 0.0244890695679574,
        "ULVR.L": 0.0442062005715317,
        "AD.AS": 0.062522843981668,
        "CCEP.AS": 0.05,
        "KPN.AS": 0.1676194157354392,
        "600519.SS": 0.0279361873053707,
        "601398.SS": 0.1864527875641204,
        "2914.T": 0.0421189113819843,
        "9432.T": 0.0345511727311364,
        "9434.T": 0.1298839793203356,
        "9983.T": 0.05,
        "0857.HK": 0.0328524682231587
    }
}