{
    "portfolio_774": {
        "PEP": 0.0650137594468409,
        "TLK": 0.0987008841318438,
        "RYTM": 0.01,
        "OL5.F": 0.01,
        "ULVR.L": 0.0600918228053765,
        "AD.AS": 0.0789653790796329,
        "KPN.AS": 0.1583600838339656,
        "601398.SS": 0.1625328144298241,
        "2914.T": 0.079138601884621,
        "8001.T": 0.01,
        "9434.T": 0.1533888522897888,
        "0883.HK": 0.01,
        "0941.HK": 0.0576487460092744,
        "1288.HK": 0.01,
        "6288.HK": 0.0361590560888321
    }
}