{
    "portfolio_123": {
        "CRESY": 0.01,
        "KT": 0.0519798162802727,
        "TLK": 0.074245326531408,
        "VERX": 0.01,
        "PJXC.F": 0.01,
        "0YXG.L": 0.01,
        "ULVR.L": 0.0665077365866458,
        "AD.AS": 0.0767592652124465,
        "KPN.AS": 0.1762718400864741,
        "601398.SS": 0.1773505473867538,
        "2914.T": 0.0629645660051973,
        "9432.T": 0.0892585111450061,
        "9434.T": 0.1292813879871805,
        "0883.HK": 0.01,
        "6288.HK": 0.045381002778615
    }
}