{
    "portfolio_989": {
        "AVGO": 0.05,
        "BCH": 0.05,
        "TLK": 0.0378025751604806,
        "ADMA": 0.05,
        "TTE.PA": 0.05,
        "RICO.L": 0.0194368918190171,
        "ULVR.L": 0.0689126357684851,
        "AD.AS": 0.0563592634430623,
        "KPN.AS": 0.1364818844858568,
        "600028.SS": 0.05,
        "601398.SS": 0.1227415943357579,
        "2914.T": 0.0495099914902736,
        "9432.T": 0.0759988848181275,
        "9434.T": 0.1371784998941426,
        "6288.HK": 0.0455777787847961
    }
}