{
    "portfolio_416": {
        "PEP": 0.0656017057669202,
        "TGS": 0.05,
        "TLK": 0.061051234195545,
        "RICO.L": 0.0193553826644643,
        "TYT.L": 0.0263763381526685,
        "ULVR.L": 0.0465828882200434,
        "AD.AS": 0.0588957755512634,
        "INGA.AS": 0.05,
        "KPN.AS": 0.1498030452971781,
        "600028.SS": 0.05,
        "600519.SS": 0.0361316647479173,
        "601398.SS": 0.1460546987728844,
        "9432.T": 0.0770426233509292,
        "9434.T": 0.1267839842572987,
        "6288.HK": 0.0363206590228875
    }
}