{
    "portfolio_436": {
        "PEP": 0.0515979334781902,
        "BCH": 0.05,
        "TLK": 0.0456912193276249,
        "8GC.F": 0.05,
        "0YXG.L": 0.05,
        "ULVR.L": 0.0643758775603548,
        "AD.AS": 0.053455198361181,
        "KPN.AS": 0.1461436731831906,
        "600900.SS": 0.0459262747144736,
        "601398.SS": 0.1360770280028033,
        "6857.T": 0.05,
        "8031.T": 0.05,
        "9432.T": 0.0972115241969743,
        "9434.T": 0.0802933655189221,
        "6288.HK": 0.0292279056562849
    }
}