{
    "portfolio_439": {
        "TLK": 0.0753696614713205,
        "IESC": 0.05,
        "AI.PA": 0.05,
        "SAF.PA": 0.05,
        "TYT.L": 0.0278049376831569,
        "ULVR.L": 0.0557973438693536,
        "AD.AS": 0.0419927380215972,
        "KPN.AS": 0.158306101458894,
        "600941.SS": 0.05,
        "601398.SS": 0.1481934885509574,
        "2914.T": 0.0582061728193073,
        "9432.T": 0.046967184108427,
        "9434.T": 0.1087961525139687,
        "0883.HK": 0.05,
        "6288.HK": 0.028566219503017
    }
}