{
    "portfolio_947": {
        "LNTH": 0.05,
        "RYTM": 0.05,
        "TTE.PA": 0.05,
        "RICO.L": 0.0346029654991243,
        "ULVR.L": 0.0698020992344642,
        "AD.AS": 0.063451835165928,
        "KPN.AS": 0.1569061319139315,
        "SHELL.AS": 0.05,
        "600900.SS": 0.0412893664428342,
        "601138.SS": 0.0169646160014617,
        "601398.SS": 0.1457030945211018,
        "2914.T": 0.0502299460041688,
        "9433.T": 0.0558849274180086,
        "9434.T": 0.1151650177989767,
        "0386.HK": 0.05
    }
}