{
    "portfolio_772": {
        "PEP": 0.1205755543906277,
        "EC": 0.0436185564816444,
        "PKX": 0.01,
        "APPF": 0.0438281559233168,
        "IESC": 0.01,
        "TTE.PA": 0.0180393892908822,
        "LFU2.F": 0.01,
        "ULVR.L": 0.1059925874770024,
        "KPN.AS": 0.0959400931298887,
        "601288.SS": 0.128486950749215,
        "601728.SS": 0.0565573986476143,
        "7974.T": 0.2263428007473664,
        "9433.T": 0.1107434249671909,
        "1088.HK": 0.01
    }
}