{
    "portfolio_313": {
        "PEP": 0.0690255622232026,
        "TLK": 0.0968339648562792,
        "DG.PA": 0.05,
        "ULVR.L": 0.0434262370557251,
        "AD.AS": 0.0635549270933838,
        "KPN.AS": 0.1382097848929983,
        "601088.SS": 0.05,
        "601398.SS": 0.1078320280400854,
        "2914.T": 0.0476862781281288,
        "4063.T": 0.05,
        "9433.T": 0.0633615635776706,
        "9434.T": 0.0963981508585223,
        "0883.HK": 0.05,
        "0941.HK": 0.05,
        "6288.HK": 0.0236715032740037
    }
}