{
    "portfolio_183": {
        "TLK": 0.0727910497671071,
        "RYTM": 0.05,
        "SKFA.F": 0.05,
        "SHEL.L": 0.0310255760979319,
        "ULVR.L": 0.0409564369763994,
        "AD.AS": 0.0865259227728465,
        "KPN.AS": 0.1539101915436625,
        "600900.SS": 0.0483917853001343,
        "601088.SS": 0.05,
        "601398.SS": 0.1408272026299027,
        "2914.T": 0.0623161496647043,
        "7974.T": 0.05,
        "9433.T": 0.0658594602099269,
        "9434.T": 0.0763899864356803,
        "6288.HK": 0.0210062386017036
    }
}