{
    "portfolio_999": {
        "CRESY": 0.05,
        "PKX": 0.05,
        "TLK": 0.0524659337782601,
        "TTE.L": 0.05,
        "ULVR.L": 0.0742801548711356,
        "AD.AS": 0.0656566440466133,
        "KPN.AS": 0.1309819401089656,
        "WKL.AS": 0.0382129942522871,
        "601398.SS": 0.1316570765952716,
        "2914.T": 0.0616468077557846,
        "9432.T": 0.065976896589686,
        "9434.T": 0.1045623815972941,
        "0941.HK": 0.05,
        "1088.HK": 0.05,
        "6288.HK": 0.0245591704047018
    }
}