{
    "portfolio_500": {
        "PEP": 0.0482166374873026,
        "TLK": 0.0604303669605965,
        "APPF": 0.05,
        "BPE5.F": 0.05,
        "BSD2.F": 0.05,
        "ULVR.L": 0.0550793108771727,
        "AD.AS": 0.0678122508060644,
        "KPN.AS": 0.1201157339318934,
        "601088.SS": 0.05,
        "601398.SS": 0.1292579195943963,
        "601728.SS": 0.05,
        "2914.T": 0.0656871946219128,
        "9433.T": 0.0502716812294787,
        "9434.T": 0.1170522962675955,
        "6288.HK": 0.0360766082235868
    }
}