{
    "portfolio_279": {
        "TLK": 0.0545754796682828,
        "ADMA": 0.05,
        "IESC": 0.05,
        "SKFA.F": 0.05,
        "0TDD.L": 0.05,
        "SHEL.L": 0.0279774128210004,
        "ULVR.L": 0.0435934365853864,
        "AD.AS": 0.0525539403928848,
        "KPN.AS": 0.1520139991288073,
        "600900.SS": 0.0395461841999615,
        "601398.SS": 0.1435785930298715,
        "8001.T": 0.05,
        "9432.T": 0.0820860536366932,
        "9434.T": 0.100078797778674,
        "0941.HK": 0.0539961027584378
    }
}