{
    "portfolio_390": {
        "PEP": 0.0837133438270526,
        "TLK": 0.0857562559414192,
        "SKFA.F": 0.05,
        "SHEL.L": 0.0319820568140852,
        "ULVR.L": 0.041125827920529,
        "AD.AS": 0.0769621889436867,
        "KPN.AS": 0.1387272541561016,
        "600900.SS": 0.0540398920463934,
        "601398.SS": 0.098682604864471,
        "6857.T": 0.05,
        "7974.T": 0.05,
        "9432.T": 0.0740006635098632,
        "9433.T": 0.0650099119763986,
        "0728.HK": 0.05,
        "1288.HK": 0.05
    }
}