{
    "portfolio_628": {
        "PEP": 0.0467845850628269,
        "TLK": 0.0467502879959283,
        "PRCT": 0.05,
        "SHEL.L": 0.05,
        "ULVR.L": 0.0593037554269931,
        "AD.AS": 0.0675172891410111,
        "KPN.AS": 0.1593697148646523,
        "600900.SS": 0.0613410490413729,
        "601398.SS": 0.097829147747178,
        "601939.SS": 0.05,
        "2914.T": 0.072999576620887,
        "9433.T": 0.05,
        "9434.T": 0.1084455701989364,
        "3988.HK": 0.05,
        "6288.HK": 0.0296590239002139
    }
}