{
    "portfolio_212": {
        "PEP": 0.0647798776649052,
        "BSAC": 0.05,
        "TLK": 0.0819955634488736,
        "SAN.PA": 0.0338737701206868,
        "ULVR.L": 0.0524345778902984,
        "AD.AS": 0.0680778056462736,
        "KPN.AS": 0.1475187537957427,
        "600028.SS": 0.05,
        "601328.SS": 0.05,
        "2914.T": 0.070085530996627,
        "9432.T": 0.0700893075072946,
        "9434.T": 0.1256830781017243,
        "1088.HK": 0.05,
        "1288.HK": 0.05,
        "6288.HK": 0.0354617348275736
    }
}