{
    "portfolio_705": {
        "PEP": 0.0525769100794011,
        "TLK": 0.0617413546995296,
        "RYTM": 0.05,
        "ULVR.L": 0.0525699121869335,
        "AD.AS": 0.0688713118025332,
        "KPN.AS": 0.1780069919734609,
        "600900.SS": 0.0414246574362966,
        "601328.SS": 0.05,
        "601857.SS": 0.05,
        "601988.SS": 0.05,
        "2914.T": 0.0810541529831007,
        "9432.T": 0.067791885136006,
        "9434.T": 0.1126894175957906,
        "0728.HK": 0.05,
        "6288.HK": 0.0332734061069479
    }
}