{
    "portfolio_165": {
        "AVGO": 0.05,
        "TGS": 0.05,
        "TLK": 0.0396643525833016,
        "AI.PA": 0.05,
        "0YXG.L": 0.05,
        "ULVR.L": 0.0562604234707202,
        "AD.AS": 0.0470233890774348,
        "KPN.AS": 0.1488812069552559,
        "600900.SS": 0.046607258404637,
        "601398.SS": 0.1441703995889854,
        "2914.T": 0.0521013918588079,
        "4063.T": 0.05,
        "9432.T": 0.0657844577849377,
        "9434.T": 0.1121319113410659,
        "6288.HK": 0.0373752089348533
    }
}