{
    "portfolio_888": {
        "PEP": 0.0839346709823602,
        "TLK": 0.0931965237461012,
        "0TDD.L": 0.0101885138303929,
        "AD.AS": 0.075810975901322,
        "KPN.AS": 0.1738377558067228,
        "600519.SS": 0.0436220797846793,
        "600941.SS": 0.01,
        "601328.SS": 0.01,
        "601398.SS": 0.1585311587612322,
        "2914.T": 0.0562220879535489,
        "8031.T": 0.01,
        "9432.T": 0.0683623469116272,
        "9434.T": 0.1269915989213346,
        "0941.HK": 0.0434317656801699,
        "6288.HK": 0.0358705217205089
    }
}