{
    "portfolio_214": {
        "PEP": 0.0637894890932514,
        "TMUS": 0.01,
        "KT": 0.0440581059950595,
        "TLK": 0.0642728641014693,
        "LNTH": 0.01,
        "PRCT": 0.01,
        "TTE.PA": 0.0120023048318557,
        "LPS1.F": 0.01,
        "ULVR.L": 0.058828614767775,
        "KPN.AS": 0.1918709275353598,
        "600519.SS": 0.0591248929628316,
        "601398.SS": 0.181912340269516,
        "9432.T": 0.0939767394686581,
        "9434.T": 0.1488814560275227,
        "6288.HK": 0.0412822649467008
    }
}