{
    "portfolio_89": {
        "PEP": 0.0822834205249741,
        "TLK": 0.0720087589837302,
        "IESC": 0.0139421808035932,
        "TTE.PA": 0.05,
        "ULVR.L": 0.0439337757723544,
        "AD.AS": 0.070914061943143,
        "KPN.AS": 0.1424940878874672,
        "600519.SS": 0.0254664223048832,
        "601398.SS": 0.1471128502842635,
        "2914.T": 0.0382548803219881,
        "9432.T": 0.0697365138129532,
        "9434.T": 0.0938530473606501,
        "9983.T": 0.05,
        "0728.HK": 0.05,
        "0941.HK": 0.05
    }
}