{
    "portfolio_976": {
        "TMUS": 0.05,
        "TLK": 0.0992266062133849,
        "0TDD.L": 0.05,
        "ULVR.L": 0.0401852504343731,
        "AD.AS": 0.0638972634353096,
        "KPN.AS": 0.1241172195779272,
        "REN.AS": 0.05,
        "600519.SS": 0.0354361668732287,
        "600941.SS": 0.05,
        "601398.SS": 0.1135823699266933,
        "601857.SS": 0.05,
        "2914.T": 0.0647715614578806,
        "9433.T": 0.0645419455496948,
        "9434.T": 0.1154441326988735,
        "6288.HK": 0.0287974838326346
    }
}