{
    "portfolio_941": {
        "PEP": 0.0728843237060895,
        "TLK": 0.0744823294835261,
        "SAF.PA": 0.05,
        "ULVR.L": 0.0502700974417599,
        "AD.AS": 0.0552881143445769,
        "KPN.AS": 0.1339099492775239,
        "SHELL.AS": 0.05,
        "600519.SS": 0.0226574805417343,
        "601328.SS": 0.05,
        "601398.SS": 0.1151406052586058,
        "2914.T": 0.0644573826836534,
        "9432.T": 0.0672263444047711,
        "9434.T": 0.1116233337176881,
        "0883.HK": 0.05,
        "6288.HK": 0.0320600391400707
    }
}