{
    "portfolio_111": {
        "PEP": 0.0933096518342044,
        "BCH": 0.01,
        "TLK": 0.0688638421169538,
        "WK0.F": 0.01,
        "TYT.L": 0.0464367029449726,
        "ULVR.L": 0.0515678145079136,
        "AD.AS": 0.0557431086622393,
        "KPN.AS": 0.1855134924855291,
        "SHELL.AS": 0.0228643996187698,
        "600519.SS": 0.0587703379008947,
        "600941.SS": 0.01,
        "601398.SS": 0.1549508808673072,
        "9432.T": 0.0910263921585512,
        "9434.T": 0.130953376902664,
        "9983.T": 0.01
    }
}