{
    "portfolio_506": {
        "PEP": 0.0686719179161084,
        "TLK": 0.0807351100772715,
        "IESC": 0.0166634186289998,
        "CS.PA": 0.01,
        "BPE.F": 0.0134984134214713,
        "ULVR.L": 0.0458845307894582,
        "AD.AS": 0.0670176008669941,
        "KPN.AS": 0.1611009707272088,
        "600519.SS": 0.0424763735938815,
        "601398.SS": 0.1827931576280774,
        "2914.T": 0.0635828872127133,
        "9432.T": 0.0715885995898879,
        "9434.T": 0.126692756883989,
        "3988.HK": 0.01,
        "6288.HK": 0.0392942626639388
    }
}