{
    "portfolio_499": {
        "PEP": 0.0513562553873909,
        "TLK": 0.0482868308542727,
        "LNTH": 0.05,
        "SHEL.L": 0.05,
        "TTE.L": 0.05,
        "ULVR.L": 0.0583273296625665,
        "AD.AS": 0.0488808450905881,
        "KPN.AS": 0.1386353732782634,
        "WKL.AS": 0.05,
        "601398.SS": 0.1521097907719476,
        "2914.T": 0.0592304956456047,
        "4519.T": 0.05,
        "9434.T": 0.1165326232638067,
        "0941.HK": 0.0489449354975094,
        "6288.HK": 0.0276955205480494
    }
}