{
    "portfolio_91": {
        "TEO": 0.05,
        "TLK": 0.0826059431921225,
        "SKFA.F": 0.05,
        "TTE.L": 0.05,
        "ULVR.L": 0.0524913675185343,
        "AD.AS": 0.0678878414402146,
        "KPN.AS": 0.1242717631224318,
        "REN.AS": 0.05,
        "600900.SS": 0.0518500682068513,
        "601088.SS": 0.05,
        "601398.SS": 0.1179454487896524,
        "2914.T": 0.0528917799891858,
        "9433.T": 0.0828737144955413,
        "9434.T": 0.0895313413303058,
        "6288.HK": 0.0276507319151599
    }
}