{
    "portfolio_237": {
        "TLK": 0.0612912852946001,
        "AXSM": 0.05,
        "RYTM": 0.05,
        "SKFA.F": 0.05,
        "SHEL.L": 0.0214914855136801,
        "ULVR.L": 0.0545736098720849,
        "AD.AS": 0.0597637901861606,
        "KPN.AS": 0.1655808733580737,
        "600028.SS": 0.05,
        "600900.SS": 0.0406259089596249,
        "601398.SS": 0.1220343174081525,
        "2914.T": 0.0459132169410017,
        "9432.T": 0.1027217733806248,
        "9434.T": 0.0760037390859962,
        "0386.HK": 0.05
    }
}