{
    "portfolio_683": {
        "PEP": 0.0684589797058182,
        "TLK": 0.0891854390531257,
        "SKFA.F": 0.05,
        "0TDD.L": 0.05,
        "SHEL.L": 0.05,
        "ULVR.L": 0.0353937749873792,
        "AD.AS": 0.0611717621143451,
        "KPN.AS": 0.1350299033084196,
        "600519.SS": 0.0276073143342681,
        "601398.SS": 0.119206098091776,
        "9432.T": 0.0535056655484966,
        "9433.T": 0.064543752993158,
        "9434.T": 0.0958973098632132,
        "0386.HK": 0.05,
        "0857.HK": 0.05
    }
}