{
    "portfolio_175": {
        "PEP": 0.0745722691075465,
        "TLK": 0.0827471736427216,
        "SKFA.F": 0.05,
        "SHEL.L": 0.05,
        "ULVR.L": 0.043401464043899,
        "AD.AS": 0.0671620784787451,
        "KPN.AS": 0.1356161393919277,
        "600519.SS": 0.0296804540063395,
        "600900.SS": 0.0564419629459254,
        "601398.SS": 0.1427630653356427,
        "7974.T": 0.05,
        "8058.T": 0.05,
        "9432.T": 0.05,
        "9433.T": 0.0560825297877037,
        "9434.T": 0.0615328632595484
    }
}