{
    "portfolio_688": {
        "CRESY": 0.05,
        "TLK": 0.0386705039245881,
        "VERX": 0.05,
        "DG.PA": 0.05,
        "ULVR.L": 0.0735296583492631,
        "AD.AS": 0.0506984299374044,
        "KPN.AS": 0.124453097892424,
        "SHELL.AS": 0.05,
        "600900.SS": 0.0592062093286331,
        "601398.SS": 0.1194672597783066,
        "2914.T": 0.079990968414165,
        "9433.T": 0.0808087108095013,
        "9434.T": 0.0962047299610297,
        "3988.HK": 0.05,
        "6288.HK": 0.0269704316046843
    }
}