{
    "portfolio_969": {
        "PEP": 0.0494419321508414,
        "TLK": 0.0881528973640262,
        "0K9E.L": 0.05,
        "ULVR.L": 0.0352987741795988,
        "AD.AS": 0.0537824890166133,
        "CCEP.AS": 0.05,
        "KPN.AS": 0.1435504441515113,
        "601398.SS": 0.1396014660248382,
        "601728.SS": 0.05,
        "2914.T": 0.0500508768591163,
        "4519.T": 0.05,
        "9432.T": 0.0449382545134587,
        "9434.T": 0.1183708580011897,
        "1088.HK": 0.05,
        "6288.HK": 0.0268120077388059
    }
}