{
    "portfolio_689": {
        "PEP": 0.0599625027773096,
        "TGS": 0.05,
        "TLK": 0.0668744479953808,
        "0TDD.L": 0.05,
        "ULVR.L": 0.051782123713843,
        "AD.AS": 0.0666251866113935,
        "KPN.AS": 0.14498829212065,
        "601088.SS": 0.05,
        "601328.SS": 0.05,
        "601398.SS": 0.1149838065471626,
        "2914.T": 0.0456062763924938,
        "4519.T": 0.05,
        "9432.T": 0.0629787840384558,
        "9434.T": 0.1033633234909806,
        "6288.HK": 0.03283525631233
    }
}