{
    "portfolio_591": {
        "AVGO": 0.05,
        "CRESY": 0.05,
        "TLK": 0.0572378492656304,
        "0TDD.L": 0.05,
        "ULVR.L": 0.069227406015132,
        "AD.AS": 0.0652469915352152,
        "KPN.AS": 0.1322052409205573,
        "600900.SS": 0.0440465714851479,
        "601398.SS": 0.099030770248988,
        "601988.SS": 0.05,
        "2914.T": 0.0824955894779478,
        "9433.T": 0.0758758026418383,
        "9434.T": 0.0981227106765693,
        "0941.HK": 0.0472518068806818,
        "6288.HK": 0.029259260852292
    }
}