{
    "portfolio_335": {
        "PEP": 0.0532777197970127,
        "TLK": 0.0781302554726408,
        "IESC": 0.05,
        "ULVR.L": 0.0613682220014648,
        "AD.AS": 0.0652429255820165,
        "KPN.AS": 0.1572732400389563,
        "600941.SS": 0.05,
        "601288.SS": 0.05,
        "601398.SS": 0.0996865840039015,
        "2914.T": 0.0637393102661158,
        "7974.T": 0.05,
        "9433.T": 0.0471331710440548,
        "9434.T": 0.0929882264971735,
        "0728.HK": 0.05,
        "6288.HK": 0.0311603452966631
    }
}