{
    "portfolio_672": {
        "PEP": 0.0354902451631882,
        "TLK": 0.0604341280644045,
        "APPF": 0.05,
        "RMS.PA": 0.05,
        "8GC.F": 0.05,
        "RICO.L": 0.0218281562873622,
        "ULVR.L": 0.0489694392585221,
        "AD.AS": 0.0590227817138856,
        "KPN.AS": 0.1618098876813534,
        "601398.SS": 0.1698621538026378,
        "2914.T": 0.0384448877383254,
        "4568.T": 0.05,
        "9434.T": 0.118322183894007,
        "9983.T": 0.05,
        "0941.HK": 0.0358161363963135
    }
}