{
    "portfolio_108": {
        "TMUS": 0.05,
        "TLK": 0.0521844388151777,
        "ADMA": 0.05,
        "SAN.PA": 0.0244934701528982,
        "8GC.F": 0.05,
        "TYT.L": 0.027745622695846,
        "ULVR.L": 0.0709548881178053,
        "AD.AS": 0.0695100405707148,
        "KPN.AS": 0.1200938534017671,
        "601398.SS": 0.1201631923861122,
        "9432.T": 0.0818723099793741,
        "9434.T": 0.1471241598923513,
        "0386.HK": 0.05,
        "3988.HK": 0.05,
        "6288.HK": 0.0358580239879533
    }
}