{
    "portfolio_520": {
        "PEP": 0.0428071619228193,
        "PKX": 0.05,
        "TGS": 0.05,
        "TLK": 0.0409678499789989,
        "SKFA.F": 0.05,
        "HSBA.L": 0.05,
        "ULVR.L": 0.0399126239487738,
        "AD.AS": 0.0611510557618124,
        "KPN.AS": 0.1440620182331897,
        "600900.SS": 0.0573656257197136,
        "601398.SS": 0.1011081564880114,
        "601988.SS": 0.05,
        "9432.T": 0.1116035916120009,
        "9434.T": 0.1172560239049451,
        "6288.HK": 0.0337658924297347
    }
}