{
    "portfolio_640": {
        "COST": 0.05,
        "TLK": 0.0800531873921187,
        "SHEL.L": 0.05,
        "ULVR.L": 0.0464112645143335,
        "AD.AS": 0.0564387480999153,
        "KPN.AS": 0.1456914957648875,
        "REN.AS": 0.05,
        "600028.SS": 0.05,
        "600519.SS": 0.0290072082040563,
        "601398.SS": 0.1213755192875905,
        "2914.T": 0.0697996966455037,
        "9432.T": 0.0618493385725759,
        "9434.T": 0.109458537436207,
        "0941.HK": 0.05,
        "6288.HK": 0.0299150040828113
    }
}