{
    "portfolio_511": {
        "PEP": 0.0335862859454176,
        "TLK": 0.0689908732262492,
        "IESC": 0.05,
        "BPE5.F": 0.05,
        "SKFA.F": 0.05,
        "ULVR.L": 0.0435486376189125,
        "AD.AS": 0.0709070409369747,
        "KPN.AS": 0.1441801615273014,
        "600900.SS": 0.0449531476359797,
        "601398.SS": 0.1484269529192963,
        "2914.T": 0.0412483009081245,
        "4063.T": 0.05,
        "9433.T": 0.0786278400541832,
        "9434.T": 0.0755307592275607,
        "1088.HK": 0.05
    }
}