{
    "portfolio_846": {
        "AVGO": 0.01,
        "LIN": 0.01,
        "PEP": 0.0662612731586481,
        "KT": 0.0440732327005182,
        "TLK": 0.0742951247028538,
        "LPS1.F": 0.01,
        "0YXG.L": 0.01,
        "ULVR.L": 0.056405089520746,
        "KPN.AS": 0.1900707650355993,
        "600519.SS": 0.0557342971719659,
        "601398.SS": 0.1754950909834628,
        "7974.T": 0.0214108655111966,
        "9432.T": 0.0978214710452782,
        "9434.T": 0.1364533281659994,
        "6288.HK": 0.0419794620037317
    }
}