{
    "portfolio_671": {
        "AVGO": 0.05,
        "TLK": 0.0916711578953552,
        "ULVR.L": 0.0519272574888865,
        "AD.AS": 0.0617754399604996,
        "KPN.AS": 0.1522081394696775,
        "REN.AS": 0.05,
        "600519.SS": 0.0306476672076321,
        "600941.SS": 0.05,
        "601288.SS": 0.05,
        "601398.SS": 0.0737233378857734,
        "2914.T": 0.0707072517662112,
        "9433.T": 0.0554513565222313,
        "9434.T": 0.130524249059667,
        "0857.HK": 0.05,
        "6288.HK": 0.0313641427440661
    }
}