{
    "portfolio_181": {
        "PEP": 0.0613779931943221,
        "CIB": 0.05,
        "TLK": 0.0784115627738606,
        "AI.PA": 0.05,
        "TYT.L": 0.05,
        "ULVR.L": 0.0507290343795436,
        "AD.AS": 0.0535514755092727,
        "KPN.AS": 0.1364669798001351,
        "600519.SS": 0.0305524659953922,
        "601088.SS": 0.05,
        "601398.SS": 0.1414228587501445,
        "7974.T": 0.05,
        "9432.T": 0.0569450283365892,
        "9434.T": 0.1153323265984702,
        "6288.HK": 0.0252102746622694
    }
}