{
    "portfolio_913": {
        "PEP": 0.0656831162123875,
        "TLK": 0.0874248697713287,
        "DG.PA": 0.05,
        "AZN.L": 0.05,
        "AD.AS": 0.0620913059101197,
        "KPN.AS": 0.1376624725713095,
        "600519.SS": 0.0341964835261575,
        "601088.SS": 0.05,
        "601398.SS": 0.108411108444707,
        "601988.SS": 0.05,
        "2914.T": 0.0488068684156842,
        "4063.T": 0.05,
        "9433.T": 0.0717812215976077,
        "9434.T": 0.1045668973210528,
        "6288.HK": 0.0293756562296451
    }
}