{
    "portfolio_696": {
        "PEP": 0.0649101048265799,
        "BSAC": 0.01,
        "TLK": 0.0985882424572618,
        "APPF": 0.0113973994429901,
        "SMMT": 0.01,
        "0A4J.L": 0.01,
        "ULVR.L": 0.0491127022797067,
        "AD.AS": 0.0636610429887838,
        "KPN.AS": 0.1599563388309564,
        "601398.SS": 0.1621245984076211,
        "2914.T": 0.0884459628759955,
        "9434.T": 0.1566936945694713,
        "0941.HK": 0.0660707343126992,
        "1288.HK": 0.01,
        "6288.HK": 0.0390391790079342
    }
}