{
    "portfolio_598": {
        "CRESY": 0.05,
        "PEP": 0.0499599522588845,
        "TLK": 0.0582156309310334,
        "BSD2.F": 0.05,
        "ULVR.L": 0.0665409021120338,
        "AD.AS": 0.0699894752877412,
        "KPN.AS": 0.122953445208215,
        "600900.SS": 0.0497808621106456,
        "601398.SS": 0.094384968001539,
        "601988.SS": 0.05,
        "2914.T": 0.0761979177843444,
        "9433.T": 0.07024008001951,
        "9434.T": 0.1056381983086293,
        "0941.HK": 0.0499519523224247,
        "6288.HK": 0.0361466156549991
    }
}