{
    "portfolio_174": {
        "PEP": 0.0839901272769577,
        "TGS": 0.01,
        "TLK": 0.0930704240177731,
        "2B5.F": 0.01,
        "ULVR.L": 0.0551345546630563,
        "AD.AS": 0.0699933180142697,
        "KPN.AS": 0.1483768065423903,
        "SHELL.AS": 0.0173603851762047,
        "601398.SS": 0.1682127274578899,
        "2914.T": 0.0875210851151961,
        "9434.T": 0.1413041770464829,
        "0728.HK": 0.01,
        "0857.HK": 0.01,
        "0941.HK": 0.0539736543745101,
        "6288.HK": 0.0410627403152691
    }
}