{
    "portfolio_449": {
        "PEP": 0.0679792999001467,
        "BCH": 0.05,
        "TGS": 0.05,
        "BPE.F": 0.05,
        "ULVR.L": 0.0735280706001231,
        "AD.AS": 0.0686021345047222,
        "KPN.AS": 0.1033678946568986,
        "SHELL.AS": 0.05,
        "600900.SS": 0.0542450394357083,
        "601398.SS": 0.1157782380039904,
        "2914.T": 0.0489265550804382,
        "9432.T": 0.0794491882621771,
        "9434.T": 0.102990567516634,
        "3988.HK": 0.05,
        "6288.HK": 0.0351330120391614
    }
}