{
    "portfolio_523": {
        "PEP": 0.0785585339248391,
        "TMUS": 0.01,
        "BSAC": 0.01,
        "TLK": 0.0954487671018328,
        "2B5.F": 0.01,
        "BHP.L": 0.01,
        "ULVR.L": 0.051213919250541,
        "AD.AS": 0.0709526428549015,
        "KPN.AS": 0.1517276359845794,
        "601398.SS": 0.165740040713692,
        "2914.T": 0.0892410213103755,
        "9434.T": 0.1389966027511909,
        "0941.HK": 0.0661353167226432,
        "3988.HK": 0.01,
        "6288.HK": 0.0419855193854046
    }
}