{
    "portfolio_190": {
        "PEP": 0.0894193668358722,
        "TLK": 0.0950521259821226,
        "2B5.F": 0.01,
        "SHEL.L": 0.0306286227996733,
        "ULVR.L": 0.0515776589386456,
        "AD.AS": 0.067831206601909,
        "KPN.AS": 0.1479913826116058,
        "600028.SS": 0.01,
        "601398.SS": 0.1569461473334624,
        "601939.SS": 0.01,
        "2914.T": 0.0850743109849512,
        "8058.T": 0.01,
        "9434.T": 0.1326804426802978,
        "0941.HK": 0.0634512088378981,
        "6288.HK": 0.0393475263935619
    }
}