{
    "portfolio_180": {
        "TLK": 0.0558798351259259,
        "ADMA": 0.05,
        "OLLI": 0.05,
        "DG.PA": 0.05,
        "SAN.PA": 0.0218251454939964,
        "TTE.L": 0.05,
        "ULVR.L": 0.0499554188599718,
        "AD.AS": 0.0512819093278842,
        "KPN.AS": 0.136604675623434,
        "601398.SS": 0.1436083435528958,
        "2914.T": 0.0526240169990179,
        "9432.T": 0.0571956316191737,
        "9434.T": 0.1381864068491091,
        "0941.HK": 0.0487796312576797,
        "6288.HK": 0.0440589852909112
    }
}