{
    "portfolio_935": {
        "BCH": 0.01,
        "KT": 0.081922164386302,
        "TLK": 0.0579909648713503,
        "LPS1.F": 0.01,
        "PJXC.F": 0.01,
        "WK0.F": 0.01,
        "KPN.AS": 0.2248927975356683,
        "UNA.AS": 0.0785604539566458,
        "600519.SS": 0.0471525565950127,
        "600941.SS": 0.01,
        "601288.SS": 0.1331981771079441,
        "2914.T": 0.0616727995354834,
        "9432.T": 0.1114986151391812,
        "9434.T": 0.1228779807927244,
        "6288.HK": 0.0302334900796876
    }
}