{
    "portfolio_842": {
        "CRESY": 0.05,
        "PEP": 0.0435596989174203,
        "TGS": 0.05,
        "TLK": 0.0416651738030693,
        "AZN.L": 0.0303378454932763,
        "ULVR.L": 0.0827375031263844,
        "AD.AS": 0.0646608735896887,
        "KPN.AS": 0.1356224283189182,
        "600028.SS": 0.05,
        "601398.SS": 0.1323228010481708,
        "8031.T": 0.05,
        "9432.T": 0.0791343652778636,
        "9434.T": 0.1102842322312308,
        "0728.HK": 0.05,
        "6288.HK": 0.0296750781939773
    }
}