{
    "portfolio_411": {
        "TLK": 0.0807107822640173,
        "LNTH": 0.05,
        "SAN.PA": 0.0342739070166694,
        "ULVR.L": 0.0686190310065557,
        "AD.AS": 0.069397091039822,
        "KPN.AS": 0.1573350038478069,
        "600941.SS": 0.05,
        "601088.SS": 0.05,
        "601328.SS": 0.05,
        "601398.SS": 0.0503924701241176,
        "2914.T": 0.0584191457981242,
        "9433.T": 0.059040566057905,
        "9434.T": 0.1378387331503949,
        "0386.HK": 0.05,
        "6288.HK": 0.0339732696945867
    }
}