{
    "portfolio_575": {
        "AVGO": 0.05,
        "PEP": 0.038846454770032,
        "TLK": 0.0797964142623302,
        "ULVR.L": 0.0576716128861596,
        "AD.AS": 0.0718294911235189,
        "KPN.AS": 0.135938588305905,
        "SHELL.AS": 0.05,
        "601088.SS": 0.05,
        "601288.SS": 0.05,
        "601398.SS": 0.0720174213955108,
        "2914.T": 0.0753803372456711,
        "9433.T": 0.0643932550006486,
        "9434.T": 0.1187704049205596,
        "1088.HK": 0.05,
        "6288.HK": 0.0353560200896641
    }
}