{
    "portfolio_102": {
        "TLK": 0.0561740505509034,
        "PRCT": 0.05,
        "SAN.PA": 0.0287420698411232,
        "0YXG.L": 0.05,
        "RICO.L": 0.0286667641658737,
        "ULVR.L": 0.056253422586663,
        "AD.AS": 0.0626926732342807,
        "KPN.AS": 0.1731621523026095,
        "601398.SS": 0.1211375735508193,
        "601857.SS": 0.05,
        "2914.T": 0.0566253421616097,
        "4063.T": 0.05,
        "9434.T": 0.1433408649167864,
        "1288.HK": 0.05,
        "6288.HK": 0.0232050866893314
    }
}