{
    "portfolio_363": {
        "PEP": 0.050074538847916,
        "BCH": 0.05,
        "TLK": 0.0885347831715976,
        "SKFA.F": 0.05,
        "0TDD.L": 0.05,
        "ULVR.L": 0.0400475141861958,
        "AD.AS": 0.0560867979494245,
        "KPN.AS": 0.1434451399101332,
        "600519.SS": 0.0343409118440188,
        "601398.SS": 0.1398548464669247,
        "8031.T": 0.05,
        "9432.T": 0.0522577217224814,
        "9433.T": 0.0550521541836777,
        "9434.T": 0.09030559171763,
        "0857.HK": 0.05
    }
}