{
    "portfolio_979": {
        "PEP": 0.0791072389100271,
        "TLK": 0.0964187317681791,
        "RYTM": 0.01,
        "2B5.F": 0.01,
        "SKFA.F": 0.01,
        "ULVR.L": 0.0462464483105154,
        "AD.AS": 0.0713424010981686,
        "KPN.AS": 0.161815081488881,
        "601398.SS": 0.1703263194925829,
        "2914.T": 0.0829977789040124,
        "4519.T": 0.0213960070240591,
        "9434.T": 0.1304379622351896,
        "0857.HK": 0.015801698720044,
        "0941.HK": 0.0575198656599069,
        "6288.HK": 0.0365904663884339
    }
}