{
    "portfolio_410": {
        "PEP": 0.0699941962789189,
        "TGS": 0.05,
        "TLK": 0.0715737749573579,
        "SAN.PA": 0.0295553776294952,
        "ULVR.L": 0.0626681355981462,
        "AD.AS": 0.0655709948179939,
        "KPN.AS": 0.1417148285432904,
        "601398.SS": 0.102843522199693,
        "8001.T": 0.05,
        "9432.T": 0.0557005600755269,
        "9434.T": 0.1243737977556743,
        "0728.HK": 0.05,
        "0857.HK": 0.05,
        "0883.HK": 0.05,
        "6288.HK": 0.0260048121439034
    }
}