{
    "portfolio_484": {
        "PEP": 0.0580907985993982,
        "PKX": 0.05,
        "TGS": 0.05,
        "TLK": 0.0375873179474704,
        "PQ9.F": 0.0057994319352512,
        "BHP.L": 0.05,
        "ULVR.L": 0.064137931112178,
        "AD.AS": 0.0567660670918062,
        "KPN.AS": 0.153987856735655,
        "600900.SS": 0.0389691710222572,
        "601398.SS": 0.1509081246009184,
        "8001.T": 0.05,
        "9432.T": 0.0842097509287043,
        "9434.T": 0.1131000696568368,
        "6288.HK": 0.0364434803695241
    }
}