{
    "portfolio_431": {
        "PEP": 0.0666290893945114,
        "TEO": 0.01,
        "TLK": 0.0985470669681606,
        "AI.PA": 0.01,
        "OL5.F": 0.01,
        "ULVR.L": 0.0622435421730678,
        "AD.AS": 0.0744473729734496,
        "KPN.AS": 0.1517074297963168,
        "601398.SS": 0.1637709532980507,
        "601728.SS": 0.01,
        "2914.T": 0.0773011442233335,
        "8001.T": 0.01,
        "9434.T": 0.1574412585157541,
        "0941.HK": 0.0607613193873436,
        "6288.HK": 0.0371508232700116
    }
}