{
    "portfolio_639": {
        "PEP": 0.0570393269379967,
        "TGS": 0.05,
        "TLK": 0.051485333982884,
        "AXSM": 0.05,
        "RICO.L": 0.0235851909705043,
        "ULVR.L": 0.0677972492349903,
        "AD.AS": 0.0591167265451184,
        "KPN.AS": 0.1466159908309258,
        "600900.SS": 0.038007291166877,
        "601398.SS": 0.124704390716094,
        "601939.SS": 0.05,
        "6857.T": 0.05,
        "9432.T": 0.1154834201485761,
        "9434.T": 0.0838986633993875,
        "6288.HK": 0.0322664160666461
    }
}