{
    "portfolio_92": {
        "PEP": 0.0519636470312991,
        "TLK": 0.0747622498206981,
        "BPE.F": 0.05,
        "0K9E.L": 0.05,
        "AZN.L": 0.05,
        "ULVR.L": 0.0441142743597291,
        "AD.AS": 0.0622367080544099,
        "KPN.AS": 0.1064788103563364,
        "600900.SS": 0.054367599853117,
        "601398.SS": 0.1381675641634272,
        "601728.SS": 0.05,
        "2914.T": 0.0681314097547163,
        "9433.T": 0.0598665975822009,
        "9434.T": 0.1077172188643933,
        "6288.HK": 0.0321939201596728
    }
}