{
    "portfolio_872": {
        "TLK": 0.0693651348301303,
        "OLLI": 0.05,
        "DG.PA": 0.05,
        "BSD2.F": 0.05,
        "SKFA.F": 0.05,
        "HSBA.L": 0.05,
        "AD.AS": 0.0571040237006825,
        "KPN.AS": 0.1416945090814182,
        "600900.SS": 0.048108436037396,
        "601398.SS": 0.1288156254647932,
        "2914.T": 0.0450719682763767,
        "9432.T": 0.0701405448744389,
        "9434.T": 0.114342883722548,
        "0941.HK": 0.0404867133888459,
        "6288.HK": 0.0348701606233701
    }
}