{
    "portfolio_153": {
        "PEP": 0.0921887388166529,
        "TLK": 0.0716643138449724,
        "ADMA": 0.0125647279987104,
        "LPS1.F": 0.01,
        "SHEL.L": 0.0358718500487168,
        "KPN.AS": 0.1784163021918142,
        "UNA.AS": 0.0627025580770804,
        "600519.SS": 0.0597746033891042,
        "601288.SS": 0.0421622197837478,
        "601398.SS": 0.1415528798020705,
        "8031.T": 0.01,
        "8058.T": 0.01,
        "9432.T": 0.0998843478845072,
        "9434.T": 0.1346686457174032,
        "6288.HK": 0.03854881244522
    }
}