{
    "portfolio_703": {
        "TLK": 0.0737031113140368,
        "IESC": 0.05,
        "RMS.PA": 0.05,
        "SKFA.F": 0.05,
        "SHEL.L": 0.028769570063893,
        "AD.AS": 0.0535496929601173,
        "KPN.AS": 0.1559011438952078,
        "WKL.AS": 0.05,
        "600900.SS": 0.0547321962125706,
        "601398.SS": 0.15773132887547,
        "2914.T": 0.0553657320754171,
        "7203.T": 0.05,
        "9433.T": 0.0543423430698101,
        "9434.T": 0.0689929450504187,
        "0941.HK": 0.0469119364830583
    }
}