{
    "portfolio_179": {
        "PEP": 0.0797378179520297,
        "TLK": 0.0795927059044616,
        "TTE.PA": 0.05,
        "AD.AS": 0.0690528671534543,
        "KPN.AS": 0.1347832973258274,
        "REN.AS": 0.05,
        "600519.SS": 0.0312981273749791,
        "600900.SS": 0.0419138676703909,
        "601398.SS": 0.1394731746920788,
        "4063.T": 0.05,
        "4519.T": 0.05,
        "9433.T": 0.0691243942507882,
        "9434.T": 0.0816791136567941,
        "3988.HK": 0.05,
        "6288.HK": 0.0233446340191958
    }
}