{
    "portfolio_131": {
        "PEP": 0.0738149824730178,
        "TLK": 0.0960457719815051,
        "LNTH": 0.01,
        "2B5.F": 0.01,
        "OL5.F": 0.01,
        "0YXG.L": 0.0108250470207307,
        "ULVR.L": 0.0582320161521453,
        "AD.AS": 0.0696552810263221,
        "CCEP.AS": 0.01,
        "KPN.AS": 0.1519889536108148,
        "601398.SS": 0.1645344656907563,
        "2914.T": 0.0864860749616117,
        "9434.T": 0.1334664501850335,
        "0941.HK": 0.0748070223071941,
        "6288.HK": 0.0401439345908686
    }
}