{
    "portfolio_604": {
        "PEP": 0.1026662935179025,
        "TLK": 0.0745332226555213,
        "WK0.F": 0.01,
        "SHEL.L": 0.0349301696729245,
        "AD.AS": 0.0722251350532139,
        "KPN.AS": 0.1848188458180702,
        "600519.SS": 0.0577934306106478,
        "601088.SS": 0.01,
        "601398.SS": 0.1435813125125234,
        "601939.SS": 0.01,
        "2914.T": 0.0818753087633201,
        "4519.T": 0.0163100499497434,
        "9433.T": 0.0715234396837454,
        "9434.T": 0.1197427917623872,
        "1088.HK": 0.01
    }
}