{
    "portfolio_787": {
        "TLK": 0.0343619427508931,
        "LNTH": 0.05,
        "VERX": 0.05,
        "DG.PA": 0.05,
        "SAF.PA": 0.05,
        "TTE.PA": 0.05,
        "RICO.L": 0.0295614166569795,
        "ULVR.L": 0.0543916605234167,
        "KPN.AS": 0.1633614596800131,
        "601398.SS": 0.1463999052068848,
        "2914.T": 0.0579041370621653,
        "9433.T": 0.0581185279705032,
        "9434.T": 0.1217039446765796,
        "0941.HK": 0.057461171623833,
        "6288.HK": 0.0267358338487313
    }
}