{
    "portfolio_786": {
        "AVGO": 0.0148539894196007,
        "PEP": 0.0897224664684602,
        "TLK": 0.1041861274362994,
        "0DH.F": 0.01,
        "AD.AS": 0.0787878010617224,
        "KPN.AS": 0.1664594718528797,
        "600519.SS": 0.0621285577486751,
        "601398.SS": 0.1795443248450682,
        "4519.T": 0.01,
        "7974.T": 0.0465499509382864,
        "8031.T": 0.01,
        "9432.T": 0.0800362803275727,
        "9434.T": 0.0990987816887429,
        "0857.HK": 0.01,
        "6288.HK": 0.0386322482126923
    }
}