{
    "portfolio_462": {
        "PEP": 0.0970093822300683,
        "BCH": 0.01,
        "TLK": 0.0998006212517004,
        "DG.PA": 0.01,
        "0DH.F": 0.01,
        "BSD2.F": 0.01,
        "AD.AS": 0.0754331854733383,
        "KPN.AS": 0.1531517732552079,
        "600519.SS": 0.0604356359596817,
        "601398.SS": 0.1719933983158576,
        "601728.SS": 0.0321153996618843,
        "7974.T": 0.0477785886401955,
        "9432.T": 0.0856658371009867,
        "9434.T": 0.098863587519979,
        "6288.HK": 0.0377525905911005
    }
}