{
    "portfolio_997": {
        "PEP": 0.0553918986323239,
        "TLK": 0.0727726116056903,
        "APPF": 0.05,
        "TTE.PA": 0.05,
        "ULVR.L": 0.0565463097242896,
        "AD.AS": 0.0702982095918689,
        "KPN.AS": 0.139823231974307,
        "600519.SS": 0.0290575876614694,
        "600941.SS": 0.05,
        "601398.SS": 0.0964852282199792,
        "601939.SS": 0.05,
        "2914.T": 0.0568786989362943,
        "7974.T": 0.05,
        "9434.T": 0.1393083197472333,
        "6288.HK": 0.0334379039065441
    }
}