{
    "portfolio_159": {
        "PEP": 0.0478808796179301,
        "TGS": 0.05,
        "TLK": 0.0315235395541215,
        "AXSM": 0.05,
        "VERX": 0.05,
        "RICO.L": 0.0365114070719217,
        "SHEL.L": 0.05,
        "ULVR.L": 0.0741281915947741,
        "AD.AS": 0.0366218715159962,
        "KPN.AS": 0.1489125009089585,
        "601398.SS": 0.1525878311787274,
        "9432.T": 0.1036721880011244,
        "9434.T": 0.0893690855730884,
        "0883.HK": 0.05,
        "6288.HK": 0.0287925049833571
    }
}