{
    "portfolio_815": {
        "PEP": 0.0771794348971707,
        "BCH": 0.01,
        "TLK": 0.0867574118349059,
        "VERX": 0.01,
        "AD.AS": 0.070588357807031,
        "KPN.AS": 0.1749300917157503,
        "REN.AS": 0.0126621104248374,
        "600519.SS": 0.0485127891815769,
        "601398.SS": 0.1776027719355327,
        "2914.T": 0.0644998871684787,
        "9432.T": 0.0727964561901946,
        "9434.T": 0.1329302005551006,
        "0728.HK": 0.0117457909972523,
        "1288.HK": 0.01,
        "6288.HK": 0.0397946972921693
    }
}