{
    "portfolio_840": {
        "CRESY": 0.05,
        "TLK": 0.0469009569211934,
        "AXSM": 0.05,
        "SAN.PA": 0.0255300939252006,
        "0YXG.L": 0.05,
        "ULVR.L": 0.0858041173212059,
        "AD.AS": 0.0460277480321666,
        "KPN.AS": 0.1251369928421248,
        "600900.SS": 0.043421462385788,
        "601398.SS": 0.171222258833272,
        "2914.T": 0.0425598998473022,
        "8058.T": 0.05,
        "9432.T": 0.1073671924501638,
        "9434.T": 0.0731105320386384,
        "6288.HK": 0.0329187454029445
    }
}