{
    "portfolio_244": {
        "CRESY": 0.05,
        "TLK": 0.0335206416429353,
        "IESC": 0.05,
        "VERX": 0.05,
        "SAN.PA": 0.0256711599855544,
        "ULVR.L": 0.0708681709590214,
        "AD.AS": 0.0631361976629206,
        "KPN.AS": 0.1540807987899843,
        "600900.SS": 0.0571115245772092,
        "601398.SS": 0.1454285150357872,
        "2914.T": 0.0767315983234341,
        "7974.T": 0.05,
        "9433.T": 0.0841319458913093,
        "9983.T": 0.05,
        "0941.HK": 0.0393194471318437
    }
}