{
    "portfolio_133": {
        "TEO": 0.05,
        "TLK": 0.0607199357513662,
        "IESC": 0.05,
        "ULVR.L": 0.0551650008764346,
        "AD.AS": 0.0612541176593291,
        "KPN.AS": 0.1433549459869652,
        "REN.AS": 0.05,
        "600900.SS": 0.0547521018233524,
        "601398.SS": 0.1101458229232325,
        "601939.SS": 0.05,
        "2914.T": 0.0783049983739161,
        "9433.T": 0.05,
        "9434.T": 0.1074225381430915,
        "0941.HK": 0.0465582467330643,
        "6288.HK": 0.0323222917292484
    }
}