{
    "portfolio_547": {
        "PEP": 0.0579575909789042,
        "TMUS": 0.01,
        "TLK": 0.0818779567810799,
        "PRCT": 0.01,
        "BPE.F": 0.01,
        "ULVR.L": 0.0562737421336837,
        "AD.AS": 0.0730628016118705,
        "KPN.AS": 0.1485291053220706,
        "SHELL.AS": 0.0201291526958976,
        "600900.SS": 0.0503540289771743,
        "601398.SS": 0.1484683637054865,
        "2914.T": 0.0878261447148906,
        "9434.T": 0.1545828279947489,
        "0941.HK": 0.0537173357183238,
        "6288.HK": 0.0372209493658693
    }
}