{
    "portfolio_707": {
        "GOOGL": 0.0397278230570787,
        "PEP": 0.1017375375033445,
        "EC": 0.0480512256814485,
        "APPF": 0.0365330752807539,
        "IESC": 0.01,
        "4AH1.F": 0.0103453851401781,
        "LFU2.F": 0.01,
        "ULVR.L": 0.1059478901155329,
        "KPN.AS": 0.1009840299585807,
        "601288.SS": 0.1335137466683266,
        "601728.SS": 0.053090841126378,
        "7974.T": 0.2184605479740047,
        "8031.T": 0.01,
        "9433.T": 0.1116078974943731,
        "9983.T": 0.01
    }
}