{
    "portfolio_696": {
        "TLK": 0.0461044879624076,
        "RYTM": 0.05,
        "BPE5.F": 0.05,
        "0A4J.L": 0.05,
        "ULVR.L": 0.053267012529985,
        "AD.AS": 0.0673794794795454,
        "KPN.AS": 0.14785964698287,
        "600900.SS": 0.0657922693822321,
        "601288.SS": 0.05,
        "601398.SS": 0.1337464311902368,
        "2914.T": 0.0491883586431616,
        "8058.T": 0.05,
        "9432.T": 0.0666285156902252,
        "9434.T": 0.0912802169824999,
        "6288.HK": 0.0287535811568364
    }
}