{
    "portfolio_839": {
        "PEP": 0.0739620844080815,
        "TLK": 0.0929364637549337,
        "AD.AS": 0.0692334115076551,
        "CCEP.AS": 0.01,
        "KPN.AS": 0.1685767776288523,
        "REN.AS": 0.01,
        "WKL.AS": 0.0179290743619437,
        "600519.SS": 0.0484518746247507,
        "601398.SS": 0.1768839482329844,
        "601939.SS": 0.01,
        "2914.T": 0.0672871002317656,
        "9432.T": 0.070524635196088,
        "9434.T": 0.1309392781629117,
        "0883.HK": 0.0138118449395357,
        "6288.HK": 0.0394635069504974
    }
}