{
    "portfolio_995": {
        "PEP": 0.0439482073604662,
        "PKX": 0.05,
        "TLK": 0.0364161298545283,
        "RYTM": 0.05,
        "HSBA.L": 0.05,
        "ULVR.L": 0.0378495923123874,
        "AD.AS": 0.058579557699258,
        "KPN.AS": 0.1620460766715022,
        "601398.SS": 0.1290981618835362,
        "601728.SS": 0.05,
        "601857.SS": 0.05,
        "2914.T": 0.0635124899723614,
        "9432.T": 0.0790799303462014,
        "9434.T": 0.1100970129892127,
        "6288.HK": 0.029372840910546
    }
}