{
    "portfolio_618": {
        "PEP": 0.0862573133653304,
        "PKX": 0.01,
        "TLK": 0.0707572846061484,
        "ADMA": 0.0102472003116847,
        "WK0.F": 0.01,
        "TYT.L": 0.0496525138567389,
        "ULVR.L": 0.0499680305324841,
        "AD.AS": 0.0536754845014434,
        "KPN.AS": 0.1963856069528484,
        "600519.SS": 0.0595849780934142,
        "601398.SS": 0.1517451143892113,
        "601988.SS": 0.01,
        "8001.T": 0.01,
        "9432.T": 0.0914460055575449,
        "9434.T": 0.1402804678331512
    }
}