{
    "portfolio_405": {
        "AVGO": 0.05,
        "TLK": 0.0781581258066107,
        "AXSM": 0.05,
        "SAN.PA": 0.0330754176720286,
        "ULVR.L": 0.058345180059233,
        "AD.AS": 0.0543525107527608,
        "KPN.AS": 0.146783613098036,
        "601328.SS": 0.05,
        "601398.SS": 0.1161763721444496,
        "2914.T": 0.0466298237113834,
        "4063.T": 0.05,
        "9432.T": 0.0884045207330347,
        "9434.T": 0.0975352866883807,
        "1088.HK": 0.05,
        "6288.HK": 0.0305391493340822
    }
}