{
    "portfolio_16": {
        "PEP": 0.0896515407659375,
        "TLK": 0.0814663926344265,
        "WK0.F": 0.01,
        "TTE.L": 0.0110796209026699,
        "ULVR.L": 0.0419649768174432,
        "AD.AS": 0.0645400452758663,
        "KPN.AS": 0.1796340176590602,
        "REN.AS": 0.01,
        "600519.SS": 0.0513121300046907,
        "601398.SS": 0.128813164048795,
        "2914.T": 0.0856952304666827,
        "9433.T": 0.06961976128759,
        "9434.T": 0.116965863683633,
        "0857.HK": 0.0155694556648692,
        "0941.HK": 0.0436878007883361
    }
}