{
    "portfolio_986": {
        "AVGO": 0.05,
        "PEP": 0.0419982737872661,
        "TLK": 0.0740532971374654,
        "SAF.PA": 0.05,
        "ULVR.L": 0.0526709374838146,
        "AD.AS": 0.0503450618821742,
        "KPN.AS": 0.1555001073731361,
        "601398.SS": 0.129012899950108,
        "601899.SS": 0.05,
        "2914.T": 0.0542194973472404,
        "4063.T": 0.05,
        "9432.T": 0.0670181072817854,
        "9434.T": 0.099255441423288,
        "0386.HK": 0.05,
        "6288.HK": 0.0259263763337216
    }
}