{
    "portfolio_46": {
        "AVGO": 0.01,
        "CRESY": 0.01,
        "PEP": 0.0591514899980523,
        "TLK": 0.0871237116978428,
        "VERX": 0.01,
        "ULVR.L": 0.0506866672594976,
        "AD.AS": 0.0705173290290678,
        "KPN.AS": 0.160316453754492,
        "600519.SS": 0.0420335114105363,
        "601398.SS": 0.1785263151277144,
        "2914.T": 0.0737196561893308,
        "9433.T": 0.0659343883530555,
        "9434.T": 0.1296340683087441,
        "0883.HK": 0.0144082935838141,
        "6288.HK": 0.0379474587293243
    }
}