{
    "portfolio_402": {
        "PEP": 0.0817516809636732,
        "TLK": 0.0797700250632746,
        "SHEL.L": 0.0298751844956003,
        "ULVR.L": 0.0453491782754094,
        "AD.AS": 0.0674650175118384,
        "KPN.AS": 0.1519806298500662,
        "600900.SS": 0.0473782193098832,
        "601288.SS": 0.05,
        "601398.SS": 0.0905615525869968,
        "2914.T": 0.0586874880703657,
        "6857.T": 0.05,
        "9432.T": 0.0752273637785403,
        "9434.T": 0.0927094778355836,
        "0941.HK": 0.05,
        "6288.HK": 0.0292441822587683
    }
}