{
    "portfolio_349": {
        "PEP": 0.0636810956492986,
        "TMUS": 0.01,
        "TLK": 0.0931715579858691,
        "SAF.PA": 0.01,
        "ULVR.L": 0.0540751117339696,
        "AD.AS": 0.0705930148071491,
        "KPN.AS": 0.1471033958464406,
        "SHELL.AS": 0.0245394101573455,
        "600028.SS": 0.01,
        "601288.SS": 0.01,
        "601398.SS": 0.154820451712818,
        "2914.T": 0.0880504964106448,
        "9434.T": 0.1625420158990946,
        "0941.HK": 0.0625167759706737,
        "6288.HK": 0.0389066738266964
    }
}