{
    "portfolio_925": {
        "PEP": 0.0587005688291374,
        "TLK": 0.0804814832222719,
        "0YXG.L": 0.05,
        "ULVR.L": 0.0597650494426268,
        "AD.AS": 0.0595521019989792,
        "KPN.AS": 0.1632411582606352,
        "600900.SS": 0.0621682540386102,
        "601328.SS": 0.05,
        "601988.SS": 0.05,
        "2914.T": 0.0548186375615525,
        "8058.T": 0.05,
        "9432.T": 0.0744957147470091,
        "9434.T": 0.1007235838734761,
        "0941.HK": 0.0495775452703656,
        "6288.HK": 0.0364759027553359
    }
}