{
    "portfolio_375": {
        "BCH": 0.05,
        "TLK": 0.0465919828483783,
        "IESC": 0.05,
        "OLLI": 0.05,
        "0K9E.L": 0.05,
        "TYT.L": 0.031967992099135,
        "ULVR.L": 0.0517887494349846,
        "AD.AS": 0.0482053919800385,
        "KPN.AS": 0.1623782876656424,
        "600519.SS": 0.0395677075417088,
        "600941.SS": 0.05,
        "601398.SS": 0.149845200368547,
        "9432.T": 0.0668405769330694,
        "9434.T": 0.117716564749989,
        "6288.HK": 0.0350975463785065
    }
}