{
    "portfolio_430": {
        "PEP": 0.0727959480701708,
        "TLK": 0.0861182471871442,
        "ADMA": 0.01,
        "TTE.PA": 0.01,
        "ULVR.L": 0.0461166583988136,
        "AD.AS": 0.0703329693282428,
        "KPN.AS": 0.1577969601905324,
        "600519.SS": 0.0357958398192558,
        "601398.SS": 0.1501326314943548,
        "601988.SS": 0.01,
        "2914.T": 0.0610346085950806,
        "9432.T": 0.0704627257262881,
        "9434.T": 0.1266006639625658,
        "0941.HK": 0.0551590391272189,
        "6288.HK": 0.0376537081003319
    }
}