{
    "portfolio_685": {
        "PEP": 0.0606455584053981,
        "TMUS": 0.01,
        "TLK": 0.0991604299456347,
        "OL5.F": 0.01,
        "0YXG.L": 0.013151397705794,
        "ULVR.L": 0.0604512149321022,
        "AD.AS": 0.0782340069822462,
        "KPN.AS": 0.1528105782407882,
        "601398.SS": 0.1619843875073239,
        "2914.T": 0.0784257334428916,
        "4519.T": 0.0150814580244279,
        "9434.T": 0.1528015187191914,
        "0386.HK": 0.01,
        "0941.HK": 0.059823543115314,
        "6288.HK": 0.0374301729788882
    }
}