{
    "portfolio_994": {
        "KT": 0.0473357755113404,
        "PKX": 0.01,
        "TLK": 0.0728414596220959,
        "ADMA": 0.01,
        "PJXC.F": 0.01,
        "0K9E.L": 0.0249128510638416,
        "0YXG.L": 0.01,
        "ULVR.L": 0.0597066131578553,
        "AD.AS": 0.074472874676185,
        "KPN.AS": 0.1689454200450833,
        "601398.SS": 0.1826981358098078,
        "2914.T": 0.0546572130009815,
        "9432.T": 0.0902257106316946,
        "9434.T": 0.1369404095818611,
        "6288.HK": 0.0472635368992532
    }
}