{
    "portfolio_805": {
        "PEP": 0.1010798129182762,
        "TMUS": 0.01,
        "TLK": 0.1025530480695752,
        "0DH.F": 0.01,
        "SHEL.L": 0.0440882728015692,
        "ULVR.L": 0.0587854991092483,
        "AD.AS": 0.0786075630411472,
        "KPN.AS": 0.1246466857912181,
        "600519.SS": 0.0617869552606757,
        "601398.SS": 0.1585441841535298,
        "601728.SS": 0.0364039082383929,
        "601939.SS": 0.0170518074624639,
        "7974.T": 0.069561179931767,
        "9433.T": 0.1168910832221364,
        "0386.HK": 0.01
    }
}