{
    "portfolio_535": {
        "PEP": 0.071196618859981,
        "TLK": 0.0912416194224876,
        "IESC": 0.0186048473401058,
        "SAN.PA": 0.0269399019837109,
        "ULVR.L": 0.0472529461111606,
        "AD.AS": 0.0628527603918063,
        "KPN.AS": 0.1551193205125034,
        "600519.SS": 0.0413264959030899,
        "601398.SS": 0.1576288778812096,
        "8001.T": 0.05,
        "8031.T": 0.05,
        "8058.T": 0.05,
        "9433.T": 0.0486852507427071,
        "9434.T": 0.0791513608512377,
        "0941.HK": 0.05
    }
}