{
    "portfolio_506": {
        "PEP": 0.0314754329041867,
        "TLK": 0.0618169960192247,
        "LNTH": 0.05,
        "SAN.PA": 0.0262197606671799,
        "TYT.L": 0.05,
        "ULVR.L": 0.0526977922576685,
        "AD.AS": 0.0459753758173009,
        "INPST.AS": 0.05,
        "KPN.AS": 0.1642969018506043,
        "600519.SS": 0.0311557673108234,
        "601398.SS": 0.1829057803428493,
        "7203.T": 0.05,
        "8001.T": 0.05,
        "9434.T": 0.1313405013808916,
        "6288.HK": 0.0221156914492706
    }
}