{
    "portfolio_8": {
        "PEP": 0.0710569952023782,
        "PKX": 0.01,
        "TLK": 0.0868866496681065,
        "AXSM": 0.01,
        "ULVR.L": 0.0471400314466338,
        "AD.AS": 0.0662443807984472,
        "KPN.AS": 0.1641046665687195,
        "600519.SS": 0.039592501766802,
        "601088.SS": 0.01,
        "601398.SS": 0.1802403910055818,
        "2914.T": 0.0593870362719453,
        "6857.T": 0.01,
        "9432.T": 0.081733617442498,
        "9434.T": 0.1241752256500259,
        "6288.HK": 0.0394385041788616
    }
}