{
    "portfolio_204": {
        "PEP": 0.0584191463536288,
        "TGS": 0.05,
        "TLK": 0.0774441012993419,
        "SKFA.F": 0.05,
        "ULVR.L": 0.0480531328867742,
        "AD.AS": 0.0760025963132916,
        "KPN.AS": 0.1509875217719809,
        "600519.SS": 0.0294776374479359,
        "601398.SS": 0.1047554708714935,
        "601857.SS": 0.05,
        "9432.T": 0.0610056172212496,
        "9433.T": 0.0599681712189318,
        "9434.T": 0.107591406111443,
        "0883.HK": 0.05,
        "6288.HK": 0.0262951985039288
    }
}