{
    "portfolio_635": {
        "PEP": 0.0536137337094673,
        "TLK": 0.0706961234895662,
        "ADMA": 0.05,
        "BSD2.F": 0.05,
        "RICO.L": 0.022244803162764,
        "ULVR.L": 0.0508288903216311,
        "AD.AS": 0.066927207735223,
        "KPN.AS": 0.1303357224637165,
        "601398.SS": 0.120402110377746,
        "2914.T": 0.0528878691956722,
        "9433.T": 0.05,
        "9434.T": 0.1439076273334091,
        "0883.HK": 0.05,
        "1288.HK": 0.05,
        "6288.HK": 0.0381559122108044
    }
}