{
    "portfolio_377": {
        "PEP": 0.0867254709296407,
        "TLK": 0.0715772626077146,
        "RYTM": 0.01,
        "LPS1.F": 0.01,
        "0A7R.L": 0.01,
        "SHEL.L": 0.0357219315198812,
        "ULVR.L": 0.0570592866182788,
        "KPN.AS": 0.1768495560926236,
        "600519.SS": 0.0547220063819644,
        "601288.SS": 0.0440711847438421,
        "601398.SS": 0.1466866908186885,
        "2914.T": 0.060882859845171,
        "9433.T": 0.0854535938135633,
        "9434.T": 0.1157015985403098,
        "6288.HK": 0.0345485580883217
    }
}