{
    "portfolio_513": {
        "TLK": 0.0688990007308993,
        "APPF": 0.05,
        "VERX": 0.05,
        "SAN.PA": 0.0312945203408631,
        "RICO.L": 0.0319854485005145,
        "ULVR.L": 0.050528976862405,
        "AD.AS": 0.0549519358039249,
        "KPN.AS": 0.176787461396254,
        "600900.SS": 0.0394794859459794,
        "601398.SS": 0.1256835161099801,
        "2914.T": 0.0678937157953894,
        "4519.T": 0.05,
        "9434.T": 0.1232664710634739,
        "0883.HK": 0.05,
        "6288.HK": 0.0292294674503164
    }
}