{
    "portfolio_382": {
        "PEP": 0.0526699713969242,
        "TLK": 0.0752216136735068,
        "APPF": 0.05,
        "BSD2.F": 0.05,
        "ULVR.L": 0.050220758615314,
        "AD.AS": 0.0584014698760801,
        "KPN.AS": 0.1448393761964813,
        "600028.SS": 0.05,
        "601398.SS": 0.11927324146503,
        "601728.SS": 0.05,
        "2914.T": 0.053832442860481,
        "4063.T": 0.05,
        "9433.T": 0.0493351565747162,
        "9434.T": 0.113179220764063,
        "6288.HK": 0.0330267485774033
    }
}