{
    "portfolio_289": {
        "PEP": 0.0456111761127308,
        "PKX": 0.05,
        "TLK": 0.0506874455691819,
        "ADMA": 0.05,
        "SAN.PA": 0.0252042419291004,
        "BSD2.F": 0.05,
        "ULVR.L": 0.0481631082980488,
        "AD.AS": 0.0495391277565341,
        "KPN.AS": 0.1372244198385609,
        "601398.SS": 0.1208021551817559,
        "601857.SS": 0.05,
        "8031.T": 0.05,
        "9432.T": 0.0807457408304272,
        "9434.T": 0.1507126144467789,
        "6288.HK": 0.041309970036881
    }
}