{
    "portfolio_246": {
        "CRESY": 0.05,
        "PEP": 0.0531842766461165,
        "TLK": 0.0618386158550615,
        "CS.PA": 0.05,
        "ULVR.L": 0.0747639266450721,
        "AD.AS": 0.0589355810884388,
        "KPN.AS": 0.1289420738110772,
        "600900.SS": 0.0537552550168272,
        "601398.SS": 0.1540373446636098,
        "2914.T": 0.0505273259089135,
        "7974.T": 0.05,
        "8001.T": 0.05,
        "9433.T": 0.0491421565718679,
        "9434.T": 0.0836946918010151,
        "6288.HK": 0.0311787519920004
    }
}