{
    "portfolio_430": {
        "CRESY": 0.05,
        "ADMA": 0.05,
        "RYTM": 0.05,
        "SHEL.L": 0.0213947791419349,
        "ULVR.L": 0.0676158766211747,
        "AD.AS": 0.0730639936042043,
        "KPN.AS": 0.1519573175711604,
        "601138.SS": 0.0201248423631032,
        "601398.SS": 0.1693926942612326,
        "2914.T": 0.0590150367222079,
        "4519.T": 0.05,
        "9432.T": 0.0551897881551805,
        "9434.T": 0.1122515424295138,
        "1088.HK": 0.05,
        "6288.HK": 0.0199941291302872
    }
}