{
    "portfolio_561": {
        "PKX": 0.05,
        "IESC": 0.05,
        "SAN.PA": 0.0257250559180883,
        "8GC.F": 0.05,
        "0YXG.L": 0.05,
        "TYT.L": 0.0247417599730852,
        "ULVR.L": 0.0632865894754839,
        "AD.AS": 0.0442332983742539,
        "KPN.AS": 0.1582134907061194,
        "600900.SS": 0.049988431925524,
        "601398.SS": 0.1612254238056016,
        "2914.T": 0.0473321424342778,
        "9432.T": 0.0932134488013806,
        "9434.T": 0.0968840818122126,
        "6288.HK": 0.0351562767739724
    }
}