{
    "portfolio_459": {
        "PEP": 0.069753714122708,
        "TLK": 0.0874202165711285,
        "SKFA.F": 0.05,
        "ULVR.L": 0.0401706745028118,
        "AD.AS": 0.0740240212033369,
        "KPN.AS": 0.1316318245210578,
        "SHELL.AS": 0.05,
        "600519.SS": 0.029636437154748,
        "601088.SS": 0.05,
        "601398.SS": 0.1374225924927695,
        "601728.SS": 0.0192788100077799,
        "4063.T": 0.05,
        "4519.T": 0.05,
        "9433.T": 0.0856463003484547,
        "9434.T": 0.0750154090752048
    }
}