{
    "portfolio_455": {
        "PEP": 0.0681369217119754,
        "TEO": 0.05,
        "TLK": 0.0534893512791938,
        "TTE.PA": 0.05,
        "BPE5.F": 0.05,
        "ULVR.L": 0.0630343145988345,
        "AD.AS": 0.0715986419253255,
        "KPN.AS": 0.1040837110808712,
        "601398.SS": 0.1432882361599068,
        "2914.T": 0.0454449368403751,
        "9433.T": 0.0687687106427476,
        "9434.T": 0.1044241042671619,
        "0883.HK": 0.05,
        "0941.HK": 0.05,
        "6288.HK": 0.0277310714936079
    }
}