{
    "portfolio_540": {
        "CRESY": 0.05,
        "ADMA": 0.05,
        "OLLI": 0.05,
        "DG.PA": 0.05,
        "TYT.L": 0.027695304306572,
        "ULVR.L": 0.0792898300565535,
        "AD.AS": 0.0438062288231432,
        "KPN.AS": 0.1200732832488537,
        "SHELL.AS": 0.05,
        "601138.SS": 0.0183943053671478,
        "601398.SS": 0.1736530379234438,
        "2914.T": 0.0454831454530798,
        "9432.T": 0.0739724759441243,
        "9434.T": 0.1333210459049414,
        "6288.HK": 0.03431134297214
    }
}