{
    "portfolio_935": {
        "PEP": 0.0795138487970461,
        "BCH": 0.05,
        "TLK": 0.0606451521987424,
        "SHEL.L": 0.05,
        "ULVR.L": 0.0518045950423032,
        "AD.AS": 0.0632515174690793,
        "KPN.AS": 0.1352378403707911,
        "600519.SS": 0.0259321191226004,
        "601328.SS": 0.05,
        "601398.SS": 0.1174355918006872,
        "2914.T": 0.0433224859407782,
        "9432.T": 0.0734513782536222,
        "9434.T": 0.0994054710043497,
        "9983.T": 0.05,
        "0728.HK": 0.05
    }
}