{
    "portfolio_539": {
        "TMUS": 0.05,
        "TLK": 0.0479283537515979,
        "ADMA": 0.05,
        "BPE.F": 0.05,
        "ULVR.L": 0.0701810440181375,
        "AD.AS": 0.0765372744732915,
        "KPN.AS": 0.0924924731065846,
        "SHELL.AS": 0.05,
        "600900.SS": 0.040455026629216,
        "601398.SS": 0.1238714422944016,
        "2914.T": 0.056879188612245,
        "9432.T": 0.0664230231068794,
        "9434.T": 0.1384506228349856,
        "1288.HK": 0.05,
        "6288.HK": 0.036781551172661
    }
}