{
    "portfolio_182": {
        "PEP": 0.0658936474193045,
        "TGS": 0.01,
        "TLK": 0.0975192008570431,
        "DG.PA": 0.01,
        "OL5.F": 0.01,
        "ULVR.L": 0.0620984014746097,
        "AD.AS": 0.0768541610018242,
        "KPN.AS": 0.1511276714702658,
        "601398.SS": 0.1510750025869448,
        "601988.SS": 0.01,
        "2914.T": 0.0796805542607951,
        "9434.T": 0.1629685379761917,
        "0857.HK": 0.0125531092076203,
        "0941.HK": 0.0622816392227234,
        "6288.HK": 0.0379480745226777
    }
}