{
    "portfolio_889": {
        "CRESY": 0.01,
        "PEP": 0.1201558795429796,
        "EC": 0.0463436078826568,
        "APPF": 0.044485901963719,
        "AXSM": 0.01,
        "4AH1.F": 0.0105194171356231,
        "LFU2.F": 0.01,
        "ULVR.L": 0.1125598654112439,
        "KPN.AS": 0.0957459220844133,
        "601288.SS": 0.1306947688097336,
        "601728.SS": 0.0578589795640086,
        "6857.T": 0.01,
        "7974.T": 0.2240395573770656,
        "9432.T": 0.01,
        "9433.T": 0.1075961002285564
    }
}