{
    "portfolio_737": {
        "PEP": 0.0559709287870488,
        "TLK": 0.0443181079246229,
        "VERX": 0.05,
        "AI.PA": 0.05,
        "SAF.PA": 0.05,
        "BPE5.F": 0.05,
        "ULVR.L": 0.0468211867318074,
        "KPN.AS": 0.1582707653732766,
        "600900.SS": 0.0557635825671808,
        "601398.SS": 0.1464253563287964,
        "2914.T": 0.0713404191729433,
        "4519.T": 0.05,
        "9432.T": 0.0550513443812788,
        "9434.T": 0.0866961518307055,
        "6288.HK": 0.0293421569023391
    }
}