{
    "portfolio_877": {
        "PEP": 0.0732720822512404,
        "BCH": 0.05,
        "TLK": 0.0702951911250297,
        "ULVR.L": 0.0689094191331934,
        "AD.AS": 0.0587439710660362,
        "KPN.AS": 0.1283340078684248,
        "SHELL.AS": 0.05,
        "600028.SS": 0.05,
        "601398.SS": 0.0909325075709801,
        "2914.T": 0.0560719592693654,
        "9432.T": 0.0681585573516498,
        "9434.T": 0.1039113154182547,
        "0728.HK": 0.05,
        "0883.HK": 0.05,
        "6288.HK": 0.0313709889458255
    }
}