{
    "portfolio_3": {
        "PEP": 0.0749698430767796,
        "TLK": 0.0914109336353595,
        "SAF.PA": 0.01,
        "0TDD.L": 0.01,
        "ULVR.L": 0.0419922528156656,
        "AD.AS": 0.0667372590331261,
        "KPN.AS": 0.1609130802484383,
        "600519.SS": 0.0363781291891947,
        "601398.SS": 0.161885852847696,
        "2914.T": 0.0607414122734933,
        "8001.T": 0.01,
        "9432.T": 0.0666111933215448,
        "9434.T": 0.1186729721678397,
        "0941.HK": 0.0548573438465478,
        "6288.HK": 0.0348297275443144
    }
}