{
    "portfolio_736": {
        "AVGO": 0.0100373959074448,
        "PEP": 0.0815592017685252,
        "BCH": 0.01,
        "TEO": 0.01,
        "TLK": 0.0967245471393289,
        "OLLI": 0.01,
        "0DH.F": 0.01,
        "AD.AS": 0.0782501176116744,
        "KPN.AS": 0.1629032308487215,
        "600519.SS": 0.0619395134333348,
        "601398.SS": 0.1846898637404136,
        "7974.T": 0.0553146446072419,
        "9432.T": 0.0847131727853814,
        "9434.T": 0.1020606581129213,
        "6288.HK": 0.0418076540450119
    }
}