{
    "portfolio_19": {
        "PEP": 0.0517047189879925,
        "TLK": 0.0657398780302936,
        "LNTH": 0.05,
        "SKFA.F": 0.05,
        "SHEL.L": 0.0210980622875311,
        "ULVR.L": 0.041699931150377,
        "AD.AS": 0.0634708886487007,
        "KPN.AS": 0.1678788895077499,
        "600519.SS": 0.038779346226203,
        "601398.SS": 0.1294540755456729,
        "601857.SS": 0.05,
        "9432.T": 0.05,
        "9433.T": 0.0559507612939102,
        "9434.T": 0.1142234483215692,
        "9983.T": 0.05
    }
}