{
    "portfolio_643": {
        "PEP": 0.0496070023018053,
        "TLK": 0.0450201738615511,
        "ADMA": 0.05,
        "SAF.PA": 0.05,
        "8GC.F": 0.05,
        "ULVR.L": 0.0646840303645646,
        "AD.AS": 0.0473023395397018,
        "KPN.AS": 0.1353852243931224,
        "600519.SS": 0.0204436846931498,
        "600941.SS": 0.05,
        "601398.SS": 0.1422558903079095,
        "8058.T": 0.05,
        "9432.T": 0.0823705616094171,
        "9434.T": 0.1263271465513929,
        "6288.HK": 0.036603946377385
    }
}