{
    "portfolio_350": {
        "CRESY": 0.05,
        "PEP": 0.0556532243558125,
        "TLK": 0.0699068028986781,
        "PQ9.F": 0.0052913780702445,
        "ULVR.L": 0.0803323849216229,
        "AD.AS": 0.0694360670330302,
        "KPN.AS": 0.1303518865850196,
        "601288.SS": 0.05,
        "601398.SS": 0.1257427376888154,
        "601899.SS": 0.05,
        "2914.T": 0.0741257766086636,
        "7974.T": 0.05,
        "9433.T": 0.072141903715289,
        "9434.T": 0.088516547666769,
        "6288.HK": 0.0285012904560552
    }
}