{
    "portfolio_875": {
        "PEP": 0.0747875862361795,
        "TGS": 0.01,
        "TLK": 0.0832697874031827,
        "BPE5.F": 0.01,
        "ULVR.L": 0.0478186045038795,
        "AD.AS": 0.0707354698280426,
        "KPN.AS": 0.161717357614192,
        "600519.SS": 0.0426206826697007,
        "601398.SS": 0.1777453307135981,
        "601939.SS": 0.01,
        "2914.T": 0.0591279067723437,
        "4519.T": 0.0146575126286507,
        "9432.T": 0.068287905596432,
        "9434.T": 0.1290258368386064,
        "6288.HK": 0.0402060191951921
    }
}