{
    "portfolio_263": {
        "PEP": 0.049796040742331,
        "TLK": 0.0655359299647837,
        "ADMA": 0.05,
        "TTE.PA": 0.05,
        "ULVR.L": 0.0570180553986211,
        "AD.AS": 0.0692163959793027,
        "KPN.AS": 0.1262544499447237,
        "600900.SS": 0.0414128405091929,
        "601398.SS": 0.0886823436279208,
        "601988.SS": 0.05,
        "2914.T": 0.0664952148613822,
        "9433.T": 0.0520626940275504,
        "9434.T": 0.1386465555179666,
        "0941.HK": 0.0535204268803741,
        "6288.HK": 0.0413590525458506
    }
}