{
    "portfolio_463": {
        "PKX": 0.05,
        "TEO": 0.05,
        "TLK": 0.0339355267501322,
        "LNTH": 0.05,
        "SAN.PA": 0.0295595119449849,
        "RICO.L": 0.0262429266352929,
        "ULVR.L": 0.0698341433286894,
        "AD.AS": 0.0564400685457125,
        "KPN.AS": 0.1543633545888855,
        "601398.SS": 0.146615119126531,
        "7974.T": 0.05,
        "9432.T": 0.0515729015251227,
        "9434.T": 0.1522117322079229,
        "0386.HK": 0.05,
        "6288.HK": 0.0292247153467258
    }
}