{
    "portfolio_723": {
        "TGS": 0.05,
        "TLK": 0.0312691082147858,
        "PRCT": 0.05,
        "RICO.L": 0.0216707840747619,
        "ULVR.L": 0.0679763299891337,
        "AD.AS": 0.0778195163877473,
        "KPN.AS": 0.1823863956597864,
        "600900.SS": 0.053116320019968,
        "601328.SS": 0.05,
        "601398.SS": 0.1315048321201632,
        "2914.T": 0.043158771421351,
        "6857.T": 0.05,
        "9432.T": 0.051777352820606,
        "9434.T": 0.113861360631396,
        "6288.HK": 0.0254592286603008
    }
}