{
    "portfolio_542": {
        "TMUS": 0.05,
        "PKX": 0.05,
        "TLK": 0.0808273056022766,
        "SAN.PA": 0.0207727090878843,
        "SKFA.F": 0.05,
        "ULVR.L": 0.0452574318233849,
        "AD.AS": 0.0693606015305056,
        "KPN.AS": 0.1441250880801274,
        "600900.SS": 0.0460939065592081,
        "601398.SS": 0.1245626835129988,
        "8031.T": 0.05,
        "9432.T": 0.0797654176662602,
        "9434.T": 0.1170181110884219,
        "0386.HK": 0.05,
        "6288.HK": 0.0222167450489318
    }
}