{
    "portfolio_31": {
        "CRESY": 0.01,
        "PEP": 0.0603823152605374,
        "TLK": 0.098507477006827,
        "SAF.PA": 0.01,
        "OL5.F": 0.01,
        "SKFA.F": 0.01,
        "ULVR.L": 0.0623012045143625,
        "AD.AS": 0.0772065433518521,
        "KPN.AS": 0.1509387258575068,
        "601398.SS": 0.166340636108127,
        "2914.T": 0.0769059914713987,
        "8031.T": 0.01,
        "9434.T": 0.154242990928692,
        "0941.HK": 0.0680704002134846,
        "6288.HK": 0.0351037152872118
    }
}