{
    "portfolio_760": {
        "CRESY": 0.05,
        "TMUS": 0.05,
        "TLK": 0.0562900692193152,
        "DG.PA": 0.05,
        "ULVR.L": 0.0696010396914866,
        "AD.AS": 0.0691386971408989,
        "KPN.AS": 0.1250687747018118,
        "600900.SS": 0.0340618396241999,
        "601138.SS": 0.0145950459350848,
        "601398.SS": 0.1490370584464247,
        "2914.T": 0.049394467369687,
        "9432.T": 0.0652293556678582,
        "9434.T": 0.1175836522032325,
        "9983.T": 0.05,
        "0386.HK": 0.05
    }
}