{
    "portfolio_639": {
        "AVGO": 0.01,
        "PEP": 0.1148817000258625,
        "EC": 0.0515977948478694,
        "APPF": 0.0448208324276993,
        "DG.PA": 0.01,
        "4AH1.F": 0.0105213866540164,
        "LFU2.F": 0.01,
        "ULVR.L": 0.1035397248070278,
        "CCEP.AS": 0.013906058658465,
        "KPN.AS": 0.0951926110526636,
        "601288.SS": 0.1321181818743225,
        "601728.SS": 0.0591137399831357,
        "7974.T": 0.2237012204631131,
        "8031.T": 0.01,
        "9433.T": 0.1106067492058246
    }
}