{
    "portfolio_872": {
        "MSFT": 0.01,
        "PEP": 0.0978295454638672,
        "TLK": 0.0864281111914328,
        "APPF": 0.0250232236369062,
        "0DH.F": 0.01,
        "BPE5.F": 0.0122147133837832,
        "WK0.F": 0.01,
        "AD.AS": 0.0740948103686091,
        "KPN.AS": 0.1803561005065154,
        "600519.SS": 0.0690417937405638,
        "601288.SS": 0.1347855144912412,
        "2914.T": 0.0991012123553814,
        "9433.T": 0.1101644142008943,
        "0941.HK": 0.0709605606608052,
        "1088.HK": 0.01
    }
}