{
    "portfolio_503": {
        "PEP": 0.0781677341746687,
        "TLK": 0.0832356732600988,
        "HSBA.L": 0.05,
        "AD.AS": 0.063274704807393,
        "KPN.AS": 0.1530667632848368,
        "WKL.AS": 0.05,
        "600519.SS": 0.0346882669747165,
        "601328.SS": 0.05,
        "601398.SS": 0.0602548886286892,
        "601857.SS": 0.05,
        "2914.T": 0.0609040435603831,
        "9432.T": 0.074717442203315,
        "9434.T": 0.1107231883989009,
        "0386.HK": 0.05,
        "6288.HK": 0.0309672947069981
    }
}