{
    "portfolio_487": {
        "PEP": 0.07574269088263,
        "TLK": 0.0886580238109514,
        "DG.PA": 0.05,
        "ULVR.L": 0.0448492871750604,
        "AD.AS": 0.0563002191561928,
        "KPN.AS": 0.1432644452606212,
        "600028.SS": 0.05,
        "600519.SS": 0.0344811723817701,
        "600941.SS": 0.05,
        "601398.SS": 0.095476876332504,
        "601728.SS": 0.05,
        "4063.T": 0.05,
        "9433.T": 0.0713743623475607,
        "9434.T": 0.1181339767201216,
        "6288.HK": 0.0217189459325879
    }
}