{
    "portfolio_41": {
        "PEP": 0.073044897006438,
        "TLK": 0.0795203670065801,
        "IESC": 0.016495122487632,
        "SHEL.L": 0.0238598902523518,
        "ULVR.L": 0.0480443168618976,
        "AD.AS": 0.074046120234435,
        "KPN.AS": 0.1486779226793003,
        "600900.SS": 0.0446615639524029,
        "601398.SS": 0.136056607915235,
        "2914.T": 0.0626090701362186,
        "4519.T": 0.05,
        "7974.T": 0.05,
        "9434.T": 0.0929841214675086,
        "0941.HK": 0.05,
        "6288.HK": 0.05
    }
}