{
    "portfolio_829": {
        "KT": 0.0599526485981827,
        "TLK": 0.0823218901011817,
        "OLLI": 0.01,
        "PJXC.F": 0.01,
        "ULVR.L": 0.0627301929686159,
        "AD.AS": 0.0793321410582152,
        "KPN.AS": 0.1746926853160438,
        "601288.SS": 0.0501876843915777,
        "601398.SS": 0.1249699666116539,
        "601988.SS": 0.01,
        "2914.T": 0.0589563813442183,
        "7974.T": 0.0213598692555032,
        "9432.T": 0.0804573649076341,
        "9434.T": 0.1282169418272098,
        "6288.HK": 0.0468222336199635
    }
}