{
    "portfolio_934": {
        "PEP": 0.0500621531876958,
        "TGS": 0.05,
        "TLK": 0.0602141230104867,
        "TYT.L": 0.05,
        "ULVR.L": 0.0497314755747399,
        "AD.AS": 0.0582097764321747,
        "CCEP.AS": 0.05,
        "KPN.AS": 0.147186562962551,
        "600519.SS": 0.0294021788958053,
        "600941.SS": 0.05,
        "601398.SS": 0.1508610236990097,
        "6857.T": 0.05,
        "9432.T": 0.0768371820197696,
        "9434.T": 0.1050635033598064,
        "6288.HK": 0.0224320208579607
    }
}