{
    "portfolio_100": {
        "AVGO": 0.05,
        "BSAC": 0.05,
        "TLK": 0.0590363237166217,
        "BPE5.F": 0.05,
        "SKFA.F": 0.05,
        "ULVR.L": 0.0577364027510991,
        "AD.AS": 0.0677910427199357,
        "KPN.AS": 0.1452305220528379,
        "600900.SS": 0.0628665388915859,
        "601398.SS": 0.1364719341389213,
        "8031.T": 0.05,
        "9432.T": 0.0620024803036975,
        "9433.T": 0.0424006679435721,
        "9434.T": 0.0885332791453125,
        "6288.HK": 0.027930808336416
    }
}