{
    "portfolio_140": {
        "AVGO": 0.05,
        "TLK": 0.0654649802409822,
        "AXSM": 0.05,
        "DG.PA": 0.05,
        "SAN.PA": 0.0301515786705761,
        "RICO.L": 0.0205175749203917,
        "ULVR.L": 0.0584303392205854,
        "AD.AS": 0.0407111725753544,
        "KPN.AS": 0.1323842347268608,
        "601398.SS": 0.1683879161643808,
        "601728.SS": 0.05,
        "2914.T": 0.0537112452938561,
        "9432.T": 0.0898014608220854,
        "9434.T": 0.1067015361249545,
        "6288.HK": 0.0337379612399727
    }
}