{
    "portfolio_428": {
        "CRESY": 0.05,
        "PEP": 0.0475632992713877,
        "TLK": 0.0774400710689413,
        "0TDD.L": 0.05,
        "ULVR.L": 0.0702341586625892,
        "AD.AS": 0.0648255747484232,
        "KPN.AS": 0.1304775560366936,
        "601088.SS": 0.05,
        "601398.SS": 0.13325516989443,
        "2914.T": 0.0487690450069061,
        "8001.T": 0.05,
        "9433.T": 0.0738121338533647,
        "9434.T": 0.0812636983648826,
        "0883.HK": 0.05,
        "6288.HK": 0.0223592930923815
    }
}