{
    "portfolio_311": {
        "PEP": 0.0869546372503081,
        "TMUS": 0.01,
        "TLK": 0.0830535173593621,
        "SHEL.L": 0.0313303811362643,
        "AD.AS": 0.074257736851258,
        "KPN.AS": 0.1695755070529036,
        "600519.SS": 0.0502134763804854,
        "601288.SS": 0.01,
        "601328.SS": 0.01,
        "601398.SS": 0.1720013244916642,
        "4063.T": 0.0225545578486619,
        "9432.T": 0.0864615561639383,
        "9434.T": 0.1467639536069998,
        "1288.HK": 0.01,
        "6288.HK": 0.0368333518581541
    }
}