{
    "portfolio_755": {
        "CRESY": 0.05,
        "BCH": 0.05,
        "TLK": 0.0356050770781099,
        "ADMA": 0.05,
        "SAN.PA": 0.023806879395757,
        "ULVR.L": 0.0812075248250673,
        "AD.AS": 0.0636896106518717,
        "KPN.AS": 0.1302811265069736,
        "601138.SS": 0.0145691838745258,
        "601398.SS": 0.1653815739662492,
        "8001.T": 0.05,
        "9432.T": 0.0797707318636705,
        "9434.T": 0.1197626825480866,
        "9983.T": 0.05,
        "0941.HK": 0.0359256092896882
    }
}