{
    "portfolio_822": {
        "PEP": 0.0754676619808073,
        "TLK": 0.09189186991091,
        "SMMT": 0.01,
        "SAF.PA": 0.01,
        "SHEL.L": 0.0329055819296589,
        "ULVR.L": 0.050039123873455,
        "AD.AS": 0.0578120981235748,
        "KPN.AS": 0.1534466788065448,
        "600900.SS": 0.0590697115013592,
        "601398.SS": 0.1489760747521152,
        "601857.SS": 0.01,
        "2914.T": 0.093644970183953,
        "9434.T": 0.154693038183748,
        "0386.HK": 0.01,
        "6288.HK": 0.0420531907538736
    }
}