{
    "portfolio_973": {
        "PEP": 0.0658768442500416,
        "PKX": 0.05,
        "TLK": 0.0829294571377448,
        "SAN.PA": 0.0291625076939838,
        "ULVR.L": 0.0467562498588565,
        "AD.AS": 0.0602661863880934,
        "KPN.AS": 0.1477245188558316,
        "600519.SS": 0.0273566594664376,
        "601398.SS": 0.1536019409879088,
        "8001.T": 0.05,
        "8058.T": 0.05,
        "9433.T": 0.05,
        "9434.T": 0.1130211506530357,
        "0883.HK": 0.05,
        "6288.HK": 0.023304484708066
    }
}