{
    "portfolio_198": {
        "TLK": 0.0634182190397574,
        "ADMA": 0.05,
        "BSD2.F": 0.05,
        "0YXG.L": 0.05,
        "ULVR.L": 0.0512112925715528,
        "AD.AS": 0.062661895230487,
        "KPN.AS": 0.1348648837184924,
        "600900.SS": 0.0372407964226448,
        "601288.SS": 0.05,
        "601398.SS": 0.0899081366641847,
        "2914.T": 0.0746260604709227,
        "9433.T": 0.05,
        "9434.T": 0.1460310141033584,
        "0941.HK": 0.0453704515284751,
        "6288.HK": 0.0446672502501244
    }
}