{
    "portfolio_156": {
        "PEP": 0.0327556221494445,
        "PKX": 0.05,
        "TGS": 0.05,
        "LNTH": 0.05,
        "SAN.PA": 0.0265854385667418,
        "BSD2.F": 0.05,
        "RICO.L": 0.0244042027244893,
        "ULVR.L": 0.0602389740802581,
        "AD.AS": 0.0482240005412403,
        "KPN.AS": 0.1413764810946888,
        "601398.SS": 0.1534506872501774,
        "601728.SS": 0.05,
        "9432.T": 0.067932673797668,
        "9434.T": 0.1576598125137218,
        "6288.HK": 0.0373721072815698
    }
}