{
    "portfolio_915": {
        "PEP": 0.0719094810302084,
        "TMUS": 0.01,
        "TLK": 0.0836789327562084,
        "IESC": 0.0163676503254471,
        "AI.PA": 0.01,
        "AD.AS": 0.0758313651545947,
        "KPN.AS": 0.1723434811097926,
        "600519.SS": 0.0422136190224497,
        "601398.SS": 0.1714016964773851,
        "2914.T": 0.0603148448143587,
        "9432.T": 0.0668241610937794,
        "9434.T": 0.1221680053310892,
        "9983.T": 0.01,
        "0941.HK": 0.0550275968018545,
        "6288.HK": 0.0319191660828321
    }
}