{
    "portfolio_798": {
        "PEP": 0.0739019894623425,
        "TLK": 0.082268905527295,
        "RYTM": 0.01,
        "VERX": 0.01,
        "DG.PA": 0.01,
        "0TDD.L": 0.01,
        "AD.AS": 0.0695895671367056,
        "KPN.AS": 0.1797428837009956,
        "600519.SS": 0.0478207928160747,
        "601398.SS": 0.1845728647139959,
        "601939.SS": 0.01,
        "2914.T": 0.0658442359627583,
        "9432.T": 0.0726323648961896,
        "9434.T": 0.1344874962784337,
        "6288.HK": 0.0391388995052091
    }
}