{
    "portfolio_939": {
        "PEP": 0.08748978232011,
        "TLK": 0.0917406241855693,
        "AD.AS": 0.0791460030959411,
        "KPN.AS": 0.1741007826928796,
        "600028.SS": 0.01,
        "600519.SS": 0.0420266731139679,
        "601398.SS": 0.1572174697054086,
        "2914.T": 0.0572932328603812,
        "6857.T": 0.01,
        "9432.T": 0.071641467169447,
        "9434.T": 0.1215068399930482,
        "9983.T": 0.01,
        "0941.HK": 0.0463853997201952,
        "1288.HK": 0.01,
        "6288.HK": 0.0314517251430519
    }
}