{
    "portfolio_431": {
        "PEP": 0.0442753546373924,
        "TLK": 0.0689120791199413,
        "LNTH": 0.05,
        "SKFA.F": 0.05,
        "SHEL.L": 0.0222060015965034,
        "ULVR.L": 0.0505781297090941,
        "AD.AS": 0.0627788893023308,
        "KPN.AS": 0.1586001005862523,
        "600900.SS": 0.045357440607816,
        "601398.SS": 0.1358497147873776,
        "8031.T": 0.05,
        "9433.T": 0.0657839575203903,
        "9434.T": 0.0956583321329018,
        "9983.T": 0.05,
        "0728.HK": 0.05
    }
}