{
    "portfolio_518": {
        "PEP": 0.0701210878973078,
        "TLK": 0.0857256538375359,
        "IESC": 0.0144803246987969,
        "DG.PA": 0.05,
        "ULVR.L": 0.0453072488265029,
        "AD.AS": 0.0501494901584858,
        "KPN.AS": 0.152465926608106,
        "600519.SS": 0.0373501482995238,
        "601398.SS": 0.1469419461920785,
        "4063.T": 0.05,
        "8001.T": 0.05,
        "8058.T": 0.05,
        "9433.T": 0.0525377617241276,
        "9434.T": 0.0949204117575344,
        "0857.HK": 0.05
    }
}