{
    "portfolio_816": {
        "PEP": 0.0709873079604397,
        "TLK": 0.1024191652534182,
        "TTE.PA": 0.01,
        "OL5.F": 0.01,
        "ULVR.L": 0.0619890404536061,
        "AD.AS": 0.0770138103984739,
        "KPN.AS": 0.1536509753775225,
        "600028.SS": 0.01,
        "601398.SS": 0.1499124122553822,
        "601857.SS": 0.01,
        "2914.T": 0.0781244973130941,
        "8001.T": 0.01,
        "9434.T": 0.15625412085209,
        "0941.HK": 0.0613848445461028,
        "6288.HK": 0.0382638255898703
    }
}