{
    "portfolio_113": {
        "PEP": 0.0766319037200528,
        "TLK": 0.0894673380758418,
        "ADMA": 0.01,
        "ULVR.L": 0.0487026939028208,
        "AD.AS": 0.067436247821613,
        "KPN.AS": 0.170946298266635,
        "600519.SS": 0.0460094986433384,
        "600941.SS": 0.01,
        "601398.SS": 0.166131636954312,
        "8001.T": 0.01,
        "9432.T": 0.0839593544230266,
        "9434.T": 0.1548134598680994,
        "0857.HK": 0.0170997239710768,
        "0883.HK": 0.01,
        "6288.HK": 0.0388018443531832
    }
}