{
    "portfolio_502": {
        "AVGO": 0.05,
        "TLK": 0.0381592466761113,
        "PRCT": 0.05,
        "SAN.PA": 0.0235763449769124,
        "SHEL.L": 0.0229060722627017,
        "ULVR.L": 0.060905023315506,
        "AD.AS": 0.06159746158487,
        "KPN.AS": 0.1704458581631416,
        "600900.SS": 0.048822595667138,
        "601398.SS": 0.1503093741577878,
        "2914.T": 0.0713212260056547,
        "9432.T": 0.05,
        "9434.T": 0.1200872907568192,
        "0728.HK": 0.05,
        "6288.HK": 0.0318695064333572
    }
}