{
    "portfolio_858": {
        "AVGO": 0.05,
        "PEP": 0.0378929231375279,
        "EC": 0.05,
        "TLK": 0.0606173759649781,
        "SAN.PA": 0.0230888274763609,
        "ULVR.L": 0.0503861911216082,
        "AD.AS": 0.0689050762102328,
        "KPN.AS": 0.1270664761128642,
        "600519.SS": 0.0308199477116194,
        "601398.SS": 0.1512102003117814,
        "2914.T": 0.0668657678475051,
        "9433.T": 0.0640193219824707,
        "9434.T": 0.1362454764436031,
        "0857.HK": 0.05,
        "6288.HK": 0.032882415679448
    }
}