{
    "portfolio_760": {
        "PEP": 0.0852689493079734,
        "BSAC": 0.01,
        "PKX": 0.01,
        "TGS": 0.01,
        "TLK": 0.0665436977019682,
        "WK0.F": 0.01,
        "TYT.L": 0.0507953385708845,
        "ULVR.L": 0.0519281951104135,
        "AD.AS": 0.0539454253127274,
        "KPN.AS": 0.194368945138906,
        "600519.SS": 0.0555279141263786,
        "601138.SS": 0.01,
        "601398.SS": 0.1598860606145633,
        "9432.T": 0.0939100605125086,
        "9434.T": 0.1378254136036766
    }
}