{
    "portfolio_393": {
        "PEP": 0.0590355788827534,
        "TLK": 0.087097430811521,
        "IESC": 0.016365567996226,
        "ULVR.L": 0.0400059482608003,
        "AD.AS": 0.0478251536025541,
        "CCEP.AS": 0.05,
        "KPN.AS": 0.1726380598941336,
        "600519.SS": 0.0414141143519528,
        "601288.SS": 0.05,
        "601398.SS": 0.1359589701020295,
        "8001.T": 0.05,
        "8031.T": 0.05,
        "9432.T": 0.0601465319960459,
        "9434.T": 0.1122646718203507,
        "6288.HK": 0.0272479722816325
    }
}