{
    "portfolio_558": {
        "TEO": 0.05,
        "TLK": 0.0793386126043046,
        "SAF.PA": 0.05,
        "SKFA.F": 0.05,
        "ULVR.L": 0.0351225659118893,
        "AD.AS": 0.0539852639287957,
        "KPN.AS": 0.1258927894922118,
        "REN.AS": 0.05,
        "600900.SS": 0.0534010167627057,
        "601398.SS": 0.1451092208413345,
        "2914.T": 0.0483256382335431,
        "4063.T": 0.05,
        "9433.T": 0.0688213880603361,
        "9434.T": 0.0906932257178825,
        "0941.HK": 0.0493102784469967
    }
}