{
    "portfolio_334": {
        "PEP": 0.1221381940292205,
        "EC": 0.0500009411247684,
        "APPF": 0.044578388795344,
        "RYTM": 0.01,
        "4AH1.F": 0.0103090420411671,
        "LFU2.F": 0.01,
        "ULVR.L": 0.1047697022826488,
        "KPN.AS": 0.1028739332764141,
        "601288.SS": 0.1340587101863501,
        "601728.SS": 0.0563497342562761,
        "7974.T": 0.21945652537139,
        "9433.T": 0.105464828636421,
        "9434.T": 0.01,
        "9983.T": 0.01,
        "0883.HK": 0.01
    }
}