{
    "portfolio_464": {
        "KT": 0.0610559679291048,
        "TLK": 0.0847102354033545,
        "PJXC.F": 0.01,
        "ULVR.L": 0.0609737610193621,
        "AD.AS": 0.0806841777450523,
        "KPN.AS": 0.1719862754813377,
        "REN.AS": 0.01,
        "601398.SS": 0.174916699347306,
        "2914.T": 0.0544544273209486,
        "4519.T": 0.01,
        "8058.T": 0.01,
        "9432.T": 0.0819993213419542,
        "9434.T": 0.1279403655306676,
        "1288.HK": 0.0171450367067092,
        "6288.HK": 0.0441337321742028
    }
}