{
    "portfolio_624": {
        "PEP": 0.068689868616593,
        "TLK": 0.0732666302673718,
        "BSD2.F": 0.05,
        "AD.AS": 0.0493749718866052,
        "CCEP.AS": 0.05,
        "INGA.AS": 0.05,
        "KPN.AS": 0.1327677206234506,
        "600519.SS": 0.0240590907372784,
        "601398.SS": 0.1303357969790978,
        "2914.T": 0.0526714329818785,
        "9432.T": 0.0685500916541217,
        "9434.T": 0.1159161785762757,
        "0941.HK": 0.05,
        "3988.HK": 0.05,
        "6288.HK": 0.034368217677327
    }
}