{
    "portfolio_676": {
        "CRESY": 0.05,
        "PEP": 0.0505473107180515,
        "TLK": 0.0512405679522795,
        "SAF.PA": 0.05,
        "HSBA.L": 0.05,
        "ULVR.L": 0.0644578230440068,
        "AD.AS": 0.0531162321246196,
        "KPN.AS": 0.1301108240298226,
        "601398.SS": 0.1593762014299766,
        "2914.T": 0.0411655016647469,
        "8058.T": 0.05,
        "9432.T": 0.0765491252238959,
        "9434.T": 0.0948506569895724,
        "0386.HK": 0.05,
        "6288.HK": 0.028585756823028
    }
}