{
    "portfolio_338": {
        "CRESY": 0.01,
        "PEP": 0.0928873997831924,
        "TLK": 0.102014559051928,
        "AXSM": 0.01,
        "0DH.F": 0.01,
        "ULVR.L": 0.0612566305934916,
        "AD.AS": 0.0724379095317262,
        "KPN.AS": 0.1535035811125009,
        "600519.SS": 0.0548694717349956,
        "601398.SS": 0.1853407160997324,
        "7974.T": 0.0613974631111342,
        "8031.T": 0.01,
        "9432.T": 0.1254702585574164,
        "1088.HK": 0.01,
        "6288.HK": 0.0408220104238825
    }
}