{
    "portfolio_931": {
        "CRESY": 0.05,
        "PEP": 0.0538949357474636,
        "TLK": 0.0574219763343721,
        "IESC": 0.0141040184054056,
        "ULVR.L": 0.0710132208832012,
        "AD.AS": 0.0676418595269402,
        "KPN.AS": 0.1525116447241201,
        "600900.SS": 0.0466590031101145,
        "601398.SS": 0.1537303645903614,
        "2914.T": 0.05,
        "8001.T": 0.05,
        "9432.T": 0.059866697931185,
        "9434.T": 0.0808985345271433,
        "9983.T": 0.05,
        "0941.HK": 0.0422577442196928
    }
}