{
    "portfolio_530": {
        "PEP": 0.0598137767144452,
        "TAK": 0.0510023392322551,
        "TLK": 0.0874175982827593,
        "OL5.F": 0.01,
        "SHEL.L": 0.0305521797573868,
        "ULVR.L": 0.066357382465956,
        "AD.AS": 0.0709145870959963,
        "KPN.AS": 0.1486548091581216,
        "600941.SS": 0.01,
        "601398.SS": 0.1683595519683467,
        "601857.SS": 0.01,
        "2914.T": 0.0788059756365522,
        "9434.T": 0.1531417238622042,
        "0857.HK": 0.0126461747721076,
        "6288.HK": 0.0423339010538691
    }
}