{
    "portfolio_307": {
        "PEP": 0.0709136279371962,
        "TLK": 0.0903939273219442,
        "AI.PA": 0.05,
        "BPE.F": 0.05,
        "ULVR.L": 0.0560467923120326,
        "AD.AS": 0.0584684693320184,
        "KPN.AS": 0.1278648351753952,
        "600028.SS": 0.05,
        "601398.SS": 0.070293688268892,
        "601857.SS": 0.05,
        "2914.T": 0.070945594751918,
        "9433.T": 0.0678573901207295,
        "9434.T": 0.1079873907126504,
        "0883.HK": 0.05,
        "6288.HK": 0.0292282840672238
    }
}