{
    "portfolio_225": {
        "TMUS": 0.05,
        "TLK": 0.0785291556254363,
        "APPF": 0.05,
        "RICO.L": 0.0277053821728923,
        "SHEL.L": 0.0278404164022358,
        "ULVR.L": 0.0586369682803494,
        "AD.AS": 0.0750088590675911,
        "KPN.AS": 0.1387245190446147,
        "601398.SS": 0.1090138843901643,
        "601857.SS": 0.05,
        "2914.T": 0.0661939500723523,
        "9433.T": 0.05,
        "9434.T": 0.1327683518487572,
        "1288.HK": 0.05,
        "6288.HK": 0.0355785130956068
    }
}