{
    "portfolio_138": {
        "PEP": 0.0679402399738699,
        "TMUS": 0.01,
        "BCH": 0.01,
        "TLK": 0.0864675183730958,
        "AXSM": 0.01,
        "SKFA.F": 0.01,
        "ULVR.L": 0.0478087934539021,
        "AD.AS": 0.0663728721294561,
        "KPN.AS": 0.1637860130072985,
        "600519.SS": 0.0464579653698067,
        "601398.SS": 0.1839716852225024,
        "601728.SS": 0.0161962839908636,
        "9432.T": 0.0985017706902013,
        "9434.T": 0.1440492453491068,
        "6288.HK": 0.0384476124398965
    }
}