{
    "portfolio_587": {
        "CRESY": 0.05,
        "PEP": 0.0568193110168908,
        "TLK": 0.0514366380826797,
        "HSBA.L": 0.05,
        "ULVR.L": 0.05204650049454,
        "AD.AS": 0.0569308655197546,
        "INGA.AS": 0.05,
        "KPN.AS": 0.1255016636735918,
        "601398.SS": 0.1239757724579576,
        "601939.SS": 0.05,
        "2914.T": 0.0644549015942508,
        "9432.T": 0.082619848693312,
        "9434.T": 0.104185620695423,
        "0941.HK": 0.0456281675639546,
        "6288.HK": 0.0364007102076451
    }
}