{
    "portfolio_906": {
        "PEP": 0.0489903139464148,
        "TLK": 0.0724586979379344,
        "RYTM": 0.05,
        "ULVR.L": 0.0543702758827416,
        "AD.AS": 0.0762227515387298,
        "KPN.AS": 0.1636878765773117,
        "600941.SS": 0.05,
        "601398.SS": 0.1010176273569004,
        "601988.SS": 0.05,
        "2914.T": 0.0642105007853137,
        "7974.T": 0.05,
        "9433.T": 0.0497030968432712,
        "9434.T": 0.0920675087858944,
        "0883.HK": 0.05,
        "6288.HK": 0.0272713503454876
    }
}