{
    "portfolio_670": {
        "AVGO": 0.01,
        "PEP": 0.0507062412166168,
        "PKX": 0.01,
        "TLK": 0.0863858602830473,
        "PRCT": 0.01,
        "DG.PA": 0.01,
        "SAF.PA": 0.01,
        "ULVR.L": 0.0509175410616525,
        "AD.AS": 0.0675584242240677,
        "KPN.AS": 0.163787450142781,
        "601398.SS": 0.1751906426727474,
        "2914.T": 0.087480660886057,
        "9434.T": 0.1674178768746144,
        "0941.HK": 0.0623605335739583,
        "6288.HK": 0.0381947690644573
    }
}