{
    "portfolio_381": {
        "TLK": 0.0572921068345202,
        "LNTH": 0.05,
        "TTE.PA": 0.05,
        "0YXG.L": 0.05,
        "RICO.L": 0.0301737335532026,
        "ULVR.L": 0.0669108551464275,
        "AD.AS": 0.0573321508740191,
        "KPN.AS": 0.1619118969688475,
        "601328.SS": 0.05,
        "601398.SS": 0.1143288411755434,
        "8001.T": 0.05,
        "9433.T": 0.0548801077743115,
        "9434.T": 0.1288893760528754,
        "0941.HK": 0.047795348997683,
        "6288.HK": 0.0304855826225693
    }
}