{
    "portfolio_686": {
        "PEP": 0.0566216920745517,
        "TLK": 0.0859030329936355,
        "SAN.PA": 0.0332842521873103,
        "0YXG.L": 0.05,
        "ULVR.L": 0.0566789572818762,
        "AD.AS": 0.0616184134355638,
        "KPN.AS": 0.1480100484748784,
        "601088.SS": 0.05,
        "601988.SS": 0.05,
        "2914.T": 0.0720006158260507,
        "9432.T": 0.0694635333603425,
        "9434.T": 0.1287504962385801,
        "0728.HK": 0.05,
        "0857.HK": 0.05,
        "6288.HK": 0.0376689581272108
    }
}