{
    "portfolio_699": {
        "PEP": 0.080129684170173,
        "TLK": 0.0582473489616842,
        "IESC": 0.0158300835033633,
        "TTE.PA": 0.05,
        "SHEL.L": 0.05,
        "TYT.L": 0.05,
        "ULVR.L": 0.0527946917306094,
        "AD.AS": 0.0613583327955161,
        "KPN.AS": 0.1283965680493303,
        "600900.SS": 0.0552332259502949,
        "601398.SS": 0.138208233480175,
        "9432.T": 0.0719525822385507,
        "9434.T": 0.0878492491203029,
        "9983.T": 0.05,
        "3988.HK": 0.05
    }
}