{
    "portfolio_600": {
        "PEP": 0.0640930406885921,
        "TEO": 0.01,
        "TLK": 0.0889368352301409,
        "APPF": 0.0131300447104277,
        "BSD2.F": 0.01,
        "ULVR.L": 0.0482822824998484,
        "AD.AS": 0.0700955614545259,
        "KPN.AS": 0.1616001681049199,
        "600519.SS": 0.0385347922483604,
        "601398.SS": 0.171373450989091,
        "2914.T": 0.0725577582076768,
        "8001.T": 0.01,
        "9434.T": 0.1779411164525124,
        "0857.HK": 0.0253809393585456,
        "6288.HK": 0.038074010055359
    }
}