{
    "portfolio_564": {
        "AVGO": 0.01,
        "PEP": 0.0891880399507837,
        "TMUS": 0.01,
        "TLK": 0.0723902589508814,
        "LPS1.F": 0.01,
        "SHEL.L": 0.0341527264520726,
        "KPN.AS": 0.1796553268191916,
        "UNA.AS": 0.0597754470225099,
        "600519.SS": 0.0558056739597785,
        "601398.SS": 0.163801011711748,
        "4519.T": 0.01,
        "9432.T": 0.0972800790967364,
        "9434.T": 0.1292665150339325,
        "0941.HK": 0.0433207393748152,
        "6288.HK": 0.0353641816275499
    }
}