{
    "portfolio_78": {
        "PEP": 0.0572280113828265,
        "TEO": 0.05,
        "TLK": 0.059098620371641,
        "RMS.PA": 0.05,
        "BSD2.F": 0.05,
        "AD.AS": 0.0559193812335082,
        "KPN.AS": 0.1450645862242221,
        "600900.SS": 0.0512513250915225,
        "601288.SS": 0.05,
        "601398.SS": 0.1150117750746272,
        "2914.T": 0.0528844750341706,
        "4063.T": 0.05,
        "9433.T": 0.0622477394310848,
        "9434.T": 0.1179037299776318,
        "6288.HK": 0.0333903561787649
    }
}