{
    "portfolio_256": {
        "CRESY": 0.01,
        "PEP": 0.078971752469509,
        "TLK": 0.0608777831613321,
        "ADMA": 0.01,
        "LNTH": 0.01,
        "TTE.PA": 0.01,
        "WK0.F": 0.01,
        "TYT.L": 0.0545524023121036,
        "ULVR.L": 0.0568274131138053,
        "AD.AS": 0.0533144174811951,
        "KPN.AS": 0.1910791879415624,
        "600519.SS": 0.058807150280918,
        "601398.SS": 0.1619741568344404,
        "9432.T": 0.0906587827484913,
        "9434.T": 0.142936953656643
    }
}