{
    "portfolio_124": {
        "PEP": 0.0836804713470926,
        "TLK": 0.0918263416243891,
        "ADMA": 0.01,
        "2B5.F": 0.01,
        "ULVR.L": 0.0543948278183967,
        "AD.AS": 0.0684706051663596,
        "KPN.AS": 0.1400572538398328,
        "SHELL.AS": 0.0261365369125632,
        "601398.SS": 0.1692742557232352,
        "2914.T": 0.0759849092161194,
        "8058.T": 0.01,
        "9433.T": 0.0520292986201118,
        "9434.T": 0.1015607483295569,
        "0941.HK": 0.0665305228911772,
        "6288.HK": 0.0400542285111655
    }
}