{
    "portfolio_23": {
        "TGS": 0.05,
        "TLK": 0.0634338948057082,
        "APPF": 0.05,
        "SAN.PA": 0.0257386514778068,
        "RICO.L": 0.0235570514174538,
        "ULVR.L": 0.0613121025839221,
        "AD.AS": 0.0731443899965914,
        "KPN.AS": 0.145685795966297,
        "601398.SS": 0.1497491209640172,
        "2914.T": 0.0402363757471465,
        "4063.T": 0.05,
        "9433.T": 0.0417502359294572,
        "9434.T": 0.1253923811115994,
        "0857.HK": 0.05,
        "6288.HK": 0.05
    }
}