{
    "portfolio_187": {
        "EC": 0.05,
        "HMC": 0.05,
        "TLK": 0.0462500499479112,
        "APPF": 0.05,
        "HSBA.L": 0.05,
        "ULVR.L": 0.0526824541636613,
        "AD.AS": 0.0666692509448306,
        "KPN.AS": 0.1239586712479311,
        "600900.SS": 0.0461401242799988,
        "601398.SS": 0.1385758937144783,
        "2914.T": 0.0637278419749677,
        "9433.T": 0.0480933820198458,
        "9434.T": 0.1276675034460071,
        "1288.HK": 0.05,
        "6288.HK": 0.0362348282603681
    }
}