{
    "portfolio_421": {
        "TLK": 0.0322197890563178,
        "LNTH": 0.05,
        "RYTM": 0.05,
        "SAN.PA": 0.0257115263715349,
        "0YXG.L": 0.05,
        "RICO.L": 0.0328811684871032,
        "ULVR.L": 0.0474648711970976,
        "AD.AS": 0.062279842793274,
        "KPN.AS": 0.1761568149574138,
        "601398.SS": 0.1351267127730588,
        "2914.T": 0.0647043373236875,
        "9434.T": 0.1498638477473392,
        "0386.HK": 0.05,
        "1088.HK": 0.05,
        "6288.HK": 0.0235910892931727
    }
}