{
    "portfolio_864": {
        "PEP": 0.0663187378114644,
        "TLK": 0.0840847060364361,
        "IESC": 0.0147857583168319,
        "SAN.PA": 0.0257073565321251,
        "TTE.PA": 0.05,
        "ULVR.L": 0.0595437805327348,
        "AD.AS": 0.0511919371140602,
        "KPN.AS": 0.1340402058921738,
        "601138.SS": 0.05,
        "601398.SS": 0.1521936194268522,
        "7203.T": 0.05,
        "8058.T": 0.05,
        "9433.T": 0.056701721423246,
        "9434.T": 0.1054321769140755,
        "0857.HK": 0.05
    }
}