{
    "portfolio_954": {
        "PEP": 0.074578260502911,
        "TLK": 0.0753841378273488,
        "AI.PA": 0.05,
        "HSBA.L": 0.05,
        "ULVR.L": 0.0331911423091501,
        "AD.AS": 0.0523042624533565,
        "KPN.AS": 0.142159127740137,
        "600900.SS": 0.0500097862294216,
        "601398.SS": 0.125493447380078,
        "2914.T": 0.0604422595212881,
        "4519.T": 0.05,
        "9432.T": 0.0551598177135314,
        "9434.T": 0.0981039970393442,
        "1288.HK": 0.05,
        "6288.HK": 0.0331737612834332
    }
}