{
    "portfolio_469": {
        "CIB": 0.05,
        "TLK": 0.0180823277365526,
        "MDB": 0.05,
        "RDNT": 0.05,
        "BPE5.F": 0.05,
        "RICO.L": 0.0272900391717001,
        "ULVR.L": 0.0670375742299128,
        "AD.AS": 0.0566200631442791,
        "KPN.AS": 0.1692915183194029,
        "600900.SS": 0.0290142157130004,
        "601398.SS": 0.146788531832854,
        "2914.T": 0.0648401565565568,
        "9432.T": 0.0519484822863553,
        "9434.T": 0.1190870910093858,
        "6288.HK": 0.05
    }
}