{
    "portfolio_799": {
        "CRESY": 0.01,
        "PEP": 0.0601866768723706,
        "BCH": 0.01,
        "TLK": 0.0870145137410846,
        "AXSM": 0.01,
        "DG.PA": 0.01,
        "ULVR.L": 0.0604552617636775,
        "AD.AS": 0.0622046830122682,
        "KPN.AS": 0.1586550084549847,
        "601398.SS": 0.1936874115687088,
        "2914.T": 0.0734472069333658,
        "9432.T": 0.0757286364478141,
        "9434.T": 0.1332462678380922,
        "1088.HK": 0.01,
        "6288.HK": 0.0453743333676334
    }
}