{
    "portfolio_493": {
        "PEP": 0.0860331940708866,
        "TLK": 0.0815327406703237,
        "SHEL.L": 0.05,
        "ULVR.L": 0.0480676316287662,
        "AD.AS": 0.0672032759722219,
        "KPN.AS": 0.1443485240808256,
        "600028.SS": 0.05,
        "600519.SS": 0.0335199557327814,
        "600941.SS": 0.05,
        "601398.SS": 0.1128765109737289,
        "2914.T": 0.0501766115435321,
        "4519.T": 0.05,
        "9433.T": 0.0528761188555444,
        "9434.T": 0.0951576709311901,
        "6288.HK": 0.0282077655401988
    }
}