{
    "portfolio_713": {
        "PEP": 0.0646525236231331,
        "TLK": 0.0601267168521298,
        "IESC": 0.05,
        "SHEL.L": 0.05,
        "ULVR.L": 0.0507468157716993,
        "AD.AS": 0.058550584244845,
        "KPN.AS": 0.1574268493947807,
        "600519.SS": 0.0315455969493445,
        "601398.SS": 0.1652282268661544,
        "2914.T": 0.0392953373517195,
        "8001.T": 0.05,
        "9432.T": 0.0547417142819786,
        "9434.T": 0.0920813561127997,
        "0728.HK": 0.05,
        "6288.HK": 0.0256042785514155
    }
}