{
    "portfolio_347": {
        "PEP": 0.0625245196492928,
        "TLK": 0.0713562151362446,
        "AXSM": 0.05,
        "DG.PA": 0.05,
        "TTE.PA": 0.05,
        "RICO.L": 0.027173576590632,
        "ULVR.L": 0.0580974297163754,
        "AD.AS": 0.0426841475028537,
        "KPN.AS": 0.122727349879867,
        "601398.SS": 0.1725931962696914,
        "9432.T": 0.0766206208491931,
        "9433.T": 0.05,
        "9434.T": 0.085293610646266,
        "0883.HK": 0.05,
        "6288.HK": 0.030926803490553
    }
}