{
    "portfolio_343": {
        "PEP": 0.068350364108802,
        "TLK": 0.086033152645113,
        "AIR.PA": 0.05,
        "AD.AS": 0.0505255962499919,
        "KPN.AS": 0.1457333750991694,
        "WKL.AS": 0.05,
        "600519.SS": 0.039499284669053,
        "601288.SS": 0.05,
        "601398.SS": 0.1230448191646493,
        "2914.T": 0.0493701025502054,
        "7203.T": 0.05,
        "9432.T": 0.0522362947749102,
        "9434.T": 0.1073373246260441,
        "3988.HK": 0.05,
        "6288.HK": 0.0278696861120616
    }
}