{
    "portfolio_572": {
        "TLK": 0.0774465005522471,
        "LNTH": 0.05,
        "SKFA.F": 0.05,
        "0TDD.L": 0.05,
        "SHEL.L": 0.0259376847822839,
        "ULVR.L": 0.0440124641740074,
        "AD.AS": 0.0599414223435101,
        "KPN.AS": 0.1538986430249523,
        "600028.SS": 0.05,
        "600519.SS": 0.0280740207837907,
        "601398.SS": 0.1228327208663158,
        "2914.T": 0.045325838458887,
        "9433.T": 0.0812496229453225,
        "9434.T": 0.1112156696092219,
        "0941.HK": 0.0500654124594611
    }
}