{
    "portfolio_828": {
        "CRESY": 0.05,
        "TLK": 0.0684959184164125,
        "SKFA.F": 0.05,
        "AZN.L": 0.05,
        "SHEL.L": 0.0240041000582621,
        "ULVR.L": 0.0544128916843598,
        "AD.AS": 0.0754157323439138,
        "KPN.AS": 0.1184819758164886,
        "600900.SS": 0.0598248981217227,
        "601398.SS": 0.1389782669418458,
        "2914.T": 0.0677704280196973,
        "9433.T": 0.0864783884209367,
        "9434.T": 0.0819616721846466,
        "0941.HK": 0.0525073465896318,
        "6288.HK": 0.0216683814020822
    }
}