{
    "portfolio_57": {
        "PEP": 0.0732882541174203,
        "TLK": 0.0641879257778349,
        "AXSM": 0.05,
        "BPE5.F": 0.05,
        "RICO.L": 0.0218737926809372,
        "ULVR.L": 0.0645170178013743,
        "AD.AS": 0.0540409647295209,
        "KPN.AS": 0.1388042248412706,
        "600028.SS": 0.05,
        "600519.SS": 0.0256851178465344,
        "600941.SS": 0.05,
        "601398.SS": 0.1316031150635181,
        "9432.T": 0.1001794339919795,
        "9434.T": 0.0758201531496096,
        "9983.T": 0.05
    }
}