{
    "portfolio_744": {
        "AVGO": 0.05,
        "LIN": 0.05,
        "PKX": 0.05,
        "TEO": 0.05,
        "TLK": 0.0343790815786846,
        "SAN.PA": 0.0256345192532833,
        "ULVR.L": 0.0479163077024914,
        "AD.AS": 0.05115842019015,
        "KPN.AS": 0.1417792927205534,
        "601398.SS": 0.1494645924495887,
        "2914.T": 0.0506937668372276,
        "9432.T": 0.0721115819033095,
        "9434.T": 0.1417763591628016,
        "1088.HK": 0.05,
        "6288.HK": 0.0350860782019098
    }
}