{
    "portfolio_51": {
        "PEP": 0.0739108889892327,
        "TLK": 0.0735215531290659,
        "0K9E.L": 0.05,
        "SHEL.L": 0.05,
        "ULVR.L": 0.036800801522851,
        "AD.AS": 0.0643234828542625,
        "KPN.AS": 0.137301654794008,
        "600519.SS": 0.027499032675438,
        "601088.SS": 0.05,
        "601398.SS": 0.14113549770645,
        "4063.T": 0.05,
        "6857.T": 0.05,
        "9432.T": 0.0808547767332116,
        "9434.T": 0.0939410937521118,
        "6288.HK": 0.0207112178433683
    }
}