{
    "portfolio_771": {
        "TMUS": 0.05,
        "TLK": 0.0895642752756488,
        "0TDD.L": 0.05,
        "SHEL.L": 0.0208180023605212,
        "ULVR.L": 0.042379466562469,
        "AD.AS": 0.0591993419408978,
        "CCEP.AS": 0.05,
        "KPN.AS": 0.1284248031288664,
        "601088.SS": 0.05,
        "601398.SS": 0.1307774792670419,
        "2914.T": 0.0610261399628163,
        "9432.T": 0.0651095203911303,
        "9434.T": 0.1233927133531574,
        "0386.HK": 0.05,
        "6288.HK": 0.0293082577574506
    }
}