{
    "portfolio_569": {
        "PEP": 0.0715639904264202,
        "TLK": 0.0838687685298344,
        "LNTH": 0.01,
        "SHEL.L": 0.0330527644275746,
        "ULVR.L": 0.047154908346816,
        "AD.AS": 0.0697951854030544,
        "KPN.AS": 0.1498195142423868,
        "600519.SS": 0.0416182915701971,
        "601288.SS": 0.0114057956608291,
        "601398.SS": 0.1682223568127854,
        "2914.T": 0.0690904406085877,
        "9433.T": 0.0624918539315256,
        "9434.T": 0.1312270912404182,
        "1288.HK": 0.0136734702932938,
        "6288.HK": 0.0370155685062764
    }
}