{
    "portfolio_994": {
        "PEP": 0.0480562188886198,
        "TLK": 0.062719664642531,
        "RYTM": 0.05,
        "ULVR.L": 0.0525505164071068,
        "AD.AS": 0.0695979910902674,
        "KPN.AS": 0.176939886513067,
        "600900.SS": 0.0491003060208477,
        "601328.SS": 0.05,
        "601398.SS": 0.1067834028292837,
        "2914.T": 0.047181068840224,
        "8058.T": 0.05,
        "9432.T": 0.0621274668943339,
        "9434.T": 0.0985535340985413,
        "0386.HK": 0.05,
        "6288.HK": 0.0263899437751771
    }
}