{
    "portfolio_369": {
        "PEP": 0.0815927067341811,
        "TLK": 0.0849193442669788,
        "SKFA.F": 0.01,
        "SHEL.L": 0.0324950614749058,
        "ULVR.L": 0.0435432950758477,
        "AD.AS": 0.067957033964478,
        "KPN.AS": 0.1619123517773878,
        "600519.SS": 0.045804664748782,
        "600941.SS": 0.01,
        "601398.SS": 0.1809384446909136,
        "6857.T": 0.01,
        "8031.T": 0.01,
        "9432.T": 0.0887656971616454,
        "9434.T": 0.1374460242025076,
        "6288.HK": 0.0346253759023723
    }
}