{
    "portfolio_495": {
        "AVGO": 0.05,
        "TMUS": 0.05,
        "TLK": 0.0697379909103934,
        "SAN.PA": 0.0203147969946382,
        "BPE5.F": 0.05,
        "ULVR.L": 0.0534111591428023,
        "AD.AS": 0.0817315620621509,
        "KPN.AS": 0.1152149533876197,
        "601088.SS": 0.05,
        "601398.SS": 0.1237416434840646,
        "2914.T": 0.069287301580983,
        "9433.T": 0.0585821539107475,
        "9434.T": 0.1223316620359419,
        "1088.HK": 0.05,
        "6288.HK": 0.035646776490658
    }
}