{
    "portfolio_652": {
        "PEP": 0.0655645269544243,
        "PKX": 0.01,
        "TLK": 0.0862068942866287,
        "RYTM": 0.01,
        "TTE.PA": 0.01,
        "ULVR.L": 0.0511086897435132,
        "AD.AS": 0.0684351518203741,
        "KPN.AS": 0.1637592335090507,
        "601398.SS": 0.1721118291394607,
        "2914.T": 0.0654956046004566,
        "8031.T": 0.01,
        "9432.T": 0.0662388625682361,
        "9434.T": 0.1230433424893404,
        "0941.HK": 0.0591875378059998,
        "6288.HK": 0.0388483270825154
    }
}