{
    "portfolio_334": {
        "AVGO": 0.05,
        "TGS": 0.05,
        "TLK": 0.0552305786568861,
        "SAF.PA": 0.05,
        "ULVR.L": 0.0606629429929054,
        "AD.AS": 0.0611320190523264,
        "KPN.AS": 0.155168767488692,
        "600900.SS": 0.0381646658664247,
        "601398.SS": 0.1468401138581672,
        "2914.T": 0.041510656110505,
        "8031.T": 0.05,
        "9432.T": 0.0549371443633011,
        "9434.T": 0.1177196898945484,
        "0941.HK": 0.0311510869045878,
        "6288.HK": 0.0374823348116555
    }
}