{
    "portfolio_784": {
        "PEP": 0.0809811809647669,
        "KT": 0.0505218978416933,
        "TLK": 0.0705402799204728,
        "LPS1.F": 0.01,
        "SHEL.L": 0.0336026485966905,
        "KPN.AS": 0.1761740233535028,
        "UNA.AS": 0.0606525889632164,
        "600519.SS": 0.0566219151770993,
        "601398.SS": 0.1660205882519581,
        "601939.SS": 0.01,
        "8001.T": 0.01,
        "9432.T": 0.0966218574399804,
        "9434.T": 0.1320517924583165,
        "9983.T": 0.01,
        "6288.HK": 0.0362112270323029
    }
}