{
    "portfolio_974": {
        "PEP": 0.0695238185070177,
        "TLK": 0.0662008850267405,
        "8GC.F": 0.05,
        "0K9E.L": 0.05,
        "ULVR.L": 0.0663908177524561,
        "AD.AS": 0.0506761396871239,
        "KPN.AS": 0.131179276200032,
        "601288.SS": 0.05,
        "601398.SS": 0.0952022057143714,
        "601728.SS": 0.05,
        "601899.SS": 0.05,
        "2914.T": 0.0483094917304368,
        "9432.T": 0.083219065538191,
        "9434.T": 0.1087990127520639,
        "6288.HK": 0.0304992870915666
    }
}