{
    "portfolio_307": {
        "LIN": 0.01,
        "META": 0.01,
        "PEP": 0.0512477747430466,
        "IBN": 0.01,
        "TLK": 0.0851786291237298,
        "0A7R.L": 0.01,
        "ULVR.L": 0.055622313073672,
        "AD.AS": 0.0620362150372594,
        "ASM.AS": 0.01,
        "KPN.AS": 0.169463011979637,
        "601398.SS": 0.1665804589145758,
        "2914.T": 0.0885648684742801,
        "9434.T": 0.169782642826197,
        "0941.HK": 0.0633641179225846,
        "6288.HK": 0.0381599679050174
    }
}