{
    "portfolio_977": {
        "PEP": 0.0480288416244473,
        "TLK": 0.0709174520151393,
        "RYTM": 0.05,
        "QF9.F": 0.0060102539382264,
        "ULVR.L": 0.0478564055147939,
        "AD.AS": 0.0677201472203899,
        "KPN.AS": 0.1771668001479643,
        "600519.SS": 0.0305282823530721,
        "600941.SS": 0.05,
        "601398.SS": 0.1394070258429132,
        "4063.T": 0.05,
        "8031.T": 0.05,
        "9433.T": 0.0574594821051436,
        "9434.T": 0.1049053092379096,
        "0857.HK": 0.05
    }
}