{
    "portfolio_964": {
        "PEP": 0.0648340586104408,
        "TLK": 0.0886409972887311,
        "AXSM": 0.05,
        "SAN.PA": 0.0304612437161289,
        "ULVR.L": 0.0639953939622464,
        "AD.AS": 0.0529283368047864,
        "KPN.AS": 0.1396277899163581,
        "601088.SS": 0.05,
        "601398.SS": 0.1071337738087779,
        "601988.SS": 0.05,
        "7974.T": 0.05,
        "8001.T": 0.05,
        "9432.T": 0.088517657698015,
        "9434.T": 0.0799105864123889,
        "6288.HK": 0.0339501617821262
    }
}