{
    "portfolio_717": {
        "PEP": 0.0479847546655965,
        "PKX": 0.05,
        "TGS": 0.05,
        "TLK": 0.0367668631973068,
        "AI.PA": 0.05,
        "TTE.L": 0.05,
        "ULVR.L": 0.061665974407955,
        "AD.AS": 0.0473703462939755,
        "KPN.AS": 0.1371891257211592,
        "600900.SS": 0.0483673374500142,
        "601398.SS": 0.1452853290187077,
        "2914.T": 0.05,
        "9432.T": 0.0706909196040466,
        "9434.T": 0.1159792531301804,
        "6288.HK": 0.038700096511058
    }
}