{
    "portfolio_443": {
        "PEP": 0.0674468461732942,
        "BSAC": 0.05,
        "TLK": 0.0725390462242874,
        "SAN.PA": 0.0232067141884312,
        "ULVR.L": 0.0428112826884063,
        "AD.AS": 0.0688801569760466,
        "KPN.AS": 0.1506253364486612,
        "600519.SS": 0.0230967640195438,
        "600900.SS": 0.0405956214216063,
        "601398.SS": 0.1479214208396003,
        "8031.T": 0.05,
        "9432.T": 0.0750534335434638,
        "9434.T": 0.0878233774766586,
        "9983.T": 0.05,
        "6288.HK": 0.05
    }
}