{
    "portfolio_709": {
        "PEP": 0.0458838606967737,
        "TMUS": 0.05,
        "PKX": 0.05,
        "TLK": 0.0644632478936433,
        "SAN.PA": 0.0259084960775343,
        "ULVR.L": 0.0404480477204493,
        "AD.AS": 0.0701611007769446,
        "KPN.AS": 0.1426544515561839,
        "601398.SS": 0.1528917717721258,
        "4519.T": 0.05,
        "6857.T": 0.05,
        "9432.T": 0.0775453215676135,
        "9434.T": 0.1069047065039552,
        "0386.HK": 0.05,
        "6288.HK": 0.0231389954347763
    }
}