{
    "portfolio_647": {
        "PEP": 0.0792537580123153,
        "TLK": 0.0823696636901838,
        "RYTM": 0.01,
        "TTE.PA": 0.01,
        "HSBA.L": 0.01,
        "AD.AS": 0.0750207810681664,
        "KPN.AS": 0.1747623887906074,
        "600519.SS": 0.0460791123123627,
        "601398.SS": 0.1851900649868631,
        "601988.SS": 0.01,
        "2914.T": 0.0573913127572212,
        "4063.T": 0.0182357074896448,
        "9432.T": 0.0726545582576975,
        "9434.T": 0.1298273533379884,
        "6288.HK": 0.0392152992969491
    }
}