{
    "portfolio_213": {
        "PEP": 0.0588050211671556,
        "TMUS": 0.05,
        "TLK": 0.0752918910185333,
        "SHEL.L": 0.05,
        "ULVR.L": 0.0523829065320596,
        "AD.AS": 0.072187846872209,
        "KPN.AS": 0.123292506732605,
        "600900.SS": 0.0516572509297356,
        "601398.SS": 0.1333513246749039,
        "4519.T": 0.05,
        "8058.T": 0.05,
        "9433.T": 0.0561720209156521,
        "9434.T": 0.1000457476398084,
        "1288.HK": 0.05,
        "6288.HK": 0.0268134835173373
    }
}