{
    "portfolio_418": {
        "PEP": 0.0478209621311115,
        "TLK": 0.0656835009380997,
        "ADMA": 0.05,
        "SHEL.L": 0.034884288349413,
        "ULVR.L": 0.0511109618862742,
        "AD.AS": 0.0599174719892037,
        "KPN.AS": 0.1231328010767568,
        "WKL.AS": 0.05,
        "601398.SS": 0.1480416306968252,
        "2914.T": 0.0617821369239496,
        "7974.T": 0.05,
        "9432.T": 0.0576838915732076,
        "9434.T": 0.1118566480652511,
        "3988.HK": 0.05,
        "6288.HK": 0.0380857063699074
    }
}