{
    "portfolio_95": {
        "CRESY": 0.05,
        "PEP": 0.0446687000791522,
        "TLK": 0.0469899173560892,
        "AXSM": 0.05,
        "0TDD.L": 0.05,
        "SHEL.L": 0.05,
        "ULVR.L": 0.0782511020334369,
        "AD.AS": 0.0432085632830385,
        "KPN.AS": 0.1098536458982464,
        "601398.SS": 0.2046568486615588,
        "2914.T": 0.0455709031164589,
        "4063.T": 0.05,
        "9432.T": 0.0915293977710404,
        "9433.T": 0.0617663435637524,
        "6288.HK": 0.0235045782372259
    }
}