{
    "portfolio_701": {
        "AVGO": 0.05,
        "TLK": 0.0498879926626165,
        "LNTH": 0.05,
        "RICO.L": 0.0245666556439775,
        "ULVR.L": 0.0696651287986058,
        "AD.AS": 0.0574372040801928,
        "KPN.AS": 0.1623371924468496,
        "SHELL.AS": 0.05,
        "600519.SS": 0.0332640949694072,
        "601288.SS": 0.05,
        "601398.SS": 0.1231434083508976,
        "8031.T": 0.05,
        "9433.T": 0.063719493947742,
        "9434.T": 0.1355628770218583,
        "6288.HK": 0.0304159520778524
    }
}