{
    "portfolio_287": {
        "TLK": 0.0656183532560122,
        "PRCT": 0.05,
        "SAN.PA": 0.0329684938213827,
        "RICO.L": 0.0293474206898866,
        "ULVR.L": 0.0588454847359744,
        "AD.AS": 0.0733790783702728,
        "KPN.AS": 0.1752599407574598,
        "600519.SS": 0.0256832596859793,
        "601398.SS": 0.087830119598624,
        "601857.SS": 0.05,
        "601988.SS": 0.05,
        "2914.T": 0.0660248780548515,
        "9434.T": 0.158613183781613,
        "0728.HK": 0.05,
        "6288.HK": 0.0264297872479435
    }
}