{
    "portfolio_735": {
        "PEP": 0.0769359959086541,
        "BSAC": 0.05,
        "TLK": 0.080505516652492,
        "ULVR.L": 0.0603037669379064,
        "AD.AS": 0.0680331202779438,
        "KPN.AS": 0.1435771194175151,
        "601398.SS": 0.1051591441223753,
        "601857.SS": 0.05,
        "601899.SS": 0.05,
        "2914.T": 0.0574154564006129,
        "4519.T": 0.05,
        "7974.T": 0.05,
        "9433.T": 0.0483836996193499,
        "9434.T": 0.0819050338499216,
        "6288.HK": 0.0277811468132288
    }
}