{
    "portfolio_291": {
        "PEP": 0.0384600954943829,
        "TLK": 0.0629543718197435,
        "IESC": 0.05,
        "0TDD.L": 0.05,
        "TTE.L": 0.05,
        "ULVR.L": 0.0411413431415605,
        "AD.AS": 0.0401107586278014,
        "CCEP.AS": 0.05,
        "KPN.AS": 0.1495812628858992,
        "601398.SS": 0.1672163532066461,
        "2914.T": 0.0635611606557131,
        "9432.T": 0.0692119504565098,
        "9434.T": 0.0849541654538218,
        "0941.HK": 0.0557042970564386,
        "6288.HK": 0.0271042412014825
    }
}