{
    "portfolio_370": {
        "PEP": 0.0830660408397232,
        "TLK": 0.0583813514131304,
        "IESC": 0.0150590716647162,
        "BPE5.F": 0.05,
        "ULVR.L": 0.0445941705266254,
        "AD.AS": 0.0731444837799754,
        "KPN.AS": 0.1532614919336839,
        "600900.SS": 0.0499952836787522,
        "601328.SS": 0.05,
        "601398.SS": 0.1274866684163225,
        "4519.T": 0.05,
        "6857.T": 0.05,
        "9432.T": 0.0785377067810135,
        "9434.T": 0.0664737309660572,
        "9983.T": 0.05
    }
}