{
    "portfolio_233": {
        "COST": 0.05,
        "TLK": 0.086728947645429,
        "SAN.PA": 0.0321276583813623,
        "TYT.L": 0.05,
        "ULVR.L": 0.0540549607374903,
        "AD.AS": 0.0610913481939166,
        "KPN.AS": 0.1531443205273942,
        "600900.SS": 0.0466765576558557,
        "601398.SS": 0.1047659112208056,
        "4063.T": 0.05,
        "9432.T": 0.069691413274719,
        "9434.T": 0.1148319974482786,
        "1288.HK": 0.05,
        "3988.HK": 0.05,
        "6288.HK": 0.0268868849147486
    }
}