{
    "portfolio_710": {
        "PEP": 0.0782353490146342,
        "TLK": 0.0852316765196794,
        "0TDD.L": 0.01,
        "HSBA.L": 0.01,
        "AD.AS": 0.0690694127547513,
        "KPN.AS": 0.1581888047963826,
        "SHELL.AS": 0.0207013645013029,
        "WKL.AS": 0.0249059177422041,
        "600519.SS": 0.0478203248029993,
        "600941.SS": 0.01,
        "601398.SS": 0.1852226622818925,
        "2914.T": 0.0647963072143713,
        "9432.T": 0.0712829948176117,
        "9434.T": 0.1259875750847955,
        "6288.HK": 0.0385576104693752
    }
}