{
    "portfolio_404": {
        "PEP": 0.0532014259038224,
        "TLK": 0.0667587697900754,
        "LNTH": 0.05,
        "SKFA.F": 0.05,
        "SHEL.L": 0.0173572511532597,
        "ULVR.L": 0.0384777833226959,
        "AD.AS": 0.0674753793421845,
        "KPN.AS": 0.1672981830526716,
        "600519.SS": 0.0335712335107286,
        "601398.SS": 0.1295889262269037,
        "601857.SS": 0.05,
        "4519.T": 0.05,
        "9433.T": 0.0692758143168959,
        "9434.T": 0.1069952333807622,
        "9983.T": 0.05
    }
}