{
    "portfolio_582": {
        "TMUS": 0.05,
        "TLK": 0.0400442198752959,
        "AXSM": 0.05,
        "RYTM": 0.05,
        "SAF.PA": 0.05,
        "RICO.L": 0.0276973769117196,
        "ULVR.L": 0.0412593866928552,
        "AD.AS": 0.0390483910187002,
        "KPN.AS": 0.1311835210847838,
        "REN.AS": 0.05,
        "601398.SS": 0.2197669195954652,
        "2914.T": 0.0662331915621045,
        "9432.T": 0.0803433402181423,
        "9434.T": 0.0738684897314082,
        "6288.HK": 0.0305551633095249
    }
}