{
    "portfolio_446": {
        "META": 0.01,
        "PEP": 0.0610869922306804,
        "HDB": 0.01,
        "TLK": 0.0931259307395248,
        "8GC.F": 0.01,
        "OL5.F": 0.01,
        "ULVR.L": 0.0623396125174306,
        "AD.AS": 0.07437290263424,
        "KPN.AS": 0.1572454239098556,
        "601398.SS": 0.1627616764852856,
        "2914.T": 0.078275161514673,
        "8001.T": 0.01,
        "9434.T": 0.1557612703789323,
        "0941.HK": 0.0666832031170465,
        "6288.HK": 0.0383478264723313
    }
}