{
    "portfolio_272": {
        "PEP": 0.0663678170744918,
        "TLK": 0.0854290026696866,
        "APPF": 0.0156126059136197,
        "SHEL.L": 0.0341220128912291,
        "ULVR.L": 0.0550758640779572,
        "AD.AS": 0.0691131181005085,
        "KPN.AS": 0.1484707447290623,
        "600900.SS": 0.0480538967712167,
        "601398.SS": 0.1559009346328566,
        "601899.SS": 0.01,
        "2914.T": 0.08610121286467,
        "7974.T": 0.0284756350486981,
        "9434.T": 0.1482658016863199,
        "1088.HK": 0.01,
        "6288.HK": 0.0390113535396831
    }
}