{
    "portfolio_812": {
        "PEP": 0.071570263070106,
        "TLK": 0.0723053034574172,
        "IESC": 0.0142220856185298,
        "TTE.PA": 0.05,
        "ULVR.L": 0.0360574549877872,
        "AD.AS": 0.0584432388608384,
        "KPN.AS": 0.1353861806976771,
        "REN.AS": 0.05,
        "600519.SS": 0.0298718389969902,
        "601398.SS": 0.170849905466798,
        "4063.T": 0.05,
        "9432.T": 0.0762763088499082,
        "9434.T": 0.0850174199939482,
        "9983.T": 0.05,
        "0728.HK": 0.05
    }
}