{
    "portfolio_775": {
        "PEP": 0.0863064211630881,
        "TEO": 0.01,
        "TLK": 0.0854449853390802,
        "0YXG.L": 0.01,
        "AD.AS": 0.0770006257821266,
        "KPN.AS": 0.1783903274187629,
        "600519.SS": 0.0456933222528047,
        "601398.SS": 0.1713095172860273,
        "6857.T": 0.01,
        "8001.T": 0.01,
        "9432.T": 0.0859549417600216,
        "9434.T": 0.1363517770694633,
        "9983.T": 0.01,
        "0941.HK": 0.0526617183594589,
        "6288.HK": 0.0308863635691661
    }
}