{
    "portfolio_86": {
        "PEP": 0.0523028039991154,
        "PKX": 0.05,
        "TEO": 0.05,
        "TLK": 0.053956347284293,
        "ULVR.L": 0.0566939203289381,
        "AD.AS": 0.0611750092550821,
        "KPN.AS": 0.14170129389519,
        "600900.SS": 0.0571768495958452,
        "601398.SS": 0.1502988560769779,
        "2914.T": 0.0526884341964872,
        "7974.T": 0.0303132415079718,
        "9432.T": 0.0424993092413612,
        "9433.T": 0.05,
        "9434.T": 0.1011939346187381,
        "6288.HK": 0.05
    }
}