{
    "portfolio_862": {
        "PEP": 0.084171612252386,
        "TLK": 0.0808025561945753,
        "TTE.PA": 0.05,
        "HSBA.L": 0.05,
        "ULVR.L": 0.043335360030672,
        "AD.AS": 0.0675382435986913,
        "KPN.AS": 0.1267571552863652,
        "600900.SS": 0.0376663981422011,
        "601398.SS": 0.1087297497956769,
        "8031.T": 0.05,
        "9433.T": 0.0791933508672335,
        "9434.T": 0.0929071080168872,
        "0883.HK": 0.05,
        "3988.HK": 0.05,
        "6288.HK": 0.0288984658153113
    }
}