{
    "portfolio_797": {
        "PEP": 0.0611517802650019,
        "BCH": 0.05,
        "TLK": 0.0782533668373952,
        "SKFA.F": 0.05,
        "TTE.L": 0.05,
        "ULVR.L": 0.0540906345490574,
        "AD.AS": 0.060413671720361,
        "KPN.AS": 0.1422595491692688,
        "600900.SS": 0.0663453262752435,
        "601288.SS": 0.0951589870031754,
        "8001.T": 0.05,
        "9433.T": 0.081233451308183,
        "9434.T": 0.0859408370811522,
        "3988.HK": 0.05,
        "6288.HK": 0.0251523957911612
    }
}