{
    "portfolio_419": {
        "TEO": 0.05,
        "TLK": 0.0651545531800929,
        "IESC": 0.05,
        "SAN.PA": 0.0324745316037557,
        "ULVR.L": 0.0532861099761426,
        "AD.AS": 0.0748865886237455,
        "KPN.AS": 0.1398276641624431,
        "601398.SS": 0.1311827662784696,
        "2914.T": 0.0626247583260471,
        "9433.T": 0.0489263842832006,
        "9434.T": 0.1167710629735878,
        "0728.HK": 0.05,
        "0941.HK": 0.05,
        "1088.HK": 0.05,
        "6288.HK": 0.0248655805925152
    }
}