{
    "portfolio_526": {
        "PEP": 0.0797695751066413,
        "KT": 0.049517297734215,
        "TLK": 0.0746633242469496,
        "BPE5.F": 0.014212888573868,
        "LPS1.F": 0.01,
        "ULVR.L": 0.0569439686532013,
        "KPN.AS": 0.1869771791632335,
        "600028.SS": 0.01,
        "600519.SS": 0.057363823957976,
        "601398.SS": 0.164460549335504,
        "4519.T": 0.0109813458237301,
        "9432.T": 0.0966544518767679,
        "9434.T": 0.1376908846211502,
        "0857.HK": 0.0108675328864967,
        "6288.HK": 0.0398971780202665
    }
}