{
    "portfolio_472": {
        "PEP": 0.0809809410141399,
        "TLK": 0.0767371297469799,
        "PRCT": 0.01,
        "SKFA.F": 0.01,
        "SHEL.L": 0.0317378370631884,
        "AD.AS": 0.0727319969267344,
        "CCEP.AS": 0.01,
        "KPN.AS": 0.1764332782672099,
        "600519.SS": 0.0497131851623723,
        "601398.SS": 0.1977972892972911,
        "4519.T": 0.0136032427059579,
        "6857.T": 0.01,
        "9432.T": 0.0849184394464774,
        "9434.T": 0.1418462195451225,
        "6288.HK": 0.0335004408245264
    }
}