{
    "portfolio_880": {
        "TLK": 0.0806328749528908,
        "RYTM": 0.05,
        "RICO.L": 0.0279635073247255,
        "ULVR.L": 0.0474256574155357,
        "AD.AS": 0.071411271380242,
        "KPN.AS": 0.1653078253015291,
        "REN.AS": 0.05,
        "601398.SS": 0.0937825450154801,
        "601857.SS": 0.05,
        "601939.SS": 0.05,
        "2914.T": 0.0785399795928914,
        "9433.T": 0.0493526454972821,
        "9434.T": 0.1081594528261403,
        "0883.HK": 0.05,
        "6288.HK": 0.0274242406932832
    }
}