{
    "portfolio_916": {
        "PEP": 0.0730506850490278,
        "TLK": 0.0686583303879207,
        "APPF": 0.015942542573384,
        "HSBA.L": 0.05,
        "SHEL.L": 0.05,
        "ULVR.L": 0.0436578442504769,
        "AD.AS": 0.0626101052590222,
        "KPN.AS": 0.1266639366194741,
        "600900.SS": 0.0450245816690879,
        "601398.SS": 0.1409946232534205,
        "2914.T": 0.0756628845655773,
        "9433.T": 0.0565988327188251,
        "9434.T": 0.1053187171115961,
        "0728.HK": 0.05,
        "6288.HK": 0.0358169165421875
    }
}