{
    "portfolio_973": {
        "TMUS": 0.01,
        "TLK": 0.0908568794605285,
        "OLLI": 0.01,
        "PRCT": 0.01,
        "SHEL.L": 0.0332121976719247,
        "ULVR.L": 0.0625678642425527,
        "AD.AS": 0.0763918762117644,
        "KPN.AS": 0.1634330465589139,
        "600900.SS": 0.0568445423395614,
        "600941.SS": 0.01,
        "601398.SS": 0.1682867958316424,
        "2914.T": 0.0859685051221914,
        "8031.T": 0.01,
        "9434.T": 0.1695321071320102,
        "6288.HK": 0.0429061854289102
    }
}