{
    "portfolio_339": {
        "PEP": 0.0600539482680119,
        "TLK": 0.0733016831063885,
        "0YXG.L": 0.05,
        "SHEL.L": 0.05,
        "ULVR.L": 0.0535022571157753,
        "AD.AS": 0.0612298876084084,
        "KPN.AS": 0.1385697801908202,
        "600900.SS": 0.0623804743521797,
        "601288.SS": 0.0559768284837303,
        "601988.SS": 0.05,
        "2914.T": 0.0856271097594744,
        "9433.T": 0.0633357634816688,
        "9434.T": 0.103742862277072,
        "0941.HK": 0.0560889644679025,
        "6288.HK": 0.0361904408885681
    }
}