{
    "portfolio_420": {
        "PEP": 0.0836897110210292,
        "TLK": 0.0821859619853686,
        "CS.PA": 0.05,
        "ULVR.L": 0.0337961090591274,
        "AD.AS": 0.0681674940757106,
        "KPN.AS": 0.1460041048056446,
        "600519.SS": 0.0370153099194102,
        "601088.SS": 0.05,
        "601398.SS": 0.116468060821218,
        "6857.T": 0.05,
        "9432.T": 0.0625519713620294,
        "9433.T": 0.05,
        "9434.T": 0.0925420285261339,
        "3988.HK": 0.05,
        "6288.HK": 0.027579248424328
    }
}