{
    "portfolio_358": {
        "TLK": 0.0436383515268119,
        "IESC": 0.05,
        "PRCT": 0.05,
        "RICO.L": 0.0255946758013807,
        "ULVR.L": 0.0550076404148219,
        "AD.AS": 0.0525849041039478,
        "KPN.AS": 0.1907173252767357,
        "REN.AS": 0.05,
        "600028.SS": 0.05,
        "600519.SS": 0.0321416166218457,
        "600900.SS": 0.037150073891226,
        "601398.SS": 0.1555106453113356,
        "2914.T": 0.0426606873663095,
        "8031.T": 0.05,
        "9434.T": 0.1149940796855852
    }
}