{
    "portfolio_309": {
        "PEP": 0.0610379161556327,
        "PKX": 0.01,
        "TEO": 0.01,
        "TLK": 0.0867833829061089,
        "AXSM": 0.01,
        "0YXG.L": 0.01,
        "ULVR.L": 0.0582087872812517,
        "AD.AS": 0.0609883539140893,
        "KPN.AS": 0.162732636229863,
        "601398.SS": 0.1900375556043685,
        "2914.T": 0.0699865048879314,
        "9432.T": 0.0776156037612346,
        "9434.T": 0.1326197465631112,
        "0883.HK": 0.0144903691944038,
        "6288.HK": 0.0454991435020047
    }
}