{
    "portfolio_991": {
        "TLK": 0.0583171617354059,
        "APPF": 0.05,
        "IESC": 0.05,
        "AZN.L": 0.05,
        "RICO.L": 0.0285143482975028,
        "ULVR.L": 0.0458187469932922,
        "AD.AS": 0.063432316338693,
        "KPN.AS": 0.1700646425379842,
        "600900.SS": 0.0412163199273816,
        "601398.SS": 0.1451328294240163,
        "2914.T": 0.0607007699125471,
        "4519.T": 0.05,
        "9434.T": 0.1097835182389625,
        "0386.HK": 0.05,
        "6288.HK": 0.027019346594214
    }
}