{
    "portfolio_904": {
        "BSAC": 0.05,
        "TLK": 0.0471968448936334,
        "PRCT": 0.05,
        "SAN.PA": 0.029040993691553,
        "TYT.L": 0.05,
        "ULVR.L": 0.0681223940234205,
        "AD.AS": 0.0642744481548275,
        "KPN.AS": 0.1637842699670749,
        "600900.SS": 0.0592318508622681,
        "601398.SS": 0.1073961988577639,
        "601988.SS": 0.05,
        "2914.T": 0.0579623164534604,
        "9434.T": 0.138085652760819,
        "0941.HK": 0.037518035199646,
        "6288.HK": 0.027386995135533
    }
}