{
    "portfolio_298": {
        "PEP": 0.0524936641257494,
        "TLK": 0.0914473533795111,
        "AI.PA": 0.05,
        "0K9E.L": 0.05,
        "0TDD.L": 0.05,
        "ULVR.L": 0.0409929611010009,
        "AD.AS": 0.0405372924463337,
        "KPN.AS": 0.1403073129792672,
        "601398.SS": 0.108816617674048,
        "601857.SS": 0.05,
        "2914.T": 0.0537513364003984,
        "9432.T": 0.0681050924847778,
        "9434.T": 0.1243247531018366,
        "0386.HK": 0.05,
        "6288.HK": 0.0292236163070767
    }
}