{
    "portfolio_814": {
        "PEP": 0.0761531917181082,
        "TLK": 0.08268975565561,
        "AXSM": 0.01,
        "0TDD.L": 0.01,
        "SHEL.L": 0.0312857003202557,
        "ULVR.L": 0.0477145113466951,
        "AD.AS": 0.0625611714558372,
        "KPN.AS": 0.1512950482126477,
        "600519.SS": 0.0372186972378662,
        "601398.SS": 0.1823767509028444,
        "2914.T": 0.0613782167941548,
        "9432.T": 0.077090088232321,
        "9434.T": 0.1201874768802881,
        "0728.HK": 0.012594512050716,
        "6288.HK": 0.0374540634681897
    }
}