{
    "portfolio_441": {
        "PEP": 0.0578257610569636,
        "BCH": 0.05,
        "TLK": 0.0732433270829974,
        "ULVR.L": 0.0401416530350325,
        "AD.AS": 0.0519621520209093,
        "CCEP.AS": 0.05,
        "KPN.AS": 0.1531887778537226,
        "600519.SS": 0.0328622603656053,
        "601398.SS": 0.1270457562305123,
        "601857.SS": 0.05,
        "2914.T": 0.0531221121112125,
        "4519.T": 0.05,
        "9432.T": 0.0632669028234358,
        "9434.T": 0.1139085471956031,
        "6288.HK": 0.0334327502240056
    }
}