{
    "portfolio_326": {
        "CRESY": 0.05,
        "TLK": 0.0393704453281189,
        "PRCT": 0.05,
        "SAN.PA": 0.0257179709438464,
        "ULVR.L": 0.0813482661628857,
        "AD.AS": 0.0695901838404557,
        "KPN.AS": 0.1551975894352846,
        "600900.SS": 0.0388032752654928,
        "601138.SS": 0.0148031379864547,
        "601398.SS": 0.1630283759778324,
        "2914.T": 0.0514719762952851,
        "8058.T": 0.05,
        "9433.T": 0.0446347293477118,
        "9434.T": 0.1160340494166316,
        "1088.HK": 0.05
    }
}