{
    "portfolio_147": {
        "PEP": 0.0570220974298938,
        "PKX": 0.05,
        "TLK": 0.0755983040529253,
        "SAN.PA": 0.0275804353811548,
        "ULVR.L": 0.0496331976740172,
        "AD.AS": 0.0502202818241028,
        "KPN.AS": 0.1524917228676804,
        "600900.SS": 0.0415357206716601,
        "601138.SS": 0.05,
        "601398.SS": 0.1465297271011743,
        "2914.T": 0.05,
        "8031.T": 0.05,
        "9432.T": 0.0673415681847533,
        "9434.T": 0.1074169729952668,
        "6288.HK": 0.0246299718173709
    }
}