{
    "portfolio_900": {
        "PEP": 0.0716019531604562,
        "TLK": 0.0815476124888962,
        "AI.PA": 0.05,
        "SHEL.L": 0.05,
        "AD.AS": 0.0555295061755536,
        "KPN.AS": 0.1277590405460827,
        "WKL.AS": 0.05,
        "600028.SS": 0.05,
        "600519.SS": 0.0382428252832104,
        "601398.SS": 0.1417924276562423,
        "2914.T": 0.0670072817341775,
        "7974.T": 0.05,
        "9433.T": 0.0526388203508624,
        "9434.T": 0.0870493486841629,
        "6288.HK": 0.0268311839203554
    }
}