{
    "portfolio_154": {
        "PEP": 0.0679516096453986,
        "PKX": 0.01,
        "TLK": 0.0969445147952126,
        "OL5.F": 0.01,
        "ULVR.L": 0.055790853476346,
        "AD.AS": 0.0769792803741033,
        "KPN.AS": 0.1575332233313515,
        "600519.SS": 0.0372855606247685,
        "600941.SS": 0.01,
        "601088.SS": 0.01,
        "601398.SS": 0.1752257826347772,
        "2914.T": 0.0706155473335524,
        "4063.T": 0.016644972880728,
        "9434.T": 0.1672496527478898,
        "6288.HK": 0.0377790021558718
    }
}