{
    "portfolio_621": {
        "CRESY": 0.05,
        "TMUS": 0.05,
        "TLK": 0.0721031905378644,
        "SAN.PA": 0.0260184193536674,
        "ULVR.L": 0.0692352254072209,
        "AD.AS": 0.0834432430794988,
        "KPN.AS": 0.1114111922606398,
        "601088.SS": 0.05,
        "601138.SS": 0.0165942979381712,
        "601398.SS": 0.1303818628209922,
        "2914.T": 0.0740264544524422,
        "9433.T": 0.0701927276368153,
        "9434.T": 0.1173505349080654,
        "1088.HK": 0.05,
        "6288.HK": 0.0292428516046221
    }
}