{
    "portfolio_822": {
        "PEP": 0.043485107684048,
        "PKX": 0.05,
        "TLK": 0.057145969459068,
        "ADMA": 0.05,
        "SAN.PA": 0.026418018961777,
        "ULVR.L": 0.0525699752670309,
        "AD.AS": 0.0544677378435192,
        "KPN.AS": 0.1484131958980395,
        "601398.SS": 0.1080770107187778,
        "601988.SS": 0.05,
        "8001.T": 0.05,
        "9432.T": 0.0826058183508132,
        "9434.T": 0.1394662389300132,
        "0941.HK": 0.05,
        "6288.HK": 0.0373509268869127
    }
}