{
    "portfolio_763": {
        "PEP": 0.0444606146487673,
        "TLK": 0.0642145080046187,
        "ADMA": 0.05,
        "BPE5.F": 0.05,
        "RICO.L": 0.0242062916856601,
        "ULVR.L": 0.0595693576110364,
        "AD.AS": 0.0671937340490167,
        "KPN.AS": 0.1290611416986335,
        "601138.SS": 0.05,
        "601398.SS": 0.1430238551472256,
        "2914.T": 0.061064480773594,
        "9433.T": 0.05,
        "9434.T": 0.1326224077316388,
        "1088.HK": 0.05,
        "6288.HK": 0.0245836086498087
    }
}