{
    "portfolio_761": {
        "PEP": 0.0700628394946805,
        "TLK": 0.0892231414471181,
        "DG.PA": 0.05,
        "SKFA.F": 0.05,
        "SHEL.L": 0.026230621091447,
        "ULVR.L": 0.0386928409910535,
        "AD.AS": 0.0555011582335345,
        "KPN.AS": 0.1377229397486762,
        "600900.SS": 0.0584765992978726,
        "601288.SS": 0.1145693610239332,
        "7974.T": 0.05,
        "8001.T": 0.05,
        "9433.T": 0.0681917702840227,
        "9434.T": 0.0864419526625882,
        "0941.HK": 0.0548867757250734
    }
}