{
    "portfolio_638": {
        "TLK": 0.0518941135649335,
        "RYTM": 0.05,
        "VERX": 0.05,
        "SHEL.L": 0.0265799325662012,
        "ULVR.L": 0.0542181952878603,
        "AD.AS": 0.0540635004556692,
        "KPN.AS": 0.1965935874925583,
        "600028.SS": 0.05,
        "600900.SS": 0.057451124756641,
        "601398.SS": 0.1217259174624548,
        "2914.T": 0.0595222950849652,
        "8031.T": 0.05,
        "9432.T": 0.0530957519049677,
        "9434.T": 0.0972650539293959,
        "6288.HK": 0.0275905274943526
    }
}