{
    "portfolio_64": {
        "GOOGL": 0.0372949240888406,
        "PEP": 0.1060413229981203,
        "EC": 0.0507253827610385,
        "APPF": 0.0373546241011775,
        "ECX": 0.0108284810438727,
        "AI.PA": 0.01,
        "4AH1.F": 0.0101492914142637,
        "LFU2.F": 0.01,
        "ULVR.L": 0.1054838923516477,
        "KPN.AS": 0.0944366177635978,
        "601288.SS": 0.1245926120465204,
        "601728.SS": 0.0566048264938035,
        "7974.T": 0.2216739004812559,
        "8001.T": 0.01,
        "9433.T": 0.1148141244558614
    }
}