{
    "portfolio_140": {
        "PEP": 0.0591197478617063,
        "TMUS": 0.01,
        "BCH": 0.01,
        "TEO": 0.01,
        "TLK": 0.0934209054941151,
        "ULVR.L": 0.0550586184241387,
        "AD.AS": 0.0734636182291645,
        "KPN.AS": 0.1547444272058068,
        "601328.SS": 0.01,
        "601398.SS": 0.153373379259742,
        "601939.SS": 0.01,
        "2914.T": 0.086285467114653,
        "9434.T": 0.169829723122199,
        "0941.HK": 0.064360024783183,
        "6288.HK": 0.0403440885052914
    }
}