{
    "portfolio_478": {
        "PEP": 0.0846733024759675,
        "PKX": 0.01,
        "TLK": 0.0863408778996326,
        "TTE.PA": 0.01,
        "AD.AS": 0.0750669231239497,
        "KPN.AS": 0.1754858564883644,
        "600519.SS": 0.0461715256642004,
        "601328.SS": 0.01,
        "601398.SS": 0.1662432871783388,
        "601857.SS": 0.0166967911737644,
        "2914.T": 0.0573735945881812,
        "4519.T": 0.0182254238942949,
        "9432.T": 0.0701976127762169,
        "9434.T": 0.1337573178101978,
        "6288.HK": 0.0397674869268915
    }
}