{
    "portfolio_728": {
        "PEP": 0.0501923291881125,
        "PKX": 0.05,
        "TLK": 0.0615318317875271,
        "VERX": 0.05,
        "SAN.PA": 0.0349447602564221,
        "ULVR.L": 0.0454715477074538,
        "AD.AS": 0.042090153153494,
        "KPN.AS": 0.1647457426234122,
        "601398.SS": 0.0904255918737323,
        "601857.SS": 0.05,
        "2914.T": 0.0664503965988045,
        "9432.T": 0.0833790292583211,
        "9434.T": 0.1256803825903572,
        "1288.HK": 0.05,
        "6288.HK": 0.0350882349623633
    }
}