{
    "portfolio_275": {
        "PEP": 0.0654092250595527,
        "TLK": 0.0885525937738949,
        "SAF.PA": 0.05,
        "0TDD.L": 0.05,
        "ULVR.L": 0.0340928053351653,
        "AD.AS": 0.0492325979919603,
        "KPN.AS": 0.148864126079806,
        "600519.SS": 0.0280213664758209,
        "601398.SS": 0.1672167871260985,
        "2914.T": 0.0376783312173105,
        "8031.T": 0.05,
        "9432.T": 0.0644532568941575,
        "9434.T": 0.0974474576090386,
        "0941.HK": 0.043099742919802,
        "6288.HK": 0.0259317095173925
    }
}