{
    "portfolio_43": {
        "AVGO": 0.05,
        "CRESY": 0.05,
        "TLK": 0.0416533314589186,
        "SAN.PA": 0.0255851217457151,
        "0YXG.L": 0.05,
        "ULVR.L": 0.0730733739758732,
        "AD.AS": 0.0592127287694401,
        "KPN.AS": 0.1364430568315924,
        "600941.SS": 0.05,
        "601398.SS": 0.125753347739901,
        "2914.T": 0.0720476125005965,
        "9432.T": 0.0718839671021092,
        "9434.T": 0.1101345161864321,
        "0941.HK": 0.05,
        "6288.HK": 0.0342129436894218
    }
}