{
    "portfolio_736": {
        "PEP": 0.0488085398447462,
        "TLK": 0.0688572981482946,
        "LNTH": 0.05,
        "SAN.PA": 0.0274721908387608,
        "ULVR.L": 0.0541702434650584,
        "AD.AS": 0.058551284870287,
        "KPN.AS": 0.1555839908860522,
        "600519.SS": 0.034749778217448,
        "601398.SS": 0.1522140171270815,
        "2914.T": 0.05,
        "8031.T": 0.05,
        "9433.T": 0.0525370296868142,
        "9434.T": 0.116962246107105,
        "0728.HK": 0.05,
        "6288.HK": 0.030093380808352
    }
}