{
    "portfolio_538": {
        "PEP": 0.0788162611204748,
        "TLK": 0.0932019275797953,
        "ULVR.L": 0.0601857808095189,
        "AD.AS": 0.0755575138879815,
        "KPN.AS": 0.126551095196198,
        "SHELL.AS": 0.05,
        "601398.SS": 0.0783564631851927,
        "601988.SS": 0.05,
        "2914.T": 0.0562448129459029,
        "7974.T": 0.05,
        "9433.T": 0.0629600585286891,
        "9434.T": 0.090914859534613,
        "0883.HK": 0.05,
        "1088.HK": 0.05,
        "6288.HK": 0.0272112272116334
    }
}