{
    "portfolio_338": {
        "PEP": 0.0788396112637942,
        "TLK": 0.0998524633744326,
        "SAN.PA": 0.0331897954626214,
        "ULVR.L": 0.0501925714343285,
        "AD.AS": 0.0723183968173199,
        "KPN.AS": 0.1459434961338985,
        "601088.SS": 0.05,
        "601288.SS": 0.0808084062398283,
        "2914.T": 0.0538854027658726,
        "4519.T": 0.05,
        "9433.T": 0.0591975695076247,
        "9434.T": 0.0979068619975354,
        "0386.HK": 0.05,
        "0883.HK": 0.05,
        "6288.HK": 0.0278654250027438
    }
}