{
    "portfolio_146": {
        "PEP": 0.0682492436117881,
        "PKX": 0.05,
        "TLK": 0.0725237380311005,
        "SAN.PA": 0.0295727234495084,
        "ULVR.L": 0.0397610084537435,
        "AD.AS": 0.0646992289975461,
        "KPN.AS": 0.1481781324676326,
        "600519.SS": 0.0261231665302259,
        "601088.SS": 0.05,
        "601398.SS": 0.1518339262064558,
        "8058.T": 0.05,
        "9432.T": 0.08374134152314,
        "9434.T": 0.102717001582286,
        "9983.T": 0.05,
        "6288.HK": 0.0126004891465728
    }
}