{
    "portfolio_921": {
        "PEP": 0.0566361357989707,
        "TLK": 0.0724746902387205,
        "TTE.PA": 0.05,
        "0TDD.L": 0.05,
        "0YXG.L": 0.05,
        "ULVR.L": 0.0449649833276614,
        "AD.AS": 0.0530038379423711,
        "KPN.AS": 0.1262535508206039,
        "601398.SS": 0.130603092193831,
        "2914.T": 0.0547386742205791,
        "9432.T": 0.0816378647932862,
        "9434.T": 0.1000029862501373,
        "0728.HK": 0.05,
        "1288.HK": 0.05,
        "6288.HK": 0.0296841844138389
    }
}