{
    "portfolio_380": {
        "AVGO": 0.05,
        "TGS": 0.05,
        "TLK": 0.0439495303739163,
        "OLLI": 0.05,
        "SAN.PA": 0.0351043603083808,
        "TYT.L": 0.05,
        "ULVR.L": 0.0597735647410593,
        "AD.AS": 0.052222096576142,
        "KPN.AS": 0.1515789971351496,
        "600900.SS": 0.0560773373116134,
        "601398.SS": 0.1480815386082645,
        "7203.T": 0.05,
        "9432.T": 0.0521999927363792,
        "9434.T": 0.112246042891301,
        "6288.HK": 0.0387665393177936
    }
}