{
    "portfolio_364": {
        "AVGO": 0.05,
        "TLK": 0.0579218604086594,
        "LNTH": 0.05,
        "RICO.L": 0.0296858553669908,
        "ULVR.L": 0.0628206516041857,
        "AD.AS": 0.0598584029603729,
        "KPN.AS": 0.1788573638531536,
        "600028.SS": 0.05,
        "600519.SS": 0.0338363461562388,
        "601398.SS": 0.0838648817302151,
        "601988.SS": 0.05,
        "2914.T": 0.0592196307283905,
        "9433.T": 0.0596140679001924,
        "9434.T": 0.1368885192840328,
        "6288.HK": 0.0374324200075676
    }
}