{
    "portfolio_655": {
        "BCH": 0.05,
        "TLK": 0.0560562171932074,
        "RYTM": 0.05,
        "QF9.F": 0.0052621125328888,
        "0TDD.L": 0.05,
        "ULVR.L": 0.0519586241742166,
        "AD.AS": 0.0598307542661933,
        "KPN.AS": 0.1615301909760042,
        "600028.SS": 0.05,
        "601398.SS": 0.1458218255955713,
        "601728.SS": 0.05,
        "2914.T": 0.0685533856027195,
        "9432.T": 0.0701417265919958,
        "9434.T": 0.1049338331046402,
        "6288.HK": 0.0259113299625627
    }
}