{
    "portfolio_571": {
        "PEP": 0.0462208164365563,
        "TLK": 0.0682599393120994,
        "IESC": 0.05,
        "AZN.L": 0.05,
        "ULVR.L": 0.0409907793128104,
        "AD.AS": 0.0567770916355159,
        "KPN.AS": 0.1623736940787981,
        "600900.SS": 0.0490582390221418,
        "601398.SS": 0.144461542462509,
        "2914.T": 0.053361538169257,
        "8001.T": 0.05,
        "9432.T": 0.0568180821562922,
        "9434.T": 0.0763538947139199,
        "0941.HK": 0.0453243827000997,
        "6288.HK": 0.05
    }
}