{
    "portfolio_914": {
        "PEP": 0.0818344438262475,
        "TLK": 0.0917445965124176,
        "TTE.L": 0.01,
        "AD.AS": 0.0735184919074986,
        "KPN.AS": 0.1727710169963888,
        "REN.AS": 0.0168173042991552,
        "600519.SS": 0.0493710313023727,
        "601398.SS": 0.166071487801969,
        "601939.SS": 0.01,
        "601988.SS": 0.01,
        "2914.T": 0.0629057526860459,
        "9432.T": 0.0710412091741944,
        "9434.T": 0.133458214949888,
        "0386.HK": 0.01,
        "6288.HK": 0.0404664505438224
    }
}