{
    "portfolio_919": {
        "ASML": 0.05,
        "IBN": 0.05,
        "TLK": 0.0539300024353463,
        "OLLI": 0.05,
        "SAN.PA": 0.0272708682964251,
        "SKFA.F": 0.05,
        "AD.AS": 0.0583281327223754,
        "KPN.AS": 0.1776401549310706,
        "600519.SS": 0.0291271969684032,
        "601398.SS": 0.1347973251324659,
        "2914.T": 0.0460911034131964,
        "9432.T": 0.079513281261648,
        "9434.T": 0.1128591573559569,
        "0883.HK": 0.05,
        "6288.HK": 0.030442777483112
    }
}