{
    "portfolio_467": {
        "PEP": 0.0767273036750168,
        "BCH": 0.01,
        "KT": 0.0485515615941266,
        "TLK": 0.077467868675973,
        "LPS1.F": 0.01,
        "ULVR.L": 0.0572968793498063,
        "KPN.AS": 0.1893769488973548,
        "600519.SS": 0.0576543930670785,
        "601088.SS": 0.01,
        "601398.SS": 0.1565064383478835,
        "601988.SS": 0.01,
        "9432.T": 0.1026297882275879,
        "9434.T": 0.1415032351271805,
        "0883.HK": 0.01,
        "6288.HK": 0.0422855830379923
    }
}