{
    "portfolio_552": {
        "TLK": 0.0384913733957646,
        "ADMA": 0.05,
        "PRCT": 0.05,
        "SAF.PA": 0.05,
        "SAN.PA": 0.0189481578634823,
        "RICO.L": 0.0271364637629751,
        "ULVR.L": 0.0546968284195024,
        "AD.AS": 0.0574361715546702,
        "KPN.AS": 0.1602401779599671,
        "601398.SS": 0.1367744298486043,
        "2914.T": 0.0617600064040826,
        "9434.T": 0.1687567961511222,
        "0857.HK": 0.05,
        "1088.HK": 0.05,
        "6288.HK": 0.0257595946398288
    }
}