{
    "portfolio_651": {
        "PEP": 0.0497638317214313,
        "TMUS": 0.05,
        "TLK": 0.078433621404399,
        "TTE.PA": 0.05,
        "ULVR.L": 0.0498461762578929,
        "AD.AS": 0.0779803380154932,
        "KPN.AS": 0.1227665195690439,
        "600519.SS": 0.0301288654404263,
        "600900.SS": 0.037522994343539,
        "601398.SS": 0.1321091815616698,
        "2914.T": 0.0525485376632543,
        "9433.T": 0.0665361159330908,
        "9434.T": 0.1189314775808903,
        "0386.HK": 0.05,
        "6288.HK": 0.033432340508869
    }
}