{
    "portfolio_72": {
        "KT": 0.0543303252849832,
        "TLK": 0.0812366338600434,
        "ADMA": 0.01,
        "PJXC.F": 0.01,
        "0TDD.L": 0.01,
        "ULVR.L": 0.0612854978994852,
        "AD.AS": 0.0803152008897616,
        "KPN.AS": 0.1719924917836922,
        "601398.SS": 0.1651450952162978,
        "601857.SS": 0.01,
        "2914.T": 0.059570572726684,
        "9432.T": 0.086890405744159,
        "9434.T": 0.133253669120917,
        "0941.HK": 0.0209351916708371,
        "6288.HK": 0.0450449158031392
    }
}