{
    "portfolio_662": {
        "TMUS": 0.05,
        "TLK": 0.0705183629860745,
        "VERX": 0.05,
        "SKFA.F": 0.05,
        "SHEL.L": 0.05,
        "ULVR.L": 0.0430543844809477,
        "AD.AS": 0.0631659835064894,
        "KPN.AS": 0.1387792826130523,
        "600900.SS": 0.0637873622659104,
        "601398.SS": 0.1141276274669191,
        "2914.T": 0.0640260561529159,
        "9433.T": 0.082201507751502,
        "9434.T": 0.0871823333315555,
        "0941.HK": 0.05,
        "6288.HK": 0.0231570994446328
    }
}