{
    "portfolio_412": {
        "PEP": 0.1268954085964361,
        "EC": 0.0548199486121991,
        "APPF": 0.0503819816555109,
        "4AH1.F": 0.0106120164357203,
        "LFU2.F": 0.01,
        "LPS1.F": 0.01,
        "WK0.F": 0.01,
        "ULVR.L": 0.0852018334717072,
        "KPN.AS": 0.1206164454197331,
        "600519.SS": 0.0616631382981475,
        "601288.SS": 0.106998287600336,
        "601857.SS": 0.01,
        "7974.T": 0.2016006340107975,
        "8031.T": 0.01,
        "9433.T": 0.1312103058994124
    }
}