{
    "portfolio_73": {
        "PEP": 0.0642755850956516,
        "TLK": 0.0915804889653701,
        "DG.PA": 0.05,
        "ULVR.L": 0.0358419245030254,
        "AD.AS": 0.0501670440281679,
        "KPN.AS": 0.1299022152367685,
        "REN.AS": 0.05,
        "600519.SS": 0.0348251733459291,
        "601398.SS": 0.1501435066644503,
        "2914.T": 0.0395018723979832,
        "4063.T": 0.05,
        "7974.T": 0.05,
        "9433.T": 0.0541009700784712,
        "9434.T": 0.0996612196841826,
        "0857.HK": 0.05
    }
}