{
    "portfolio_959": {
        "PEP": 0.035804701429652,
        "PKX": 0.05,
        "TLK": 0.0590742854195497,
        "AXSM": 0.05,
        "DG.PA": 0.05,
        "0K9E.L": 0.05,
        "RICO.L": 0.0202827208919458,
        "ULVR.L": 0.0532957457053664,
        "AD.AS": 0.0313244604562197,
        "KPN.AS": 0.1355321440878859,
        "601398.SS": 0.165222947030221,
        "9432.T": 0.1082333953232908,
        "9434.T": 0.1127603985539926,
        "0386.HK": 0.05,
        "6288.HK": 0.0284692011018759
    }
}