{
    "portfolio_982": {
        "AVGO": 0.01,
        "PEP": 0.0701151529144063,
        "TLK": 0.0811934001894633,
        "LNTH": 0.01,
        "BPE5.F": 0.0107484635645983,
        "ULVR.L": 0.0494203796242169,
        "AD.AS": 0.066244983677743,
        "KPN.AS": 0.1725541937325455,
        "600519.SS": 0.0491332762108928,
        "601398.SS": 0.1727917408008758,
        "601857.SS": 0.0162405771687918,
        "8058.T": 0.01,
        "9432.T": 0.0873695070330225,
        "9434.T": 0.1540196109276724,
        "6288.HK": 0.0401687141557718
    }
}