{
    "portfolio_604": {
        "AVGO": 0.05,
        "TLK": 0.0772576884042635,
        "0TDD.L": 0.05,
        "ULVR.L": 0.0561535816579414,
        "AD.AS": 0.0654062754134319,
        "KPN.AS": 0.132856216352103,
        "SHELL.AS": 0.05,
        "600900.SS": 0.0402923227547475,
        "601328.SS": 0.05,
        "601398.SS": 0.1046885641216797,
        "2914.T": 0.0802106538583269,
        "9433.T": 0.0628115040320032,
        "9434.T": 0.1093984611924596,
        "0941.HK": 0.0403486006382752,
        "6288.HK": 0.0305761315747676
    }
}