{
    "portfolio_686": {
        "PEP": 0.0823728788485254,
        "TLK": 0.0933919294623957,
        "LNTH": 0.01,
        "PRCT": 0.01,
        "0DH.F": 0.01,
        "0YXG.L": 0.01,
        "AD.AS": 0.0756507955436215,
        "KPN.AS": 0.1733847877452742,
        "600519.SS": 0.0602886656307667,
        "601398.SS": 0.1649890460049983,
        "8001.T": 0.01,
        "9432.T": 0.0861191047672891,
        "9434.T": 0.1081474905951026,
        "0941.HK": 0.0699066293406456,
        "6288.HK": 0.035748672061381
    }
}