{
    "portfolio_391": {
        "PEP": 0.0653156489804815,
        "TGS": 0.05,
        "TLK": 0.0459058650852851,
        "VERX": 0.05,
        "RICO.L": 0.029857199472101,
        "ULVR.L": 0.0534639605679698,
        "AD.AS": 0.0555245291250254,
        "KPN.AS": 0.1798315332058475,
        "600028.SS": 0.05,
        "600519.SS": 0.0378283015447543,
        "601398.SS": 0.0871775078426679,
        "601939.SS": 0.05,
        "9432.T": 0.0796537696499705,
        "9434.T": 0.1154416845258972,
        "9983.T": 0.05
    }
}