{
    "portfolio_381": {
        "PEP": 0.078031109351026,
        "TLK": 0.0970200701338706,
        "SMMT": 0.01,
        "HSBA.L": 0.01,
        "ULVR.L": 0.0440946273152614,
        "AD.AS": 0.063998265846698,
        "KPN.AS": 0.1606608917966384,
        "600900.SS": 0.0546183007624456,
        "601398.SS": 0.142933579726785,
        "2914.T": 0.0849810706195594,
        "4519.T": 0.0164631586328397,
        "9434.T": 0.1377365926425438,
        "9983.T": 0.01,
        "0941.HK": 0.0549018034582901,
        "6288.HK": 0.034560529714042
    }
}