{
    "portfolio_143": {
        "PEP": 0.0772523857337474,
        "TLK": 0.0885738498353153,
        "SHEL.L": 0.0333316075542708,
        "ULVR.L": 0.0540221348923054,
        "AD.AS": 0.0666720791213802,
        "KPN.AS": 0.1520626870398516,
        "601398.SS": 0.1584543696807502,
        "601939.SS": 0.01,
        "2914.T": 0.0665353274707888,
        "8058.T": 0.01,
        "9432.T": 0.064156320013692,
        "9434.T": 0.1207942096606124,
        "0728.HK": 0.01,
        "0941.HK": 0.0497161354656961,
        "6288.HK": 0.0384288935315896
    }
}