{
    "portfolio_265": {
        "PEP": 0.0633222221994274,
        "TLK": 0.0874090127868091,
        "TTE.PA": 0.05,
        "ULVR.L": 0.0412223468720802,
        "AD.AS": 0.0612443899681442,
        "CCEP.AS": 0.05,
        "KPN.AS": 0.1307431296780108,
        "600519.SS": 0.0291393018400563,
        "601088.SS": 0.05,
        "601398.SS": 0.1290085698642004,
        "8031.T": 0.05,
        "9433.T": 0.0718893167688105,
        "9434.T": 0.1102715451104414,
        "0728.HK": 0.05,
        "6288.HK": 0.0257501649120197
    }
}