{
    "portfolio_374": {
        "PEP": 0.0539428596389834,
        "TLK": 0.0631654083968965,
        "ADMA": 0.05,
        "0TDD.L": 0.05,
        "TTE.L": 0.05,
        "ULVR.L": 0.0549803255159553,
        "AD.AS": 0.0532071539402608,
        "KPN.AS": 0.1353309842569356,
        "600900.SS": 0.0325328262770932,
        "601398.SS": 0.1324842202106127,
        "2914.T": 0.0556558226382514,
        "9432.T": 0.0726376002588637,
        "9434.T": 0.1122434240588675,
        "0941.HK": 0.0471810816430135,
        "6288.HK": 0.0366382931642665
    }
}