{
    "portfolio_500": {
        "ASML": 0.01,
        "PEP": 0.0560877262161085,
        "BCH": 0.01,
        "TLK": 0.0835838864035676,
        "ADMA": 0.01,
        "AIR.PA": 0.01,
        "ULVR.L": 0.0557499274687827,
        "AD.AS": 0.06928932816394,
        "KPN.AS": 0.1483450451247098,
        "SHELL.AS": 0.0222289103130014,
        "601398.SS": 0.1678438842021938,
        "2914.T": 0.0865828793528744,
        "9434.T": 0.1688485829471536,
        "0941.HK": 0.0624455315635842,
        "6288.HK": 0.0389942982440838
    }
}