{
    "portfolio_627": {
        "PEP": 0.087461240305625,
        "PKX": 0.01,
        "TLK": 0.0752926918001556,
        "WK0.F": 0.01,
        "TYT.L": 0.0394542370311161,
        "ULVR.L": 0.0489790957842172,
        "AD.AS": 0.055890110381404,
        "KPN.AS": 0.1920272967247763,
        "600519.SS": 0.0537580488314803,
        "600941.SS": 0.01,
        "601398.SS": 0.1479999991183092,
        "2914.T": 0.0590225008260717,
        "9432.T": 0.0759106672056563,
        "9434.T": 0.1242041119911882,
        "0883.HK": 0.01
    }
}