{
    "portfolio_310": {
        "CRESY": 0.01,
        "PEP": 0.0571175988083788,
        "PKX": 0.01,
        "TLK": 0.0857264413107508,
        "IESC": 0.0149480769965586,
        "ULVR.L": 0.055656757634629,
        "AD.AS": 0.0713531401368794,
        "KPN.AS": 0.1628135593830729,
        "600028.SS": 0.01,
        "601398.SS": 0.170617182183712,
        "2914.T": 0.083514562959078,
        "4519.T": 0.0192762877128414,
        "9434.T": 0.155014024685202,
        "0941.HK": 0.0571434140511468,
        "6288.HK": 0.0368189541377502
    }
}