{
    "portfolio_574": {
        "PKX": 0.05,
        "TGS": 0.05,
        "RYTM": 0.05,
        "QF9.F": 0.0057485689933793,
        "HSBA.L": 0.05,
        "ULVR.L": 0.046779517217326,
        "AD.AS": 0.0685337875664924,
        "KPN.AS": 0.1649283539287538,
        "600900.SS": 0.0429405235763727,
        "601398.SS": 0.1538712924293272,
        "2914.T": 0.0503379978973038,
        "9432.T": 0.0778584452452247,
        "9434.T": 0.1096042115680382,
        "0883.HK": 0.05,
        "6288.HK": 0.0293973015777814
    }
}