{
    "portfolio_305": {
        "PEP": 0.0612540544635978,
        "TLK": 0.0961700092271825,
        "RYTM": 0.01,
        "OL5.F": 0.01,
        "TTE.L": 0.01,
        "ULVR.L": 0.0584694254122365,
        "AD.AS": 0.0768387452625428,
        "KPN.AS": 0.1520438846308716,
        "WKL.AS": 0.0157642574228498,
        "601398.SS": 0.1631925193776824,
        "2914.T": 0.0850378295362414,
        "9434.T": 0.1493128382012551,
        "0941.HK": 0.0656844046789947,
        "1288.HK": 0.01,
        "6288.HK": 0.0362320317865454
    }
}