{
    "portfolio_122": {
        "PEP": 0.1074353468352222,
        "TLK": 0.1029989627457988,
        "0DH.F": 0.01,
        "SHEL.L": 0.0400955166024893,
        "AD.AS": 0.0755201087073453,
        "CCEP.AS": 0.0142669504678871,
        "KPN.AS": 0.1386048149353144,
        "600519.SS": 0.0536904690806077,
        "601138.SS": 0.01,
        "601288.SS": 0.1329945620127276,
        "601939.SS": 0.0193692360103076,
        "2914.T": 0.0708226374491911,
        "7974.T": 0.0549726352195092,
        "9433.T": 0.0963576382130133,
        "0941.HK": 0.0728711217205862
    }
}