{
    "portfolio_415": {
        "PKX": 0.05,
        "TLK": 0.0655998212319453,
        "IESC": 0.05,
        "SAN.PA": 0.0317097505303378,
        "ULVR.L": 0.057138378250818,
        "AD.AS": 0.0576849152279893,
        "KPN.AS": 0.1646879444500992,
        "600028.SS": 0.05,
        "601398.SS": 0.0805290682343283,
        "601939.SS": 0.05,
        "2914.T": 0.0635457267068008,
        "9432.T": 0.06663862643811,
        "9434.T": 0.1294069532963092,
        "0857.HK": 0.05,
        "6288.HK": 0.0330588156332621
    }
}