{
    "portfolio_558": {
        "PEP": 0.0811945069851755,
        "TLK": 0.0901478518509542,
        "SHEL.L": 0.0332044598802376,
        "AD.AS": 0.0773289763232771,
        "KPN.AS": 0.1546073880035847,
        "REN.AS": 0.0130638254009412,
        "600519.SS": 0.0461828151311938,
        "600941.SS": 0.01,
        "601398.SS": 0.1785368055291966,
        "601728.SS": 0.01,
        "2914.T": 0.0688349301604581,
        "9433.T": 0.062614211336778,
        "9434.T": 0.1284427518674811,
        "1088.HK": 0.01,
        "6288.HK": 0.0358414775307219
    }
}