{
    "portfolio_90": {
        "PEP": 0.051009547030973,
        "TLK": 0.0937194648412418,
        "ULVR.L": 0.0434343490495808,
        "AD.AS": 0.0444077757369401,
        "CCEP.AS": 0.05,
        "KPN.AS": 0.1434787997211791,
        "REN.AS": 0.05,
        "600028.SS": 0.05,
        "601398.SS": 0.1009664185037869,
        "601728.SS": 0.05,
        "2914.T": 0.0686996649511528,
        "9432.T": 0.0656160496260077,
        "9434.T": 0.1103078463448368,
        "0386.HK": 0.05,
        "6288.HK": 0.0283600841943012
    }
}