{
    "portfolio_47": {
        "PEP": 0.0807949820853441,
        "TLK": 0.0835942602851375,
        "ULVR.L": 0.0583325728460388,
        "AD.AS": 0.0681021218302364,
        "KPN.AS": 0.1354557257749456,
        "SHELL.AS": 0.05,
        "600519.SS": 0.0280505798224944,
        "600900.SS": 0.0493061562266124,
        "601288.SS": 0.0617213218495926,
        "601988.SS": 0.05,
        "2914.T": 0.0698206718236229,
        "9433.T": 0.0753190120407077,
        "9434.T": 0.1061899182757288,
        "0883.HK": 0.05,
        "6288.HK": 0.0333126771395383
    }
}