{
    "portfolio_805": {
        "PEP": 0.0755790964350477,
        "TLK": 0.0833665359050911,
        "DG.PA": 0.05,
        "ULVR.L": 0.0383034639531339,
        "AD.AS": 0.0563687386854852,
        "KPN.AS": 0.1557562951376619,
        "600519.SS": 0.0343046267680754,
        "601328.SS": 0.05,
        "601398.SS": 0.0770870336861286,
        "601988.SS": 0.05,
        "4063.T": 0.05,
        "9432.T": 0.0814975181981033,
        "9434.T": 0.1268695924126982,
        "0941.HK": 0.0438725640810937,
        "6288.HK": 0.0269945347374806
    }
}