{
    "portfolio_270": {
        "CRESY": 0.01,
        "PEP": 0.0691523749732368,
        "TLK": 0.0855553247639157,
        "AXSM": 0.01,
        "ULVR.L": 0.0509086179635309,
        "AD.AS": 0.0634054728004197,
        "KPN.AS": 0.1640786057800276,
        "WKL.AS": 0.0163405114188774,
        "600519.SS": 0.0480757144613577,
        "601398.SS": 0.1938862317859995,
        "8031.T": 0.01,
        "8058.T": 0.01,
        "9432.T": 0.0940114183006423,
        "9434.T": 0.1365950019497953,
        "6288.HK": 0.0379907258021969
    }
}