{
    "portfolio_214": {
        "PEP": 0.0722903790980774,
        "TEO": 0.05,
        "TLK": 0.0438436321219563,
        "8GC.F": 0.05,
        "0TDD.L": 0.05,
        "ULVR.L": 0.0566093042904627,
        "AD.AS": 0.0569561669978606,
        "KPN.AS": 0.1288439531722818,
        "600900.SS": 0.0478142351767482,
        "601398.SS": 0.1470814106988503,
        "6857.T": 0.05,
        "7974.T": 0.05,
        "9432.T": 0.0930461821215563,
        "9434.T": 0.0808776067575994,
        "6288.HK": 0.022637129564607
    }
}