{
    "portfolio_293": {
        "CRESY": 0.05,
        "TLK": 0.0731465548236076,
        "SAF.PA": 0.05,
        "SKFA.F": 0.05,
        "ULVR.L": 0.063081326778955,
        "AD.AS": 0.0645078921482609,
        "KPN.AS": 0.132267002798836,
        "600900.SS": 0.0406699605810364,
        "601288.SS": 0.05,
        "601398.SS": 0.0948763128694249,
        "2914.T": 0.0704803696430593,
        "9433.T": 0.0815580315075698,
        "9434.T": 0.1062542462884921,
        "0857.HK": 0.05,
        "6288.HK": 0.0231583025607576
    }
}