{
    "portfolio_853": {
        "PEP": 0.1316679167455679,
        "EC": 0.0530204205174316,
        "APPF": 0.0503647596308757,
        "4AH1.F": 0.0107172076629018,
        "LFU2.F": 0.01,
        "WK0.F": 0.01,
        "ULVR.L": 0.1018847096284681,
        "KPN.AS": 0.1213204854868691,
        "601288.SS": 0.1025700168234984,
        "601728.SS": 0.0445053442607324,
        "601988.SS": 0.01,
        "7974.T": 0.212639312801399,
        "9433.T": 0.1213098264422558,
        "0857.HK": 0.01,
        "0941.HK": 0.01
    }
}