{
    "portfolio_524": {
        "PEP": 0.07710510052756,
        "TLK": 0.0995341883594378,
        "SAN.PA": 0.0361133517761375,
        "ULVR.L": 0.0462910236896197,
        "AD.AS": 0.0736423513557747,
        "KPN.AS": 0.1409761651676309,
        "600519.SS": 0.0363468171689192,
        "601088.SS": 0.05,
        "601398.SS": 0.0694898816593455,
        "601857.SS": 0.05,
        "8058.T": 0.05,
        "9433.T": 0.0798919227729144,
        "9434.T": 0.1144447700534832,
        "0386.HK": 0.05,
        "6288.HK": 0.0261644274691769
    }
}