{
    "portfolio_345": {
        "PEP": 0.0796961885656074,
        "TLK": 0.0898622703012486,
        "SAF.PA": 0.01,
        "TTE.PA": 0.01,
        "ULVR.L": 0.0458559278545669,
        "AD.AS": 0.0654912940697649,
        "KPN.AS": 0.1683552748791111,
        "600028.SS": 0.01,
        "600519.SS": 0.0473178774677634,
        "601398.SS": 0.1685225957281951,
        "8031.T": 0.01,
        "9432.T": 0.0852554786292406,
        "9434.T": 0.1506061923489978,
        "0857.HK": 0.0209046770238759,
        "6288.HK": 0.0381322231316283
    }
}