{
    "portfolio_579": {
        "AVGO": 0.05,
        "TLK": 0.0780981625749084,
        "ULVR.L": 0.0547177644018841,
        "AD.AS": 0.0673625101197202,
        "KPN.AS": 0.1291859137674807,
        "SHELL.AS": 0.05,
        "WKL.AS": 0.05,
        "600519.SS": 0.0263833305373969,
        "600941.SS": 0.05,
        "601398.SS": 0.1278442326528211,
        "2914.T": 0.0738914807664233,
        "9433.T": 0.0545654042953044,
        "9434.T": 0.1081474171249263,
        "0941.HK": 0.05,
        "6288.HK": 0.0298037837591341
    }
}