{
    "portfolio_756": {
        "PKX": 0.05,
        "TLK": 0.045629714086053,
        "APPF": 0.05,
        "IESC": 0.05,
        "SAN.PA": 0.0300186172890398,
        "ULVR.L": 0.0517086592528122,
        "AD.AS": 0.0515391679108571,
        "KPN.AS": 0.1638478009898629,
        "600941.SS": 0.05,
        "601398.SS": 0.1639314326300154,
        "2914.T": 0.0475950636143496,
        "4063.T": 0.05,
        "9432.T": 0.048893597662346,
        "9434.T": 0.1158922207916858,
        "6288.HK": 0.0309437257729781
    }
}