{
    "portfolio_15": {
        "PEP": 0.043845835202901,
        "IBN": 0.05,
        "TLK": 0.0716219472521731,
        "AZN.L": 0.05,
        "AD.AS": 0.0403533898431106,
        "INGA.AS": 0.05,
        "KPN.AS": 0.132502817793615,
        "REN.AS": 0.05,
        "600519.SS": 0.0335326297446051,
        "601398.SS": 0.154531073035357,
        "2914.T": 0.0625631054028704,
        "9432.T": 0.0740393939702744,
        "9434.T": 0.1001462376003576,
        "3988.HK": 0.05,
        "6288.HK": 0.0368635701547356
    }
}