{
    "portfolio_885": {
        "PEP": 0.0478940799868917,
        "BCH": 0.05,
        "TLK": 0.0921426497095219,
        "SKFA.F": 0.05,
        "ULVR.L": 0.0476990831237658,
        "AD.AS": 0.0767896325713335,
        "KPN.AS": 0.1429211276752156,
        "600900.SS": 0.059976312350571,
        "601988.SS": 0.0543331508900262,
        "2914.T": 0.0617388801938875,
        "9433.T": 0.0808196005716231,
        "9434.T": 0.1085777668571177,
        "1088.HK": 0.05,
        "1288.HK": 0.05,
        "6288.HK": 0.0271077160700459
    }
}