{
    "portfolio_648": {
        "COST": 0.05,
        "LNTH": 0.05,
        "PRCT": 0.05,
        "SAN.PA": 0.0297122133887783,
        "RICO.L": 0.0396945891294967,
        "ULVR.L": 0.0631356255303603,
        "AD.AS": 0.0492977090889655,
        "KPN.AS": 0.1962314459997008,
        "600519.SS": 0.0270768315863211,
        "601328.SS": 0.05,
        "601398.SS": 0.1134151701091993,
        "2914.T": 0.0479900776860191,
        "9434.T": 0.1616428355118102,
        "0386.HK": 0.05,
        "6288.HK": 0.0218035019693484
    }
}