{
    "portfolio_129": {
        "PEP": 0.0548858695150977,
        "TGS": 0.05,
        "TLK": 0.0627341417710896,
        "SAF.PA": 0.05,
        "ULVR.L": 0.0602671903607984,
        "AD.AS": 0.0585631084593813,
        "KPN.AS": 0.1459738969209502,
        "601328.SS": 0.05,
        "601398.SS": 0.0682059621609261,
        "601939.SS": 0.05,
        "2914.T": 0.0624467560666489,
        "9432.T": 0.0623472984001519,
        "9434.T": 0.1362478733571134,
        "0857.HK": 0.05,
        "6288.HK": 0.0383279029878426
    }
}