{
    "portfolio_866": {
        "TLK": 0.0617548969049459,
        "LNTH": 0.05,
        "RMS.PA": 0.05,
        "SAF.PA": 0.05,
        "SAN.PA": 0.0229170775643848,
        "ULVR.L": 0.0535417906055737,
        "AD.AS": 0.0396763594771391,
        "KPN.AS": 0.1513930994115294,
        "601398.SS": 0.1650396538904629,
        "601728.SS": 0.05,
        "2914.T": 0.052349106333381,
        "8058.T": 0.05,
        "9433.T": 0.0492397539028402,
        "9434.T": 0.1258016863605396,
        "6288.HK": 0.0282865755492031
    }
}