{
    "portfolio_58": {
        "BCH": 0.05,
        "TLK": 0.050914731970515,
        "PRCT": 0.05,
        "AI.PA": 0.05,
        "RICO.L": 0.021541379841439,
        "ULVR.L": 0.0560227101989007,
        "AD.AS": 0.0605155850527537,
        "KPN.AS": 0.1673250576635101,
        "600519.SS": 0.0239727574953882,
        "601398.SS": 0.1669431568109006,
        "2914.T": 0.0571142565898911,
        "9433.T": 0.05,
        "9434.T": 0.1213661525336118,
        "1088.HK": 0.05,
        "6288.HK": 0.0242842118430896
    }
}