{
    "portfolio_963": {
        "PEP": 0.0690116773195954,
        "BCH": 0.05,
        "TLK": 0.077994994880736,
        "0TDD.L": 0.05,
        "ULVR.L": 0.0475738098650368,
        "AD.AS": 0.0500425152579539,
        "KPN.AS": 0.1564024676875689,
        "600028.SS": 0.05,
        "600519.SS": 0.0365743687666797,
        "601328.SS": 0.05,
        "601398.SS": 0.0932857059621661,
        "8001.T": 0.05,
        "9432.T": 0.0831590523988634,
        "9434.T": 0.1080643692153305,
        "6288.HK": 0.027891038646069
    }
}