{
    "portfolio_474": {
        "TMUS": 0.05,
        "TLK": 0.0748579921747071,
        "VERX": 0.05,
        "RICO.L": 0.0264808764637506,
        "ULVR.L": 0.0378141002991111,
        "AD.AS": 0.0546238632015613,
        "CCEP.AS": 0.05,
        "KPN.AS": 0.1580836262034706,
        "600519.SS": 0.0282768872191138,
        "601398.SS": 0.1529980500949339,
        "2914.T": 0.0522072163381707,
        "9433.T": 0.0568257791029195,
        "9434.T": 0.1078316089022612,
        "9983.T": 0.05,
        "0883.HK": 0.05
    }
}