{
    "portfolio_774": {
        "TLK": 0.0686757023541506,
        "LNTH": 0.05,
        "0TDD.L": 0.05,
        "0YXG.L": 0.05,
        "ULVR.L": 0.0549376368541742,
        "AD.AS": 0.0526000466080699,
        "KPN.AS": 0.1550770473707611,
        "601088.SS": 0.05,
        "601288.SS": 0.05,
        "601398.SS": 0.0833732264818772,
        "2914.T": 0.0713233247735261,
        "9433.T": 0.0623849791718536,
        "9434.T": 0.1198859338800357,
        "0941.HK": 0.0495726239043178,
        "6288.HK": 0.0321694786012335
    }
}