{
    "portfolio_477": {
        "PEP": 0.0687472201090859,
        "TLK": 0.0925912638785294,
        "DG.PA": 0.05,
        "ULVR.L": 0.040739782893404,
        "AD.AS": 0.0631123862265424,
        "KPN.AS": 0.1437482336061905,
        "600028.SS": 0.05,
        "600519.SS": 0.0376575777908757,
        "601088.SS": 0.05,
        "601398.SS": 0.064809357301726,
        "601988.SS": 0.05,
        "2914.T": 0.0662240327029367,
        "9433.T": 0.0671009198977231,
        "9434.T": 0.1211843804904955,
        "6288.HK": 0.0340848451024905
    }
}