{
    "portfolio_402": {
        "PEP": 0.0817609429208006,
        "TGS": 0.01,
        "TLK": 0.0880676831740016,
        "0TDD.L": 0.01,
        "AD.AS": 0.0750547615063245,
        "KPN.AS": 0.1748843438297288,
        "600028.SS": 0.01,
        "600519.SS": 0.0473278958295723,
        "601398.SS": 0.1623940359270208,
        "601988.SS": 0.01,
        "2914.T": 0.0599256858497981,
        "9432.T": 0.0711111673009145,
        "9434.T": 0.1400609847022244,
        "0857.HK": 0.0199216726475989,
        "6288.HK": 0.0394908263120151
    }
}