{
    "portfolio_673": {
        "PEP": 0.0646418473572334,
        "TGS": 0.05,
        "TLK": 0.0650803101936664,
        "ULVR.L": 0.0709859296216998,
        "AD.AS": 0.0601922180815582,
        "KPN.AS": 0.1510062945512649,
        "UMG.AS": 0.0218494677166615,
        "600941.SS": 0.05,
        "601288.SS": 0.0757096691715424,
        "601328.SS": 0.05,
        "2914.T": 0.0572430848263885,
        "9432.T": 0.0672302206453112,
        "9434.T": 0.128781548029377,
        "0728.HK": 0.05,
        "6288.HK": 0.0372794098052967
    }
}