{
    "portfolio_857": {
        "PEP": 0.055491521294079,
        "CIB": 0.05,
        "RYTM": 0.05,
        "CS.PA": 0.05,
        "TTE.L": 0.05,
        "ULVR.L": 0.0497662168545196,
        "AD.AS": 0.0494325409793323,
        "KPN.AS": 0.1545336763411558,
        "600900.SS": 0.067321429692823,
        "601398.SS": 0.1067960281032018,
        "601988.SS": 0.05,
        "2914.T": 0.0712831555127007,
        "9432.T": 0.0616758157066365,
        "9434.T": 0.09968437237099,
        "6288.HK": 0.0340152431445612
    }
}