{
    "portfolio_294": {
        "PEP": 0.067998391747445,
        "TLK": 0.0886313850255763,
        "SHEL.L": 0.03168819768078,
        "ULVR.L": 0.0498010355978214,
        "AD.AS": 0.0612185178433705,
        "KPN.AS": 0.1338532148709114,
        "REN.AS": 0.05,
        "600900.SS": 0.0585768462682889,
        "601288.SS": 0.067025459304338,
        "601988.SS": 0.05,
        "2914.T": 0.086172623736391,
        "7974.T": 0.05,
        "9434.T": 0.1205513060833184,
        "0941.HK": 0.0524195694429999,
        "6288.HK": 0.0320634523987591
    }
}