{
    "portfolio_330": {
        "PEP": 0.0792391647757193,
        "TLK": 0.0867519579201764,
        "TTE.PA": 0.05,
        "ULVR.L": 0.0537785872039291,
        "AD.AS": 0.0716572149530809,
        "KPN.AS": 0.1315955940540694,
        "600519.SS": 0.0363436690820367,
        "600941.SS": 0.05,
        "601398.SS": 0.0744398363136688,
        "601988.SS": 0.05,
        "8058.T": 0.05,
        "9433.T": 0.0820462237889656,
        "9434.T": 0.1070532884093302,
        "1288.HK": 0.05,
        "6288.HK": 0.0270944634990234
    }
}