{
    "portfolio_325": {
        "PEP": 0.0577555149376939,
        "TGS": 0.05,
        "TLK": 0.0468123523002243,
        "TTE.PA": 0.05,
        "HSBA.L": 0.05,
        "ULVR.L": 0.04626646349894,
        "AD.AS": 0.0589918964408622,
        "KPN.AS": 0.110460930265263,
        "WKL.AS": 0.05,
        "601398.SS": 0.1635333817897595,
        "2914.T": 0.0510968816085002,
        "9432.T": 0.0743962230560979,
        "9434.T": 0.1026997266349166,
        "0728.HK": 0.05,
        "6288.HK": 0.0379866294677423
    }
}