{
    "portfolio_954": {
        "PEP": 0.1148548568944052,
        "EC": 0.0480960016057621,
        "ADMA": 0.01,
        "APPF": 0.041745807416994,
        "RYTM": 0.01,
        "4AH1.F": 0.0103850275866343,
        "LFU2.F": 0.01,
        "ULVR.L": 0.106253104022375,
        "KPN.AS": 0.0980230934416806,
        "601288.SS": 0.1249266005067238,
        "601728.SS": 0.0561237730407701,
        "601857.SS": 0.01,
        "2914.T": 0.0413648528995322,
        "7974.T": 0.2179688481955516,
        "9433.T": 0.100258034389571
    }
}