{
    "portfolio_519": {
        "TLK": 0.0516527438747496,
        "IESC": 0.05,
        "LNTH": 0.05,
        "SAN.PA": 0.0345976935178989,
        "TYT.L": 0.0417504845024059,
        "ULVR.L": 0.0613215804857533,
        "AD.AS": 0.0591059561199027,
        "KPN.AS": 0.1591172709506424,
        "600519.SS": 0.034898237630192,
        "601088.SS": 0.05,
        "601398.SS": 0.1390994187184989,
        "601728.SS": 0.05,
        "9433.T": 0.0628176262991615,
        "9434.T": 0.130394030155178,
        "6288.HK": 0.0252449577456168
    }
}