{
    "portfolio_442": {
        "KT": 0.0502796381299816,
        "TLK": 0.0788637584133315,
        "ADMA": 0.01,
        "PJXC.F": 0.01,
        "0TDD.L": 0.01,
        "0YXG.L": 0.01,
        "ULVR.L": 0.060281172108594,
        "AD.AS": 0.0791702762202955,
        "KPN.AS": 0.1712302359678038,
        "601398.SS": 0.1719832119414622,
        "2914.T": 0.0597121878913204,
        "9432.T": 0.087867695341815,
        "9434.T": 0.1297514565306265,
        "0941.HK": 0.026254740564314,
        "6288.HK": 0.0446056268904555
    }
}