{
    "portfolio_493": {
        "PEP": 0.073392334238799,
        "TLK": 0.1011298124348918,
        "SMMT": 0.01,
        "ULVR.L": 0.0535823989069482,
        "AD.AS": 0.0604426130062067,
        "KPN.AS": 0.1627560567319642,
        "600900.SS": 0.0543493296183348,
        "601398.SS": 0.1454888178805442,
        "601728.SS": 0.0101306907331599,
        "2914.T": 0.0869763800712137,
        "8058.T": 0.01,
        "9434.T": 0.1591776073135764,
        "0728.HK": 0.01,
        "0857.HK": 0.0215469231822326,
        "6288.HK": 0.0410270358821287
    }
}