{
    "portfolio_525": {
        "AVGO": 0.01,
        "TMUS": 0.01,
        "KT": 0.0523069582503722,
        "TLK": 0.0810820288707527,
        "PJXC.F": 0.01,
        "SKFA.F": 0.01,
        "ULVR.L": 0.0606304100317636,
        "AD.AS": 0.0808754391218638,
        "KPN.AS": 0.173079005166751,
        "601398.SS": 0.1732980343060519,
        "2914.T": 0.0574811474422318,
        "9432.T": 0.0866946539496466,
        "9434.T": 0.1356380195871291,
        "0857.HK": 0.0143051452519564,
        "6288.HK": 0.0446091580214811
    }
}