{
    "portfolio_793": {
        "PRCT": 0.05,
        "BSD2.F": 0.05,
        "0YXG.L": 0.05,
        "RICO.L": 0.025086359355959,
        "ULVR.L": 0.0510887897509538,
        "AD.AS": 0.0423520060285983,
        "CCEP.AS": 0.05,
        "KPN.AS": 0.1547590404973159,
        "SHELL.AS": 0.05,
        "600900.SS": 0.0487890316654055,
        "601398.SS": 0.1681612876930184,
        "2914.T": 0.0649281504054916,
        "9432.T": 0.0442016512822816,
        "9434.T": 0.1195503447250309,
        "6288.HK": 0.0310833385959445
    }
}