{
    "portfolio_698": {
        "CRESY": 0.01,
        "PEP": 0.0579027976903126,
        "TLK": 0.0933203766197727,
        "OLLI": 0.01,
        "CS.PA": 0.01,
        "0TDD.L": 0.01,
        "ULVR.L": 0.0549898813976759,
        "AD.AS": 0.0710672179986188,
        "KPN.AS": 0.1532461949475976,
        "601398.SS": 0.169301173409604,
        "2914.T": 0.0820335551790941,
        "7974.T": 0.0301291368022269,
        "9434.T": 0.150481129150962,
        "0941.HK": 0.0598943197841477,
        "6288.HK": 0.0376342170199876
    }
}