{
    "portfolio_589": {
        "PEP": 0.1181242757668078,
        "BCH": 0.01,
        "EC": 0.044620829370154,
        "TGS": 0.01,
        "APPF": 0.0464067645247312,
        "4AH1.F": 0.0103728100272224,
        "LFU2.F": 0.01,
        "0YXG.L": 0.01,
        "ULVR.L": 0.1107408109024322,
        "KPN.AS": 0.0974744835603685,
        "601288.SS": 0.1226060874562289,
        "601728.SS": 0.0589816304085442,
        "601988.SS": 0.01,
        "7974.T": 0.2289062290642644,
        "9433.T": 0.1117660789192464
    }
}