{
    "portfolio_232": {
        "PEP": 0.0785830919424356,
        "TGS": 0.01,
        "TLK": 0.0831808902391795,
        "8GC.F": 0.01,
        "ULVR.L": 0.0496855273058299,
        "AD.AS": 0.0681336097469321,
        "KPN.AS": 0.1671540364633479,
        "600519.SS": 0.0432447744914547,
        "601398.SS": 0.1801436826643674,
        "4063.T": 0.0209621476211528,
        "9432.T": 0.088709549920559,
        "9434.T": 0.1422254225640988,
        "0728.HK": 0.01,
        "0883.HK": 0.01,
        "6288.HK": 0.0379772670406421
    }
}