{
    "portfolio_236": {
        "PEP": 0.0795922230574703,
        "BCH": 0.01,
        "TEO": 0.01,
        "TLK": 0.0845551041793222,
        "ULVR.L": 0.0471256659411924,
        "AD.AS": 0.0683235509702535,
        "KPN.AS": 0.1701572097560724,
        "600519.SS": 0.0458327296743284,
        "601398.SS": 0.1683772016410539,
        "601857.SS": 0.0151238309131099,
        "4519.T": 0.022644363762077,
        "9432.T": 0.0835854333389369,
        "9434.T": 0.1463796386454457,
        "0386.HK": 0.01,
        "6288.HK": 0.0383030481207374
    }
}