{
    "portfolio_942": {
        "COST": 0.05,
        "TLK": 0.0586471724430683,
        "BSD2.F": 0.05,
        "BHP.L": 0.05,
        "SHEL.L": 0.05,
        "ULVR.L": 0.0478918404376331,
        "AD.AS": 0.0510839181661648,
        "KPN.AS": 0.1246356163206854,
        "WKL.AS": 0.05,
        "601398.SS": 0.1516539024574735,
        "2914.T": 0.0634079032836182,
        "9432.T": 0.0668766431203975,
        "9434.T": 0.1037481198765292,
        "0941.HK": 0.0469612776195744,
        "6288.HK": 0.0350936062748552
    }
}