{
    "portfolio_626": {
        "PEP": 0.0551093196637982,
        "TLK": 0.0710886837540056,
        "LNTH": 0.05,
        "RICO.L": 0.0258791100210096,
        "ULVR.L": 0.058074231934271,
        "AD.AS": 0.0572565120717837,
        "KPN.AS": 0.1770748848724048,
        "600519.SS": 0.0438778800227624,
        "601288.SS": 0.05,
        "601398.SS": 0.0796042581698007,
        "601857.SS": 0.05,
        "8031.T": 0.05,
        "9433.T": 0.0684291477833382,
        "9434.T": 0.1333667597786442,
        "6288.HK": 0.0302392119281816
    }
}