{
    "portfolio_306": {
        "PEP": 0.0756651304111083,
        "PKX": 0.01,
        "TLK": 0.0841257523596381,
        "ADMA": 0.01,
        "SAF.PA": 0.01,
        "AD.AS": 0.0731490675593643,
        "KPN.AS": 0.1730418543072173,
        "600519.SS": 0.0441028759036622,
        "601088.SS": 0.01,
        "601398.SS": 0.1801904833288226,
        "2914.T": 0.0628050009214392,
        "9432.T": 0.0735442936783952,
        "9434.T": 0.1399175067664378,
        "0728.HK": 0.0113583725559959,
        "6288.HK": 0.0420996622079191
    }
}