{
    "portfolio_856": {
        "PEP": 0.0652983461999597,
        "TLK": 0.0905051583534161,
        "RDNT": 0.01,
        "TTE.PA": 0.01,
        "BPE5.F": 0.01,
        "ULVR.L": 0.0498338964884682,
        "AD.AS": 0.0697250943789836,
        "KPN.AS": 0.1589920408343464,
        "600519.SS": 0.0362467926691948,
        "601138.SS": 0.01,
        "601398.SS": 0.1715321184266814,
        "2914.T": 0.0791854616367238,
        "9434.T": 0.1772070191214338,
        "0857.HK": 0.0249847954011994,
        "6288.HK": 0.0364892764895924
    }
}