{
    "portfolio_945": {
        "KT": 0.0489773736368384,
        "TLK": 0.0635673353517101,
        "AXSM": 0.01,
        "RYTM": 0.01,
        "PJXC.F": 0.01,
        "WK0.F": 0.01,
        "ULVR.L": 0.0591687490093164,
        "AD.AS": 0.0716444196996126,
        "KPN.AS": 0.2105027060996783,
        "600519.SS": 0.0330987177373182,
        "601288.SS": 0.1440409031712466,
        "2914.T": 0.0765841959043888,
        "9432.T": 0.1024681594086558,
        "9434.T": 0.1214809365150475,
        "6288.HK": 0.0284665034661872
    }
}