{
    "portfolio_425": {
        "PEP": 0.0756554871651059,
        "TLK": 0.0937796174149179,
        "SAN.PA": 0.0325257410781521,
        "ULVR.L": 0.0494223077477656,
        "AD.AS": 0.0670753960287939,
        "KPN.AS": 0.1415670950057017,
        "601398.SS": 0.0722314227537601,
        "601988.SS": 0.05,
        "2914.T": 0.0618149730555175,
        "9432.T": 0.0646284000758465,
        "9434.T": 0.1098147117312744,
        "0728.HK": 0.05,
        "0883.HK": 0.05,
        "0941.HK": 0.05,
        "6288.HK": 0.0314848479431647
    }
}