{
    "portfolio_779": {
        "PEP": 0.0902926793046803,
        "TLK": 0.0716938509358708,
        "TTE.L": 0.05,
        "ULVR.L": 0.0568712513657518,
        "AD.AS": 0.0715838424641347,
        "KPN.AS": 0.1189071878645142,
        "SHELL.AS": 0.05,
        "600900.SS": 0.0518508109577447,
        "601398.SS": 0.0934007687143824,
        "2914.T": 0.0510572073905318,
        "9433.T": 0.0652176861116917,
        "9434.T": 0.0791247148906975,
        "9983.T": 0.05,
        "1288.HK": 0.05,
        "3988.HK": 0.05
    }
}