{
    "portfolio_545": {
        "CRESY": 0.01,
        "PEP": 0.058980415296957,
        "TLK": 0.0809580719779181,
        "TTD": 0.01,
        "BPE.F": 0.0135146526706556,
        "BSD2.F": 0.01,
        "0A7R.L": 0.01,
        "ULVR.L": 0.060834082648789,
        "AD.AS": 0.0641521650181507,
        "KPN.AS": 0.1595245371555892,
        "601398.SS": 0.1699246595821552,
        "2914.T": 0.0843589870842908,
        "9434.T": 0.1704772110966501,
        "0941.HK": 0.0596758689711338,
        "6288.HK": 0.0375993484977106
    }
}