{
    "portfolio_647": {
        "PEP": 0.0808910047772356,
        "TLK": 0.099789241570494,
        "SAN.PA": 0.0347652125161625,
        "ULVR.L": 0.0470754941036975,
        "AD.AS": 0.064615404463956,
        "KPN.AS": 0.1470523773946088,
        "600028.SS": 0.05,
        "600519.SS": 0.0379787247416909,
        "601088.SS": 0.05,
        "601398.SS": 0.0841464320906418,
        "8001.T": 0.05,
        "8031.T": 0.05,
        "9433.T": 0.0599081517328987,
        "9434.T": 0.0937779566086141,
        "0728.HK": 0.05
    }
}