{
    "portfolio_748": {
        "PEP": 0.0814011504776281,
        "TGS": 0.01,
        "TLK": 0.0907320007820304,
        "TTE.PA": 0.01,
        "AD.AS": 0.0833524141224327,
        "KPN.AS": 0.1631399326580829,
        "600519.SS": 0.0440716914398365,
        "601398.SS": 0.1600741353343768,
        "601939.SS": 0.01,
        "2914.T": 0.0615667838272388,
        "8001.T": 0.01,
        "9433.T": 0.0587536811291041,
        "9434.T": 0.1269258114010443,
        "0941.HK": 0.0548220565522366,
        "6288.HK": 0.0351603422759887
    }
}