{
    "portfolio_458": {
        "PEP": 0.0789590582909897,
        "TLK": 0.0747202178365376,
        "BNP.PA": 0.05,
        "AD.AS": 0.0567422068360958,
        "CCEP.AS": 0.05,
        "KPN.AS": 0.1537751237747151,
        "600519.SS": 0.0286520946196049,
        "601088.SS": 0.05,
        "601398.SS": 0.1431745948216114,
        "2914.T": 0.0361206178114494,
        "4519.T": 0.05,
        "8035.T": 0.05,
        "9432.T": 0.0666196567275258,
        "9434.T": 0.0861820275332215,
        "6288.HK": 0.0250544017482485
    }
}