{
    "portfolio_708": {
        "PEP": 0.0692287157671023,
        "TLK": 0.0915564264312628,
        "SKFA.F": 0.05,
        "ULVR.L": 0.0518967771893387,
        "AD.AS": 0.0724452676999521,
        "KPN.AS": 0.1239126451358003,
        "SHELL.AS": 0.05,
        "600900.SS": 0.0477060745305849,
        "601398.SS": 0.0741689067273041,
        "601857.SS": 0.05,
        "2914.T": 0.0507891343052702,
        "7974.T": 0.05,
        "9433.T": 0.0840924356567023,
        "9434.T": 0.0842036165566824,
        "1288.HK": 0.05
    }
}