{
    "portfolio_63": {
        "PEP": 0.087567700913747,
        "BCH": 0.01,
        "TLK": 0.0896328979025598,
        "2B5.F": 0.01,
        "BPE5.F": 0.01,
        "SHEL.L": 0.0209427479980416,
        "ULVR.L": 0.0507416512201571,
        "AD.AS": 0.0690284017695961,
        "KPN.AS": 0.1464165879511144,
        "601398.SS": 0.1732887108910809,
        "2914.T": 0.0831667102305604,
        "4519.T": 0.0210033607606318,
        "9434.T": 0.1254992014861779,
        "0941.HK": 0.0640972819624246,
        "6288.HK": 0.0386147469139084
    }
}