{
    "portfolio_450": {
        "PEP": 0.1063158261388437,
        "TLK": 0.0695726423391726,
        "WK0.F": 0.01,
        "SHEL.L": 0.0326641198031669,
        "AD.AS": 0.0660738906651566,
        "KPN.AS": 0.1954021147804623,
        "600519.SS": 0.0587059451206983,
        "601328.SS": 0.01,
        "601398.SS": 0.1543359072865024,
        "2914.T": 0.0656745848218131,
        "8031.T": 0.01,
        "8058.T": 0.01,
        "9432.T": 0.0773916122613529,
        "9434.T": 0.123863356782831,
        "9983.T": 0.01
    }
}