{
    "portfolio_47": {
        "PEP": 0.0783639991550871,
        "TLK": 0.0911507139064783,
        "BSD2.F": 0.01,
        "ULVR.L": 0.0421376539696762,
        "AD.AS": 0.0659726367526964,
        "KPN.AS": 0.1671774867054177,
        "REN.AS": 0.01,
        "600519.SS": 0.0472899342203359,
        "601398.SS": 0.1826217600604568,
        "4063.T": 0.0194373001908855,
        "8031.T": 0.01,
        "9432.T": 0.0847902163878873,
        "9434.T": 0.1423250260226622,
        "1288.HK": 0.0110673805683484,
        "6288.HK": 0.0376658920600681
    }
}