{
    "portfolio_392": {
        "AVGO": 0.05,
        "TLK": 0.0883594752740537,
        "TTE.PA": 0.05,
        "SKFA.F": 0.05,
        "ULVR.L": 0.0473015789057976,
        "AD.AS": 0.0750234773886668,
        "KPN.AS": 0.1497152115396982,
        "600519.SS": 0.0247935089380887,
        "600900.SS": 0.0394337206887995,
        "601398.SS": 0.1006073879598179,
        "601857.SS": 0.05,
        "8031.T": 0.05,
        "9433.T": 0.0942456025120272,
        "9434.T": 0.1061864034336008,
        "6288.HK": 0.0243336333594494
    }
}