{
    "portfolio_950": {
        "PEP": 0.033510895182928,
        "TLK": 0.0355757164076632,
        "ADMA": 0.05,
        "RYTM": 0.05,
        "SHEL.L": 0.0254138769305623,
        "ULVR.L": 0.0475066905317781,
        "AD.AS": 0.0670658924900056,
        "KPN.AS": 0.1655837498092792,
        "600900.SS": 0.0480315660369076,
        "601398.SS": 0.1673579275885549,
        "4519.T": 0.05,
        "8031.T": 0.05,
        "9432.T": 0.0562972106463522,
        "9434.T": 0.1036564743759686,
        "6288.HK": 0.05
    }
}