{
    "portfolio_261": {
        "PEP": 0.0664648823592269,
        "TLK": 0.0891754053690388,
        "CS.PA": 0.05,
        "ULVR.L": 0.0396493059139072,
        "AD.AS": 0.0521446773374369,
        "KPN.AS": 0.1434524171358262,
        "WKL.AS": 0.05,
        "600519.SS": 0.0440357823042809,
        "601088.SS": 0.05,
        "601398.SS": 0.1004036162951273,
        "601939.SS": 0.05,
        "8031.T": 0.05,
        "9432.T": 0.0691505700638449,
        "9434.T": 0.1138552711233758,
        "6288.HK": 0.0316680720979349
    }
}