{
    "portfolio_230": {
        "PEP": 0.0652965749341642,
        "BSAC": 0.05,
        "TLK": 0.0657135977905272,
        "AI.PA": 0.05,
        "TTE.L": 0.05,
        "ULVR.L": 0.0568088384157685,
        "AD.AS": 0.0474963579897567,
        "KPN.AS": 0.1486024732535994,
        "600519.SS": 0.0273866007880705,
        "600900.SS": 0.041761012189438,
        "601398.SS": 0.1373511815623281,
        "8031.T": 0.05,
        "9432.T": 0.0676127863420653,
        "9434.T": 0.1092467903487497,
        "6288.HK": 0.0327237863855322
    }
}