{
    "portfolio_219": {
        "PEP": 0.0438324206375162,
        "TGS": 0.05,
        "TLK": 0.0688543286121228,
        "0YXG.L": 0.05,
        "ULVR.L": 0.061313248651205,
        "AD.AS": 0.0740156622876977,
        "KPN.AS": 0.1393000098761556,
        "601398.SS": 0.1145170039430932,
        "2914.T": 0.0524560840396345,
        "7974.T": 0.05,
        "9433.T": 0.0481478673970443,
        "9434.T": 0.1172029800749315,
        "0857.HK": 0.05,
        "1088.HK": 0.05,
        "6288.HK": 0.0303603944805988
    }
}