{
    "portfolio_203": {
        "PEP": 0.0457750095234866,
        "TLK": 0.087551915225079,
        "SKFA.F": 0.05,
        "0YXG.L": 0.05,
        "ULVR.L": 0.0398866633703095,
        "AD.AS": 0.0649848937528454,
        "KPN.AS": 0.1558317844473824,
        "600900.SS": 0.0477069211666465,
        "601398.SS": 0.126163252695296,
        "2914.T": 0.0444105631918631,
        "9432.T": 0.0511851328663875,
        "9433.T": 0.05,
        "9434.T": 0.0865038637607039,
        "9983.T": 0.05,
        "0857.HK": 0.05
    }
}