{
    "portfolio_195": {
        "PEP": 0.0583917051029768,
        "BCH": 0.05,
        "TLK": 0.074955581500495,
        "ULVR.L": 0.0404071777152661,
        "AD.AS": 0.0605805177924912,
        "KPN.AS": 0.1431164620763122,
        "WKL.AS": 0.05,
        "600519.SS": 0.03594371884294,
        "601398.SS": 0.1596735615248846,
        "2914.T": 0.0554156369045519,
        "4519.T": 0.05,
        "9432.T": 0.0563652089089992,
        "9434.T": 0.0929256495520354,
        "0941.HK": 0.0417627851422449,
        "6288.HK": 0.0304619949368025
    }
}