{
    "portfolio_893": {
        "PEP": 0.0861950703771517,
        "BCH": 0.01,
        "TLK": 0.0883185481572161,
        "AD.AS": 0.0769282632285639,
        "KPN.AS": 0.1771468486599502,
        "600519.SS": 0.0480994000620219,
        "601398.SS": 0.1711704599684597,
        "601857.SS": 0.0191056528997589,
        "2914.T": 0.0553717923094238,
        "4519.T": 0.011939918500319,
        "6857.T": 0.01,
        "9432.T": 0.0722306651007292,
        "9434.T": 0.1283335929674864,
        "9983.T": 0.01,
        "6288.HK": 0.0351597877689189
    }
}