{
    "portfolio_663": {
        "PEP": 0.0844969158006456,
        "TLK": 0.0735962868162594,
        "LNTH": 0.01,
        "WK0.F": 0.01,
        "TYT.L": 0.0420502277881836,
        "ULVR.L": 0.0509599452740745,
        "AD.AS": 0.0562882078858874,
        "KPN.AS": 0.1944472376596698,
        "600519.SS": 0.0550635252865826,
        "601088.SS": 0.01,
        "601398.SS": 0.1431287314913822,
        "2914.T": 0.0578444562149306,
        "9432.T": 0.0720504764503502,
        "9434.T": 0.1271605037908993,
        "0386.HK": 0.0129134855411348
    }
}