{
    "portfolio_885": {
        "CRESY": 0.01,
        "PEP": 0.0955541859834996,
        "TLK": 0.1052779580802486,
        "0DH.F": 0.01,
        "BPE.F": 0.016437421006085,
        "ULVR.L": 0.0630861471231326,
        "AD.AS": 0.0800704798509719,
        "KPN.AS": 0.1312761382782852,
        "600519.SS": 0.0614167184145608,
        "601398.SS": 0.1744315070864422,
        "601728.SS": 0.0376607524498459,
        "4063.T": 0.0181977824173012,
        "7974.T": 0.0670623827788801,
        "9433.T": 0.1195285265307468,
        "0857.HK": 0.01
    }
}