{
    "portfolio_537": {
        "PEP": 0.0662014215610671,
        "TLK": 0.084172786613715,
        "LNTH": 0.01,
        "VERX": 0.01,
        "SHEL.L": 0.0333966693955491,
        "ULVR.L": 0.053188185572755,
        "AD.AS": 0.067347347245815,
        "KPN.AS": 0.1568160504339794,
        "601398.SS": 0.1564233368172631,
        "601939.SS": 0.01,
        "2914.T": 0.0840715430696979,
        "6857.T": 0.01,
        "9434.T": 0.1602412137777152,
        "0941.HK": 0.0623065516010672,
        "6288.HK": 0.0358348939113759
    }
}