{
    "portfolio_667": {
        "KT": 0.058816697709904,
        "TLK": 0.0847910212531056,
        "OL5.F": 0.01,
        "PJXC.F": 0.01,
        "0R4P.L": 0.0246684050369202,
        "ULVR.L": 0.0738687943702203,
        "AD.AS": 0.0738969692766955,
        "KPN.AS": 0.172529154261606,
        "601288.SS": 0.1629424096447657,
        "2914.T": 0.0585566687773018,
        "8058.T": 0.01,
        "9432.T": 0.0771207187927358,
        "9434.T": 0.1317647379210788,
        "0386.HK": 0.01,
        "6288.HK": 0.0410444229556659
    }
}