{
    "portfolio_429": {
        "TGS": 0.05,
        "TLK": 0.0822994864158909,
        "APPF": 0.0173459793719011,
        "SKFA.F": 0.05,
        "ULVR.L": 0.0546875950584463,
        "AD.AS": 0.0834101095666995,
        "KPN.AS": 0.1513510175274225,
        "600900.SS": 0.0524571636363597,
        "601288.SS": 0.0741546294460264,
        "601988.SS": 0.05,
        "2914.T": 0.0565741821920352,
        "9433.T": 0.0746657042180113,
        "9434.T": 0.1224527524847718,
        "1088.HK": 0.05,
        "6288.HK": 0.0306013800824353
    }
}