{
    "portfolio_681": {
        "CRESY": 0.05,
        "PEP": 0.0503337437224558,
        "TLK": 0.0513520533586767,
        "TTE.PA": 0.05,
        "0TDD.L": 0.05,
        "ULVR.L": 0.0652491921085968,
        "AD.AS": 0.0603200192361347,
        "KPN.AS": 0.1173624811468424,
        "600900.SS": 0.0409050395336201,
        "601398.SS": 0.1471327005323064,
        "2914.T": 0.0611089975914585,
        "9432.T": 0.0831949986408836,
        "9434.T": 0.0919784327032544,
        "0941.HK": 0.0528645170038598,
        "6288.HK": 0.0281978244219106
    }
}