{
    "portfolio_835": {
        "AVGO": 0.01,
        "PEP": 0.0623168953226293,
        "BCH": 0.01,
        "TLK": 0.0814807789102523,
        "RYTM": 0.01,
        "ULVR.L": 0.0467203340296138,
        "AD.AS": 0.067699200248468,
        "KPN.AS": 0.1695872547065834,
        "600028.SS": 0.020779845492987,
        "600519.SS": 0.0410492774118498,
        "601398.SS": 0.1709552372346676,
        "2914.T": 0.0670137052143669,
        "9432.T": 0.071411201891876,
        "9434.T": 0.1304031285156291,
        "6288.HK": 0.0405831410210766
    }
}