{
    "portfolio_485": {
        "PEP": 0.0558895867548649,
        "TLK": 0.0854540403267641,
        "AXSM": 0.05,
        "0TDD.L": 0.05,
        "ULVR.L": 0.0616312467884438,
        "AD.AS": 0.0414968758861819,
        "KPN.AS": 0.1438037133664666,
        "601328.SS": 0.05,
        "601398.SS": 0.0760810874814264,
        "601988.SS": 0.05,
        "2914.T": 0.054638639521887,
        "9432.T": 0.1029363729480762,
        "9434.T": 0.0974927801147275,
        "0857.HK": 0.05,
        "6288.HK": 0.0305756568111614
    }
}