{
    "portfolio_609": {
        "PEP": 0.0575665845472842,
        "TLK": 0.0867338787218017,
        "IESC": 0.0188570638068962,
        "TTE.L": 0.05,
        "ULVR.L": 0.0514732618184358,
        "AD.AS": 0.056898963493078,
        "KPN.AS": 0.1550039194508249,
        "WKL.AS": 0.05,
        "600900.SS": 0.0507590690392884,
        "601398.SS": 0.1267444294155439,
        "4568.T": 0.05,
        "8001.T": 0.05,
        "9434.T": 0.1152816875349382,
        "1288.HK": 0.05,
        "6288.HK": 0.0306811421719084
    }
}