{
    "portfolio_715": {
        "PEP": 0.070070821400528,
        "TGS": 0.05,
        "TLK": 0.056383168431611,
        "BPE.F": 0.05,
        "ULVR.L": 0.0643020555280188,
        "AD.AS": 0.0683140586971919,
        "KPN.AS": 0.134825983779497,
        "601138.SS": 0.05,
        "601398.SS": 0.1204119208899407,
        "601857.SS": 0.05,
        "2914.T": 0.0468811525809767,
        "4519.T": 0.05,
        "9432.T": 0.058323754580653,
        "9434.T": 0.107919529810027,
        "6288.HK": 0.022567554301556
    }
}