{
    "portfolio_186": {
        "BCH": 0.05,
        "TLK": 0.0574490540838198,
        "LNTH": 0.05,
        "ULVR.L": 0.0580165851038198,
        "AD.AS": 0.052633430645296,
        "KPN.AS": 0.1561137219566989,
        "REN.AS": 0.05,
        "600519.SS": 0.0308180167216515,
        "601328.SS": 0.05,
        "601398.SS": 0.113244752306242,
        "2914.T": 0.0611731851804916,
        "9432.T": 0.05544904156106,
        "9434.T": 0.1344397178926379,
        "0941.HK": 0.0472288236150384,
        "6288.HK": 0.0334336709332442
    }
}