{
    "portfolio_211": {
        "PEP": 0.0641102467396627,
        "TEO": 0.05,
        "TGS": 0.05,
        "TTE.PA": 0.05,
        "BPE5.F": 0.05,
        "ULVR.L": 0.0748015785009158,
        "AD.AS": 0.0629174751349342,
        "KPN.AS": 0.1137856253988296,
        "600900.SS": 0.060874834774965,
        "601138.SS": 0.0153741176952538,
        "601398.SS": 0.1467550959512967,
        "8031.T": 0.05,
        "9432.T": 0.0738169184118647,
        "9434.T": 0.1078393874081326,
        "6288.HK": 0.0297247199841445
    }
}