{
    "portfolio_291": {
        "PEP": 0.0724547866512928,
        "TLK": 0.0925081418987511,
        "CS.PA": 0.01,
        "AZN.L": 0.01,
        "SHEL.L": 0.0294256309661987,
        "ULVR.L": 0.0497861246143088,
        "AD.AS": 0.0704472551607574,
        "KPN.AS": 0.1449223111557376,
        "601398.SS": 0.1646633344550273,
        "2914.T": 0.0807008717065704,
        "7974.T": 0.0256749895507354,
        "9434.T": 0.1488738222154665,
        "0941.HK": 0.0544459508251363,
        "1088.HK": 0.01,
        "6288.HK": 0.0360967808000172
    }
}