{
    "portfolio_326": {
        "PEP": 0.0883451788626193,
        "TLK": 0.0992663959405765,
        "2B5.F": 0.01,
        "ULVR.L": 0.045895241258272,
        "AD.AS": 0.0701416970938134,
        "KPN.AS": 0.1545817411524464,
        "600519.SS": 0.0394158892487449,
        "601088.SS": 0.01,
        "601398.SS": 0.1568949046481059,
        "601939.SS": 0.0146025890353191,
        "2914.T": 0.0745475710037956,
        "9433.T": 0.0618682300940932,
        "9434.T": 0.1100629125484014,
        "0857.HK": 0.0238931251511614,
        "6288.HK": 0.0404845239626511
    }
}