{
    "portfolio_751": {
        "PEP": 0.0751297645346426,
        "TAK": 0.0400680226529252,
        "TLK": 0.0816154049670829,
        "ULVR.L": 0.0522981836300482,
        "AD.AS": 0.0694630482051867,
        "KPN.AS": 0.1643069533669179,
        "600900.SS": 0.0557486057480319,
        "601288.SS": 0.0650207376377079,
        "2914.T": 0.0506533649575803,
        "6857.T": 0.05,
        "9432.T": 0.0754533926195143,
        "9434.T": 0.092793228064485,
        "0386.HK": 0.05,
        "1288.HK": 0.05,
        "6288.HK": 0.0274492936158773
    }
}