{
    "portfolio_295": {
        "TLK": 0.0685976800883884,
        "ADMA": 0.05,
        "AXSM": 0.05,
        "SAN.PA": 0.0311176374745089,
        "RICO.L": 0.0295337458271228,
        "ULVR.L": 0.0747044073137575,
        "AD.AS": 0.0512538114446183,
        "KPN.AS": 0.1390147394767754,
        "600941.SS": 0.05,
        "601328.SS": 0.05,
        "601398.SS": 0.0866152751932142,
        "9432.T": 0.0952525231725197,
        "9434.T": 0.1387911467869702,
        "0857.HK": 0.05,
        "6288.HK": 0.0351190332221242
    }
}