{
    "portfolio_888": {
        "PEP": 0.059920405749617,
        "TLK": 0.0845288142660866,
        "0YXG.L": 0.05,
        "ULVR.L": 0.0478788523601545,
        "AD.AS": 0.057486972613261,
        "KPN.AS": 0.161759727659591,
        "600519.SS": 0.025374858271221,
        "601288.SS": 0.05,
        "601398.SS": 0.1058267479412527,
        "2914.T": 0.0474587881103888,
        "4063.T": 0.05,
        "9432.T": 0.0710463094849478,
        "9434.T": 0.1074559473789497,
        "0883.HK": 0.05,
        "6288.HK": 0.0312625761645298
    }
}