{
    "portfolio_514": {
        "PEP": 0.0529050488338226,
        "TEO": 0.05,
        "TLK": 0.0566354577439773,
        "0TDD.L": 0.05,
        "0YXG.L": 0.05,
        "ULVR.L": 0.0453311524322039,
        "AD.AS": 0.0520767161632321,
        "KPN.AS": 0.1441133034392763,
        "600900.SS": 0.0449904180735408,
        "601398.SS": 0.102451110229718,
        "601988.SS": 0.05,
        "9432.T": 0.0927487418221808,
        "9434.T": 0.1095785749090805,
        "9983.T": 0.05,
        "0941.HK": 0.0491694763529673
    }
}