{
    "portfolio_923": {
        "MSFT": 0.05,
        "PEP": 0.0392819432689473,
        "CIB": 0.05,
        "TEO": 0.05,
        "BPE.F": 0.05,
        "TTE.L": 0.05,
        "ULVR.L": 0.0699429683854678,
        "AD.AS": 0.0629844303284248,
        "KPN.AS": 0.1102654806794493,
        "600900.SS": 0.0656587352818493,
        "601398.SS": 0.1331409233230606,
        "2914.T": 0.0613024733173542,
        "9433.T": 0.0691481996720236,
        "9434.T": 0.1054775219007251,
        "6288.HK": 0.0327973238426982
    }
}