{
    "portfolio_759": {
        "MSFT": 0.05,
        "TLK": 0.0681291525203387,
        "OLLI": 0.05,
        "SKFA.F": 0.05,
        "TTE.L": 0.05,
        "ULVR.L": 0.0479556885711755,
        "AD.AS": 0.0597631989374459,
        "KPN.AS": 0.155557751035365,
        "600900.SS": 0.0530649012243112,
        "601138.SS": 0.05,
        "601398.SS": 0.1219260527305982,
        "2914.T": 0.0579592479894612,
        "9433.T": 0.0725311753801648,
        "9434.T": 0.0882547163206665,
        "6288.HK": 0.0248581152904728
    }
}