{
    "portfolio_35": {
        "PEP": 0.1342710724254574,
        "EC": 0.0496189239879033,
        "APPF": 0.0430172324888352,
        "RYTM": 0.01,
        "2B5.F": 0.01,
        "4AH1.F": 0.0126521735400823,
        "LFU2.F": 0.01,
        "ULVR.L": 0.1026880422686899,
        "KPN.AS": 0.0973073741197198,
        "601088.SS": 0.01,
        "601288.SS": 0.1336363170107781,
        "601728.SS": 0.0630140979653808,
        "7974.T": 0.2130561608111468,
        "8031.T": 0.01,
        "9433.T": 0.1007386053820066
    }
}