{
    "portfolio_473": {
        "TMUS": 0.05,
        "IBN": 0.05,
        "TEO": 0.05,
        "TLK": 0.063200134703318,
        "ULVR.L": 0.0623190822320592,
        "AD.AS": 0.0618928445568846,
        "KPN.AS": 0.1381639945656206,
        "601138.SS": 0.0156803381074366,
        "601398.SS": 0.1458796799303706,
        "2914.T": 0.0552203131137383,
        "7974.T": 0.0327894273794124,
        "9432.T": 0.0462398631048157,
        "9434.T": 0.1445981623417911,
        "0857.HK": 0.05,
        "6288.HK": 0.0340161599645526
    }
}