{
    "portfolio_104": {
        "PEP": 0.0867681369960321,
        "TLK": 0.0875862833116269,
        "BPE5.F": 0.01,
        "HSBA.L": 0.01,
        "AD.AS": 0.0767034589823567,
        "KPN.AS": 0.1704805280082441,
        "600028.SS": 0.0115373634455316,
        "600519.SS": 0.0468175591759225,
        "601328.SS": 0.01,
        "601398.SS": 0.1721094721917557,
        "2914.T": 0.0601011287209756,
        "7974.T": 0.0221919281124142,
        "9432.T": 0.0687774655312521,
        "9434.T": 0.1269892722600295,
        "6288.HK": 0.0399374032638592
    }
}