{
    "portfolio_961": {
        "PEP": 0.0568821031526186,
        "TLK": 0.0719020445054594,
        "BPE5.F": 0.05,
        "ULVR.L": 0.050899918608012,
        "AD.AS": 0.0364930380012396,
        "CCEP.AS": 0.05,
        "KPN.AS": 0.135639203533628,
        "UMG.AS": 0.05,
        "601288.SS": 0.05,
        "601398.SS": 0.0941960324476032,
        "601857.SS": 0.05,
        "2914.T": 0.0747306794186435,
        "9432.T": 0.0750029808768334,
        "9434.T": 0.119399065343317,
        "6288.HK": 0.0348549341126455
    }
}