{
    "portfolio_860": {
        "CRESY": 0.05,
        "PEP": 0.0319105650099228,
        "TLK": 0.0545787865240985,
        "0TDD.L": 0.05,
        "0YXG.L": 0.05,
        "ULVR.L": 0.0657482282376464,
        "AD.AS": 0.0551197642888993,
        "KPN.AS": 0.1301211404805574,
        "601398.SS": 0.146357449019686,
        "2914.T": 0.0679919384426308,
        "9432.T": 0.081907196523966,
        "9434.T": 0.0908192218200967,
        "0728.HK": 0.05,
        "0941.HK": 0.05,
        "6288.HK": 0.0254457096524958
    }
}