{
    "portfolio_304": {
        "PEP": 0.0990693944514983,
        "TLK": 0.1072844102620491,
        "SAF.PA": 0.01,
        "0DH.F": 0.01,
        "ULVR.L": 0.0515060424415025,
        "AD.AS": 0.0745475815371482,
        "KPN.AS": 0.1532177737154618,
        "600519.SS": 0.0514877853057373,
        "601088.SS": 0.01,
        "601398.SS": 0.1540482850558968,
        "7974.T": 0.0541416038644376,
        "8031.T": 0.01,
        "9432.T": 0.1149833984755294,
        "0941.HK": 0.0626833234107894,
        "6288.HK": 0.0370304014799498
    }
}