{
    "portfolio_411": {
        "PEP": 0.0634015005021829,
        "TLK": 0.0882529143284208,
        "AXSM": 0.01,
        "IESC": 0.0166069958831475,
        "ULVR.L": 0.0567769642578041,
        "AD.AS": 0.0636683065959975,
        "KPN.AS": 0.1643488645076687,
        "600941.SS": 0.01,
        "601398.SS": 0.1710227022284113,
        "601899.SS": 0.01,
        "2914.T": 0.0715393654259791,
        "9432.T": 0.0721892494528975,
        "9434.T": 0.1169765665758513,
        "0941.HK": 0.0451864704374654,
        "6288.HK": 0.0400300998041737
    }
}