{
    "portfolio_362": {
        "PEP": 0.0642877295096694,
        "TLK": 0.073104309585586,
        "8GC.F": 0.05,
        "BPE.F": 0.05,
        "ULVR.L": 0.0630494499332487,
        "AD.AS": 0.0637046002310804,
        "KPN.AS": 0.1100973966322302,
        "WKL.AS": 0.05,
        "601398.SS": 0.1084949515452358,
        "601857.SS": 0.05,
        "2914.T": 0.0668330395153488,
        "9433.T": 0.0751895073608409,
        "9434.T": 0.0957414588688216,
        "0883.HK": 0.05,
        "6288.HK": 0.0294975568179383
    }
}