{
    "portfolio_886": {
        "TLK": 0.0511398600830693,
        "ADMA": 0.05,
        "LNTH": 0.05,
        "RICO.L": 0.0270269249194523,
        "SHEL.L": 0.0284365116719212,
        "ULVR.L": 0.0703368675785845,
        "AD.AS": 0.0630854068753921,
        "KPN.AS": 0.1533605564843412,
        "600941.SS": 0.05,
        "601398.SS": 0.1174416063804914,
        "2914.T": 0.0481408745706422,
        "9433.T": 0.05,
        "9434.T": 0.1546675442430517,
        "1088.HK": 0.05,
        "6288.HK": 0.0363638471930541
    }
}