{
    "portfolio_594": {
        "PEP": 0.0464913379529543,
        "TLK": 0.0716967474451562,
        "OLLI": 0.05,
        "HSBA.L": 0.05,
        "ULVR.L": 0.0393091158894933,
        "AD.AS": 0.0624982877484014,
        "KPN.AS": 0.1648191295225998,
        "600519.SS": 0.0323979999098655,
        "600900.SS": 0.0549243014851533,
        "601939.SS": 0.0708154598295277,
        "601988.SS": 0.05,
        "2914.T": 0.0679632124157315,
        "9432.T": 0.0729468133973764,
        "9434.T": 0.1189500558410588,
        "6288.HK": 0.0471875385626816
    }
}