{
    "portfolio_168": {
        "PEP": 0.0678756758400153,
        "TLK": 0.0998460849054046,
        "BPE5.F": 0.01,
        "OL5.F": 0.01,
        "ULVR.L": 0.0586134940557696,
        "AD.AS": 0.078600462818764,
        "KPN.AS": 0.1485835304293109,
        "REN.AS": 0.01,
        "601398.SS": 0.1623551399370729,
        "2914.T": 0.0810013247323877,
        "6857.T": 0.01,
        "9434.T": 0.1518508981126617,
        "0941.HK": 0.0653047347822288,
        "3988.HK": 0.01,
        "6288.HK": 0.0359686543863843
    }
}