{
    "portfolio_308": {
        "PEP": 0.075616700247162,
        "TLK": 0.0933505048892858,
        "OL5.F": 0.01,
        "SHEL.L": 0.0288210242028158,
        "ULVR.L": 0.0549870580313952,
        "AD.AS": 0.07705521634682,
        "KPN.AS": 0.1436892599689066,
        "600519.SS": 0.0384934188915044,
        "601398.SS": 0.1692876404837137,
        "2914.T": 0.0660269731936409,
        "9433.T": 0.0546939152551752,
        "9434.T": 0.1283984735141342,
        "0857.HK": 0.0143531659690032,
        "1088.HK": 0.01,
        "6288.HK": 0.035226649006443
    }
}