{
    "portfolio_247": {
        "AVGO": 0.05,
        "PEP": 0.0419704877788629,
        "TLK": 0.0827738826471842,
        "SAN.PA": 0.0305647216959346,
        "ULVR.L": 0.0546493140400439,
        "AD.AS": 0.0649110578739312,
        "KPN.AS": 0.156253145400875,
        "601328.SS": 0.05,
        "601398.SS": 0.0805459361167677,
        "2914.T": 0.0615946246843974,
        "9432.T": 0.068268059494908,
        "9434.T": 0.1246411741424594,
        "0386.HK": 0.05,
        "0883.HK": 0.05,
        "6288.HK": 0.0338275961246355
    }
}