{
    "portfolio_270": {
        "CRESY": 0.05,
        "TLK": 0.0692193400312388,
        "SAN.PA": 0.0245509650377012,
        "0YXG.L": 0.05,
        "ULVR.L": 0.0709138966471908,
        "AD.AS": 0.0727048625731168,
        "KPN.AS": 0.1320664370171358,
        "600519.SS": 0.0241750248055933,
        "601088.SS": 0.05,
        "601398.SS": 0.1516077651597992,
        "2914.T": 0.0487556458767366,
        "8031.T": 0.05,
        "9433.T": 0.0744404325363677,
        "9434.T": 0.1013767098548797,
        "6288.HK": 0.0301889204602398
    }
}