{
    "portfolio_207": {
        "PEP": 0.0815062725078824,
        "BCH": 0.01,
        "TLK": 0.0890747567997924,
        "ULVR.L": 0.0472962389891906,
        "AD.AS": 0.0698484714700125,
        "KPN.AS": 0.1683879605680305,
        "600519.SS": 0.0470178094933677,
        "600941.SS": 0.01,
        "601398.SS": 0.1634185494446212,
        "601857.SS": 0.0158080537280785,
        "6857.T": 0.01,
        "7974.T": 0.0243623463133202,
        "9432.T": 0.0858609560164138,
        "9434.T": 0.139703256264862,
        "6288.HK": 0.0377153284044283
    }
}