{
    "portfolio_359": {
        "PEP": 0.0325617709803983,
        "TGS": 0.05,
        "TLK": 0.0513678627574368,
        "ADMA": 0.05,
        "SKFA.F": 0.05,
        "ULVR.L": 0.0546641558487202,
        "AD.AS": 0.0742810145132704,
        "KPN.AS": 0.1424142946082282,
        "601088.SS": 0.05,
        "601398.SS": 0.1319293619677628,
        "601728.SS": 0.0239532210881473,
        "4519.T": 0.05,
        "9432.T": 0.0809627423727448,
        "9434.T": 0.1262636549086992,
        "6288.HK": 0.0316019209545917
    }
}