{
    "portfolio_227": {
        "CRESY": 0.05,
        "TLK": 0.0622075498326328,
        "SAF.PA": 0.05,
        "TTE.L": 0.05,
        "ULVR.L": 0.0831751236199332,
        "AD.AS": 0.0647237722069055,
        "KPN.AS": 0.1285338400552514,
        "600900.SS": 0.0496262709207159,
        "601398.SS": 0.0690399750578931,
        "601939.SS": 0.05,
        "601988.SS": 0.05,
        "2914.T": 0.0837681380470097,
        "9433.T": 0.0730778286433343,
        "9434.T": 0.0987263773954201,
        "6288.HK": 0.0371211242209041
    }
}