{
    "portfolio_718": {
        "PEP": 0.0697659093669242,
        "TLK": 0.0569956996214899,
        "BPE5.F": 0.05,
        "BSD2.F": 0.05,
        "ULVR.L": 0.0590996450417568,
        "AD.AS": 0.0462916288186972,
        "ASM.AS": 0.05,
        "KPN.AS": 0.1507243313108137,
        "601288.SS": 0.05,
        "601398.SS": 0.1096400501613078,
        "8001.T": 0.05,
        "9432.T": 0.0744154592552349,
        "9434.T": 0.10610839187574,
        "0941.HK": 0.0500680749536386,
        "6288.HK": 0.0268908095943967
    }
}