{
    "portfolio_224": {
        "PEP": 0.1200647469760793,
        "EC": 0.0412425397167069,
        "TEO": 0.01,
        "TGS": 0.01,
        "APPF": 0.0475928938751551,
        "4AH1.F": 0.0103609899186141,
        "LFU2.F": 0.01,
        "BHP.L": 0.01,
        "TYT.L": 0.01,
        "ULVR.L": 0.1115753559026099,
        "KPN.AS": 0.0953300985214218,
        "601288.SS": 0.1301156356652263,
        "601728.SS": 0.0585517466699275,
        "7974.T": 0.2269990117449812,
        "9433.T": 0.108166981009278
    }
}