{
    "portfolio_653": {
        "TLK": 0.0641532528523265,
        "AXSM": 0.05,
        "IESC": 0.05,
        "DG.PA": 0.05,
        "RICO.L": 0.0259250723426275,
        "ULVR.L": 0.0492689403356445,
        "AD.AS": 0.0323230913705373,
        "KPN.AS": 0.1521415597750895,
        "REN.AS": 0.05,
        "600519.SS": 0.0298244928315838,
        "601398.SS": 0.204886934471936,
        "8001.T": 0.05,
        "9432.T": 0.085834558841842,
        "9434.T": 0.081746137940219,
        "6288.HK": 0.0238959592381939
    }
}