{
    "portfolio_526": {
        "PEP": 0.0789933921316046,
        "TLK": 0.0824171608798634,
        "BSD2.F": 0.05,
        "ULVR.L": 0.0501205214934402,
        "AD.AS": 0.0662597852785215,
        "KPN.AS": 0.1505064774174663,
        "600900.SS": 0.0418682926967055,
        "601328.SS": 0.05,
        "601988.SS": 0.05,
        "2914.T": 0.0604015999128542,
        "9432.T": 0.0666303616520999,
        "9434.T": 0.1172228851191878,
        "0386.HK": 0.05,
        "0941.HK": 0.05,
        "6288.HK": 0.0355795234182561
    }
}