{
    "portfolio_722": {
        "PEP": 0.0380990389877243,
        "PKX": 0.05,
        "PRCT": 0.05,
        "8GC.F": 0.05,
        "ULVR.L": 0.0721841878023058,
        "AD.AS": 0.0551042069022142,
        "KPN.AS": 0.1492460738938604,
        "SHELL.AS": 0.05,
        "600900.SS": 0.0504568743996641,
        "601398.SS": 0.1365126612065579,
        "2914.T": 0.046214873051121,
        "9432.T": 0.06688907700981,
        "9434.T": 0.1090622360409063,
        "3988.HK": 0.05,
        "6288.HK": 0.0262307707058357
    }
}