{
    "portfolio_37": {
        "PEP": 0.0670850156238088,
        "TLK": 0.104119275426952,
        "SAN.PA": 0.0360791548869512,
        "ULVR.L": 0.0482584004288237,
        "AD.AS": 0.0723455315936743,
        "KPN.AS": 0.1382174954024309,
        "600028.SS": 0.05,
        "601088.SS": 0.05,
        "601988.SS": 0.05,
        "2914.T": 0.0686734738353326,
        "9433.T": 0.066782250794027,
        "9434.T": 0.1173244922075956,
        "0857.HK": 0.05,
        "1088.HK": 0.05,
        "6288.HK": 0.0311149098004036
    }
}