{
    "portfolio_618": {
        "AVGO": 0.05,
        "PEP": 0.0473671990916982,
        "TLK": 0.0753894141217926,
        "TTE.PA": 0.05,
        "ULVR.L": 0.055097467375714,
        "AD.AS": 0.0690131748631418,
        "KPN.AS": 0.1441844919082743,
        "601398.SS": 0.1075551694535131,
        "601988.SS": 0.05,
        "2914.T": 0.0530987050474437,
        "4519.T": 0.05,
        "9433.T": 0.0615767026265982,
        "9434.T": 0.1024870916547383,
        "0883.HK": 0.05,
        "6288.HK": 0.0342305838570855
    }
}