{
    "portfolio_66": {
        "PEP": 0.0558761060257769,
        "TLK": 0.0685447826074648,
        "APPF": 0.05,
        "BPE5.F": 0.05,
        "ULVR.L": 0.0588960405425468,
        "AD.AS": 0.0661293200793126,
        "KPN.AS": 0.146608059789804,
        "600519.SS": 0.0390655694164935,
        "600941.SS": 0.05,
        "601288.SS": 0.0835371291852054,
        "601857.SS": 0.05,
        "2914.T": 0.0653480963665676,
        "9433.T": 0.0595153161578561,
        "9434.T": 0.1230886181857079,
        "6288.HK": 0.0333909616432641
    }
}