{
    "portfolio_310": {
        "TEO": 0.05,
        "TLK": 0.0563441553781475,
        "APPF": 0.05,
        "0K9E.L": 0.05,
        "RICO.L": 0.020325817689054,
        "ULVR.L": 0.0565087201843134,
        "AD.AS": 0.0601097624527586,
        "KPN.AS": 0.151698938722278,
        "600900.SS": 0.0538757494622583,
        "601138.SS": 0.0173989935201384,
        "601398.SS": 0.1616799163116395,
        "2914.T": 0.0433211492351445,
        "9432.T": 0.05,
        "9434.T": 0.1287367970442673,
        "9983.T": 0.05
    }
}