{
    "portfolio_238": {
        "PEP": 0.0761828707918775,
        "TLK": 0.0909018847590923,
        "TTE.PA": 0.01,
        "ULVR.L": 0.0472969365464957,
        "AD.AS": 0.0697327176006414,
        "KPN.AS": 0.1626273210788688,
        "600519.SS": 0.0425602130186004,
        "601088.SS": 0.01,
        "601398.SS": 0.1725480658107458,
        "2914.T": 0.0566012954939746,
        "8058.T": 0.01,
        "9432.T": 0.0717528160844924,
        "9434.T": 0.130237730723187,
        "0386.HK": 0.01,
        "6288.HK": 0.0395581480920239
    }
}