{
    "portfolio_387": {
        "PEP": 0.1006063902710689,
        "TLK": 0.1058268881515678,
        "AI.PA": 0.01,
        "SAF.PA": 0.01,
        "0DH.F": 0.01,
        "AD.AS": 0.079282948906594,
        "KPN.AS": 0.1575710729907491,
        "600519.SS": 0.0513525251919454,
        "601328.SS": 0.01,
        "601398.SS": 0.1518149486426245,
        "2914.T": 0.0653419913192392,
        "7974.T": 0.0467431169977977,
        "9432.T": 0.0952779136999323,
        "0941.HK": 0.0683964092337697,
        "6288.HK": 0.0377857945947114
    }
}