{
    "portfolio_416": {
        "PEP": 0.0751306713455241,
        "KT": 0.0511327637303149,
        "TLK": 0.0785797556374562,
        "LPS1.F": 0.01,
        "ULVR.L": 0.0523316813263324,
        "KPN.AS": 0.1870319184679838,
        "WKL.AS": 0.0165488997585077,
        "600028.SS": 0.01,
        "600519.SS": 0.0587332285854658,
        "601398.SS": 0.1671748389851376,
        "4519.T": 0.012141005317885,
        "9432.T": 0.0965757428782691,
        "9434.T": 0.1343534814694996,
        "0728.HK": 0.01,
        "6288.HK": 0.040266012497624
    }
}