{
    "portfolio_34": {
        "PEP": 0.0655407298463524,
        "TLK": 0.0857804792206277,
        "OLLI": 0.01,
        "SHEL.L": 0.03503551361534,
        "ULVR.L": 0.0526175793011901,
        "AD.AS": 0.0678089308741533,
        "KPN.AS": 0.1540613501189554,
        "600900.SS": 0.0591284664455405,
        "601398.SS": 0.1542768547131303,
        "601939.SS": 0.01,
        "2914.T": 0.0815135123038086,
        "4519.T": 0.0213320260021838,
        "8058.T": 0.01,
        "9434.T": 0.1512006226926755,
        "6288.HK": 0.041703934866042
    }
}