{
    "portfolio_48": {
        "CRESY": 0.05,
        "TLK": 0.0565655713787551,
        "IESC": 0.05,
        "SAN.PA": 0.0270353345874389,
        "ULVR.L": 0.075485741495981,
        "AD.AS": 0.0652180831190181,
        "KPN.AS": 0.1510320984719144,
        "600028.SS": 0.05,
        "600519.SS": 0.0321278933055167,
        "601398.SS": 0.1278161077913978,
        "2914.T": 0.0485296581662577,
        "8001.T": 0.05,
        "9433.T": 0.0618521630119926,
        "9434.T": 0.1043373486717272,
        "0857.HK": 0.05
    }
}