{
    "portfolio_44": {
        "PEP": 0.0867184942180176,
        "TLK": 0.085736693438591,
        "SHEL.L": 0.05,
        "ULVR.L": 0.0546631087334889,
        "AD.AS": 0.0730914279067463,
        "KPN.AS": 0.127587061257441,
        "600519.SS": 0.0271634901352035,
        "601088.SS": 0.05,
        "601398.SS": 0.1226705011542982,
        "7974.T": 0.05,
        "8058.T": 0.05,
        "9433.T": 0.0666018582382526,
        "9434.T": 0.0831951803385366,
        "0728.HK": 0.05,
        "6288.HK": 0.0225721845794242
    }
}