{
    "portfolio_222": {
        "PEP": 0.060104640250878,
        "TLK": 0.0914892764768928,
        "RYTM": 0.01,
        "SAF.PA": 0.01,
        "ULVR.L": 0.0506830546117384,
        "AD.AS": 0.0700362027313813,
        "ASM.AS": 0.01,
        "KPN.AS": 0.1655330001981084,
        "601398.SS": 0.1762056534504389,
        "2914.T": 0.0836732293098697,
        "8058.T": 0.01,
        "9434.T": 0.1564855403223136,
        "9983.T": 0.01,
        "0941.HK": 0.0630635208068934,
        "6288.HK": 0.0327258818414854
    }
}