{
    "portfolio_978": {
        "PEP": 0.0667897078013403,
        "TLK": 0.0823255069864319,
        "AXSM": 0.05,
        "SAN.PA": 0.0338117231939386,
        "RICO.L": 0.0268698692565529,
        "ULVR.L": 0.0584552807682087,
        "AD.AS": 0.0544145315256811,
        "KPN.AS": 0.1398696993147397,
        "601088.SS": 0.05,
        "601398.SS": 0.0902783833845197,
        "601939.SS": 0.05,
        "9432.T": 0.0975220570997598,
        "9434.T": 0.0996632406688274,
        "9983.T": 0.05,
        "0857.HK": 0.05
    }
}