{
    "portfolio_564": {
        "PEP": 0.0767845888989823,
        "TLK": 0.0909467637124395,
        "IESC": 0.0168077644925362,
        "SAN.PA": 0.0322048753468484,
        "ULVR.L": 0.0403900262985287,
        "AD.AS": 0.0676164694434377,
        "KPN.AS": 0.1609653764708031,
        "600028.SS": 0.05,
        "601398.SS": 0.1059439141249416,
        "8001.T": 0.05,
        "9432.T": 0.0571744357043484,
        "9434.T": 0.1011657855071338,
        "9983.T": 0.05,
        "0941.HK": 0.05,
        "1088.HK": 0.05
    }
}