{
    "portfolio_105": {
        "PEP": 0.0869094134973593,
        "TAK": 0.0376865962129321,
        "TLK": 0.0744762556305892,
        "SHEL.L": 0.05,
        "ULVR.L": 0.0510738802168255,
        "AD.AS": 0.0626204530180776,
        "KPN.AS": 0.1475818987848048,
        "600028.SS": 0.05,
        "600519.SS": 0.0256815455418171,
        "601398.SS": 0.1185115187882492,
        "8058.T": 0.05,
        "9432.T": 0.0640291050626542,
        "9434.T": 0.0814293332466907,
        "9983.T": 0.05,
        "0883.HK": 0.05
    }
}