{
    "portfolio_721": {
        "PEP": 0.0478283613707923,
        "TLK": 0.0667883710783088,
        "IESC": 0.05,
        "AI.PA": 0.05,
        "TTE.L": 0.05,
        "ULVR.L": 0.0572784302299972,
        "AD.AS": 0.0512590367821226,
        "KPN.AS": 0.1481965646888666,
        "600941.SS": 0.05,
        "601398.SS": 0.1297392259531969,
        "2914.T": 0.064475754189366,
        "9433.T": 0.0570544346752776,
        "9434.T": 0.094944449723386,
        "3988.HK": 0.05,
        "6288.HK": 0.0324353713086855
    }
}