{
    "portfolio_368": {
        "PEP": 0.0932378353290399,
        "TLK": 0.0810300328131881,
        "APPF": 0.0287962093148407,
        "0DH.F": 0.01,
        "WK0.F": 0.01,
        "SHEL.L": 0.0416960448329682,
        "TYT.L": 0.0384652220454781,
        "ULVR.L": 0.0522158589036497,
        "AD.AS": 0.058029504875279,
        "KPN.AS": 0.1571974108931783,
        "600519.SS": 0.0605701210535823,
        "601288.SS": 0.1318537038394389,
        "2914.T": 0.0778793102862226,
        "9433.T": 0.0967098147478188,
        "0941.HK": 0.0623189310653154
    }
}