{
    "portfolio_894": {
        "TMUS": 0.05,
        "AXSM": 0.05,
        "PRCT": 0.05,
        "RYTM": 0.05,
        "BPE5.F": 0.05,
        "RICO.L": 0.0337747930587052,
        "ULVR.L": 0.0663102347234843,
        "AD.AS": 0.0524315120419517,
        "KPN.AS": 0.1476099385267296,
        "600900.SS": 0.044338655193567,
        "601138.SS": 0.017119950203276,
        "601398.SS": 0.2036358751259148,
        "2914.T": 0.0489342388484487,
        "9432.T": 0.0613712463048322,
        "9434.T": 0.0744735559730902
    }
}