{
    "portfolio_543": {
        "PEP": 0.1078576325956802,
        "TLK": 0.0773105218012594,
        "APPF": 0.0265021360738768,
        "SMMT": 0.01,
        "0DH.F": 0.01,
        "WK0.F": 0.01,
        "SHEL.L": 0.0414065084002882,
        "TYT.L": 0.0609703101941832,
        "ULVR.L": 0.0595349104483161,
        "KPN.AS": 0.1872506668569335,
        "600028.SS": 0.01,
        "600519.SS": 0.0643814403487227,
        "601288.SS": 0.1496435029214992,
        "9432.T": 0.0904916592985699,
        "9434.T": 0.0946507110606708
    }
}