{
    "portfolio_488": {
        "PEP": 0.0640365980834377,
        "TEO": 0.05,
        "TLK": 0.0549835225387734,
        "DG.PA": 0.05,
        "BSD2.F": 0.05,
        "ULVR.L": 0.0463552833624536,
        "AD.AS": 0.037519511550624,
        "KPN.AS": 0.1321846441723166,
        "600900.SS": 0.0493650621466564,
        "601138.SS": 0.05,
        "601398.SS": 0.1497595841498654,
        "7203.T": 0.05,
        "9432.T": 0.0608057079601576,
        "9434.T": 0.1317968791324673,
        "6288.HK": 0.0231932069032479
    }
}