{
    "portfolio_304": {
        "PEP": 0.0427833741707201,
        "TLK": 0.044596552734247,
        "RYTM": 0.05,
        "BPE5.F": 0.05,
        "QF9.F": 0.0055053710540939,
        "SKFA.F": 0.05,
        "AD.AS": 0.0819288301178186,
        "KPN.AS": 0.1642937227640429,
        "600900.SS": 0.0677138066574205,
        "601398.SS": 0.1474037870575012,
        "2914.T": 0.0420378406638866,
        "6857.T": 0.05,
        "9432.T": 0.0868919335245491,
        "9434.T": 0.0668447812557202,
        "0941.HK": 0.05
    }
}