{
    "portfolio_515": {
        "CRESY": 0.05,
        "PKX": 0.05,
        "RYTM": 0.05,
        "VERX": 0.05,
        "ULVR.L": 0.0653523074157937,
        "AD.AS": 0.0431220819914322,
        "KPN.AS": 0.1764731012296212,
        "600900.SS": 0.0579804416891502,
        "601138.SS": 0.016732540318266,
        "601288.SS": 0.05,
        "601398.SS": 0.1100407208797083,
        "2914.T": 0.079890031870598,
        "9432.T": 0.0837256712788265,
        "9434.T": 0.0937973974846453,
        "6288.HK": 0.0228857058419582
    }
}