{
    "portfolio_45": {
        "BSAC": 0.05,
        "TLK": 0.0514693842316745,
        "PRCT": 0.05,
        "SAN.PA": 0.0275260446968667,
        "RICO.L": 0.0209226495446023,
        "ULVR.L": 0.0612891877729131,
        "AD.AS": 0.0756246153189617,
        "KPN.AS": 0.1652566098271237,
        "600900.SS": 0.0315712737659429,
        "601398.SS": 0.1475068814384976,
        "2914.T": 0.0633697883914794,
        "7974.T": 0.05,
        "9434.T": 0.129055048470563,
        "1088.HK": 0.05,
        "6288.HK": 0.0264085165413748
    }
}