{
    "portfolio_119": {
        "PEP": 0.0748413525233614,
        "TEO": 0.01,
        "TLK": 0.0831328533028001,
        "IESC": 0.0159748388339137,
        "0TDD.L": 0.010884034585278,
        "AD.AS": 0.075839932009076,
        "KPN.AS": 0.1696370687869202,
        "600519.SS": 0.0419223207291937,
        "601398.SS": 0.1712936839357008,
        "2914.T": 0.0601392095010201,
        "9432.T": 0.0507853496781186,
        "9433.T": 0.0335718218013515,
        "9434.T": 0.1113380244996571,
        "0941.HK": 0.056229310802273,
        "6288.HK": 0.0344101990113356
    }
}