{
    "portfolio_232": {
        "PEP": 0.0614517024423372,
        "TLK": 0.0598211392581586,
        "ADMA": 0.05,
        "SHEL.L": 0.05,
        "ULVR.L": 0.0578776095071765,
        "AD.AS": 0.0653792081500468,
        "KPN.AS": 0.1290395734308337,
        "600900.SS": 0.034921551007138,
        "601398.SS": 0.1310832185007181,
        "2914.T": 0.0561390443802954,
        "7974.T": 0.05,
        "9432.T": 0.0567656817291309,
        "9434.T": 0.1112408972809653,
        "0941.HK": 0.05,
        "6288.HK": 0.0362803743131995
    }
}