{
    "portfolio_20": {
        "PEP": 0.0747876328559419,
        "TLK": 0.0947568431270738,
        "AXSM": 0.01,
        "SMMT": 0.01,
        "SHEL.L": 0.035754802930559,
        "ULVR.L": 0.0541116742637357,
        "AD.AS": 0.0594033318731197,
        "KPN.AS": 0.1509321132095651,
        "601088.SS": 0.01,
        "601398.SS": 0.1854361613094036,
        "601728.SS": 0.0188183665885138,
        "2914.T": 0.0867567251737224,
        "6857.T": 0.01,
        "9434.T": 0.1595764078213405,
        "6288.HK": 0.0396659408470243
    }
}