{
    "portfolio_452": {
        "KT": 0.065918943385775,
        "TLK": 0.0978549899271192,
        "0DH.F": 0.01,
        "BPE5.F": 0.0102625159250974,
        "PJXC.F": 0.01,
        "ULVR.L": 0.0750214240948544,
        "AD.AS": 0.0775907403553716,
        "KPN.AS": 0.1552221234669555,
        "600941.SS": 0.01,
        "601288.SS": 0.1680035230284164,
        "2914.T": 0.0555602542801967,
        "7974.T": 0.0485961758633392,
        "9432.T": 0.0844043191331774,
        "9434.T": 0.0853582368949397,
        "6288.HK": 0.0462067536447573
    }
}