{
    "portfolio_667": {
        "PEP": 0.0613894664417224,
        "TLK": 0.0739686767360649,
        "AIR.PA": 0.05,
        "BPE.F": 0.05,
        "0K9E.L": 0.05,
        "0TDD.L": 0.05,
        "AD.AS": 0.0527723435463579,
        "KPN.AS": 0.115579696283203,
        "601398.SS": 0.1254388610512526,
        "601988.SS": 0.05,
        "2914.T": 0.0543517197955613,
        "9432.T": 0.0706653836916998,
        "9434.T": 0.1113147464633506,
        "0941.HK": 0.0576686663105906,
        "6288.HK": 0.0268504396801969
    }
}