{
    "portfolio_853": {
        "TLK": 0.0862619083678469,
        "OLLI": 0.05,
        "0TDD.L": 0.05,
        "ULVR.L": 0.0517492991356123,
        "AD.AS": 0.0618993386130105,
        "KPN.AS": 0.1433169205719955,
        "SHELL.AS": 0.05,
        "600900.SS": 0.0442504009533559,
        "601398.SS": 0.1426391737423038,
        "2914.T": 0.0529750337827088,
        "8001.T": 0.05,
        "9433.T": 0.05,
        "9434.T": 0.095927852661993,
        "0941.HK": 0.0389642026317893,
        "6288.HK": 0.0320158695393836
    }
}