{
    "portfolio_631": {
        "CRESY": 0.05,
        "BCH": 0.05,
        "LNTH": 0.05,
        "HSBA.L": 0.05,
        "ULVR.L": 0.0819039921229896,
        "AD.AS": 0.0525168194241441,
        "KPN.AS": 0.1457939317780758,
        "600900.SS": 0.0354628568772013,
        "601288.SS": 0.05,
        "601398.SS": 0.0957793883523392,
        "2914.T": 0.0645552467939768,
        "9432.T": 0.0703237238287141,
        "9434.T": 0.1249189220106439,
        "0941.HK": 0.0429380117419763,
        "6288.HK": 0.0358071070699384
    }
}