{
    "portfolio_490": {
        "PEP": 0.0523281258428922,
        "TLK": 0.0591061424829108,
        "RYTM": 0.05,
        "BSD2.F": 0.05,
        "QF9.F": 0.0055263294313648,
        "ULVR.L": 0.0438303314684616,
        "AD.AS": 0.0616806562345358,
        "KPN.AS": 0.1545918011324256,
        "601398.SS": 0.1543121206442344,
        "601899.SS": 0.05,
        "2914.T": 0.0544229919289644,
        "4063.T": 0.05,
        "9433.T": 0.0579941304164402,
        "9434.T": 0.1062073704177699,
        "0857.HK": 0.05
    }
}