{
    "portfolio_620": {
        "TLK": 0.0457960634639577,
        "OLLI": 0.05,
        "PRCT": 0.05,
        "AI.PA": 0.05,
        "SKFA.F": 0.05,
        "SHEL.L": 0.0300124535043271,
        "ULVR.L": 0.0438701556839837,
        "AD.AS": 0.0466600990385082,
        "KPN.AS": 0.1802628306606886,
        "600900.SS": 0.0663082637879048,
        "601398.SS": 0.1539786577768969,
        "8031.T": 0.05,
        "9432.T": 0.0500183269535272,
        "9434.T": 0.1112536808382201,
        "6288.HK": 0.0218394682919855
    }
}