{
    "portfolio_2": {
        "PEP": 0.0741975749144246,
        "TLK": 0.0980013878950927,
        "AXSM": 0.01,
        "SMMT": 0.01,
        "TTE.PA": 0.01,
        "SKFA.F": 0.01,
        "ULVR.L": 0.0492758850562136,
        "AD.AS": 0.058510011370143,
        "KPN.AS": 0.1596676744830651,
        "601398.SS": 0.1660560110966824,
        "2914.T": 0.0679694234842814,
        "9432.T": 0.0699888988937124,
        "9434.T": 0.1122927779664436,
        "0941.HK": 0.065805955498973,
        "6288.HK": 0.0382343993409679
    }
}