{
    "portfolio_337": {
        "PEP": 0.056163006617919,
        "TLK": 0.0615447844198571,
        "ADMA": 0.05,
        "SHEL.L": 0.0355484672709559,
        "ULVR.L": 0.0605683318509822,
        "AD.AS": 0.0607768086413799,
        "KPN.AS": 0.1375461307365503,
        "600900.SS": 0.0373391231152637,
        "601398.SS": 0.0912702119911776,
        "601988.SS": 0.05,
        "2914.T": 0.0635208328153574,
        "9432.T": 0.071216975721296,
        "9434.T": 0.1322638047901286,
        "0728.HK": 0.05,
        "6288.HK": 0.0422415220291323
    }
}