{
    "portfolio_135": {
        "PEP": 0.0756037023260027,
        "TLK": 0.0906461080271016,
        "IESC": 0.0179498732693203,
        "SAN.PA": 0.0281152158316968,
        "ULVR.L": 0.0482515373202848,
        "AD.AS": 0.0708516085275726,
        "KPN.AS": 0.1416718773494014,
        "600519.SS": 0.032766597503165,
        "601398.SS": 0.1396360543120108,
        "7974.T": 0.05,
        "8058.T": 0.05,
        "9433.T": 0.0643246771602128,
        "9434.T": 0.0901827483732309,
        "0883.HK": 0.05,
        "0941.HK": 0.05
    }
}