{
    "portfolio_389": {
        "PEP": 0.0572034874664657,
        "TLK": 0.051903133522347,
        "AXSM": 0.05,
        "IESC": 0.05,
        "SAN.PA": 0.0291869594879519,
        "ULVR.L": 0.0483333883894247,
        "AD.AS": 0.0540751081354011,
        "KPN.AS": 0.156839094996265,
        "600900.SS": 0.0441685292285457,
        "601398.SS": 0.1545401451402521,
        "4519.T": 0.05,
        "6857.T": 0.05,
        "9432.T": 0.1287571455062604,
        "3988.HK": 0.05,
        "6288.HK": 0.0249930081270863
    }
}