{
    "portfolio_514": {
        "PEP": 0.0684172103167427,
        "TLK": 0.0995346030709532,
        "AXSM": 0.01,
        "SMMT": 0.01,
        "AI.PA": 0.01,
        "ULVR.L": 0.0531429014754034,
        "AD.AS": 0.0572296246003584,
        "KPN.AS": 0.1616930851604165,
        "600900.SS": 0.0608409828445228,
        "601398.SS": 0.1477658894576268,
        "601939.SS": 0.01,
        "2914.T": 0.09345153560903,
        "9434.T": 0.1582508712093667,
        "0386.HK": 0.0164895362544021,
        "6288.HK": 0.0431837600011773
    }
}