{
    "portfolio_134": {
        "PEP": 0.0404848465688713,
        "TLK": 0.055973207111443,
        "PRCT": 0.05,
        "TTE.PA": 0.05,
        "RICO.L": 0.0263429817669838,
        "ULVR.L": 0.0588160048289488,
        "AD.AS": 0.074485363852789,
        "KPN.AS": 0.1622013094581088,
        "601398.SS": 0.0987910962825972,
        "601939.SS": 0.05,
        "2914.T": 0.057803924188916,
        "9434.T": 0.1512381642074636,
        "1088.HK": 0.05,
        "1288.HK": 0.05,
        "6288.HK": 0.0238631017338786
    }
}