{
    "portfolio_332": {
        "BSAC": 0.05,
        "ADMA": 0.05,
        "AXSM": 0.05,
        "LNTH": 0.05,
        "SAN.PA": 0.0376193484452591,
        "RICO.L": 0.0356574034203983,
        "TYT.L": 0.018632422328355,
        "ULVR.L": 0.0815416919024506,
        "AD.AS": 0.0359303278421223,
        "KPN.AS": 0.1439002744203424,
        "601398.SS": 0.1417825125970234,
        "9432.T": 0.0924061255794968,
        "9434.T": 0.1279524036169985,
        "0386.HK": 0.05,
        "6288.HK": 0.0345774898475533
    }
}