{
    "portfolio_96": {
        "PEP": 0.0404623658873793,
        "TLK": 0.0693333389696586,
        "APPF": 0.05,
        "AXSM": 0.05,
        "SAN.PA": 0.0294930271680158,
        "RICO.L": 0.0250392478734976,
        "ULVR.L": 0.0532988086515849,
        "AD.AS": 0.0517028144598822,
        "KPN.AS": 0.1498082079077989,
        "601398.SS": 0.1861959683040907,
        "8001.T": 0.05,
        "9432.T": 0.0731249855111947,
        "9434.T": 0.071541235266897,
        "9983.T": 0.05,
        "6288.HK": 0.05
    }
}