{
    "portfolio_40": {
        "PEP": 0.0860983797650854,
        "TLK": 0.0943124622524356,
        "AXSM": 0.01,
        "2B5.F": 0.01,
        "SHEL.L": 0.0293610236010234,
        "ULVR.L": 0.0534956896589177,
        "AD.AS": 0.0659356250123137,
        "KPN.AS": 0.1471821746909188,
        "600028.SS": 0.01,
        "601398.SS": 0.1660098242911825,
        "2914.T": 0.0884277020112829,
        "9434.T": 0.1345123627387704,
        "0386.HK": 0.01,
        "0941.HK": 0.0551660999542657,
        "6288.HK": 0.0394986560238039
    }
}