{
    "portfolio_908": {
        "PEP": 0.0513548490669686,
        "TLK": 0.0696520751706598,
        "AXSM": 0.05,
        "SAN.PA": 0.0323466953799189,
        "0YXG.L": 0.05,
        "RICO.L": 0.0263436372090915,
        "ULVR.L": 0.0498814616291335,
        "AD.AS": 0.0502151460651057,
        "KPN.AS": 0.1368485682352319,
        "601398.SS": 0.1459368866125825,
        "9432.T": 0.1089255520751818,
        "9434.T": 0.0784951285561258,
        "9983.T": 0.05,
        "0941.HK": 0.05,
        "1288.HK": 0.05
    }
}