{
    "portfolio_347": {
        "PEP": 0.0604492524998748,
        "TGS": 0.01,
        "TLK": 0.0842673343444236,
        "ADMA": 0.01,
        "VERX": 0.01,
        "ULVR.L": 0.0574750772371213,
        "AD.AS": 0.0706307264269325,
        "KPN.AS": 0.1513838626381697,
        "SHELL.AS": 0.0225133747217988,
        "601088.SS": 0.01,
        "601398.SS": 0.1597871375709994,
        "2914.T": 0.0850920326796612,
        "9434.T": 0.1671531258406972,
        "0941.HK": 0.0618062676547124,
        "6288.HK": 0.0394418083856092
    }
}