{
    "portfolio_967": {
        "PEP": 0.0451965287826391,
        "TMUS": 0.05,
        "TLK": 0.081742125666254,
        "AI.PA": 0.05,
        "0TDD.L": 0.05,
        "AD.AS": 0.0565939550316168,
        "KPN.AS": 0.1368067526216384,
        "600519.SS": 0.0329409012701501,
        "601288.SS": 0.05,
        "601398.SS": 0.1183304983547603,
        "2914.T": 0.0589275632079394,
        "9432.T": 0.0647164866026283,
        "9434.T": 0.1186557979565802,
        "0941.HK": 0.0580220265416817,
        "6288.HK": 0.0280673639641114
    }
}