{
    "portfolio_435": {
        "PEP": 0.0492978334803163,
        "TLK": 0.0492663651492058,
        "ADMA": 0.05,
        "AXSM": 0.05,
        "TTE.PA": 0.05,
        "RICO.L": 0.0262345327053814,
        "ULVR.L": 0.0637455360617563,
        "AD.AS": 0.0516004010832421,
        "KPN.AS": 0.1282400684612626,
        "601398.SS": 0.1632344643894625,
        "4519.T": 0.05,
        "9432.T": 0.0933664356555892,
        "9434.T": 0.0921509271988294,
        "0941.HK": 0.05,
        "6288.HK": 0.0328634358149541
    }
}