{
    "portfolio_549": {
        "CRESY": 0.05,
        "TGS": 0.05,
        "TLK": 0.0266222770485264,
        "LNTH": 0.05,
        "SKFA.F": 0.05,
        "ULVR.L": 0.0800580117648733,
        "AD.AS": 0.0732752491164738,
        "KPN.AS": 0.1355845652457219,
        "601398.SS": 0.1429399667664652,
        "601728.SS": 0.0265214864932707,
        "2914.T": 0.0394959495575924,
        "9433.T": 0.0831283806973702,
        "9434.T": 0.1206766955875761,
        "1088.HK": 0.05,
        "6288.HK": 0.0216974177221297
    }
}