{
    "portfolio_534": {
        "PEP": 0.0711102387731416,
        "BSAC": 0.05,
        "TLK": 0.0582442100486179,
        "BPE.F": 0.05,
        "ULVR.L": 0.0675760077659524,
        "AD.AS": 0.0691760036109937,
        "KPN.AS": 0.1075173361705831,
        "SHELL.AS": 0.05,
        "601398.SS": 0.1157143959813571,
        "2914.T": 0.0550128346913696,
        "9432.T": 0.0725786742413574,
        "9434.T": 0.1046872864979014,
        "0883.HK": 0.05,
        "1288.HK": 0.05,
        "6288.HK": 0.0283830122187259
    }
}