{
    "portfolio_208": {
        "PEP": 0.0941334490104703,
        "TLK": 0.0837725121918938,
        "OL5.F": 0.01,
        "WK0.F": 0.01,
        "ULVR.L": 0.0516033205648236,
        "AD.AS": 0.0657960288772029,
        "KPN.AS": 0.1786553617023895,
        "600519.SS": 0.047745391530992,
        "601288.SS": 0.1197880686420599,
        "2914.T": 0.0785736210140585,
        "4063.T": 0.0182802342351603,
        "9433.T": 0.0676959942131696,
        "9434.T": 0.1106390023540619,
        "0857.HK": 0.013136338721398,
        "0941.HK": 0.0501806769423194
    }
}