{
    "portfolio_107": {
        "PEP": 0.0583148365046832,
        "TLK": 0.0798965546456589,
        "AXSM": 0.05,
        "TTE.L": 0.05,
        "ULVR.L": 0.071805346844124,
        "AD.AS": 0.0424386234682051,
        "KPN.AS": 0.1380319749628752,
        "WKL.AS": 0.0314841120174481,
        "601398.SS": 0.1059545012674661,
        "601988.SS": 0.05,
        "2914.T": 0.0554198046796437,
        "9432.T": 0.0894275061580089,
        "9434.T": 0.0919822364956852,
        "0857.HK": 0.05,
        "6288.HK": 0.0352445029562013
    }
}