{
    "portfolio_70": {
        "PEP": 0.0742794065065602,
        "TLK": 0.084456749596026,
        "VERX": 0.01,
        "ULVR.L": 0.0497548169596033,
        "AD.AS": 0.0650911227242998,
        "KPN.AS": 0.1597808902525767,
        "SHELL.AS": 0.0221317384315726,
        "600519.SS": 0.0409784963589835,
        "601088.SS": 0.01,
        "601398.SS": 0.1624634940316485,
        "2914.T": 0.0638767529466349,
        "9432.T": 0.0690213548031407,
        "9434.T": 0.1321516719184732,
        "0857.HK": 0.0179938267133172,
        "6288.HK": 0.0380196787571631
    }
}