{
    "portfolio_11": {
        "GOOGL": 0.0404727699011312,
        "PEP": 0.1040695927662407,
        "EC": 0.0477443027478003,
        "PKX": 0.01,
        "APPF": 0.0357489906820514,
        "4AH1.F": 0.0101510970880498,
        "LFU2.F": 0.01,
        "ULVR.L": 0.1073589384712926,
        "KPN.AS": 0.1001631148125842,
        "600941.SS": 0.01,
        "601288.SS": 0.1310033047011626,
        "601728.SS": 0.0462828486503106,
        "7974.T": 0.2215304112733952,
        "8031.T": 0.01,
        "9433.T": 0.1154746289059812
    }
}