{
    "portfolio_694": {
        "TLK": 0.0320975332342414,
        "APPF": 0.05,
        "RYTM": 0.05,
        "AI.PA": 0.05,
        "BPE5.F": 0.05,
        "RICO.L": 0.0277963996461391,
        "ULVR.L": 0.0475688759751739,
        "AD.AS": 0.0577671178052343,
        "KPN.AS": 0.1539498822932703,
        "600900.SS": 0.0506579246963336,
        "601138.SS": 0.0175395249000285,
        "601398.SS": 0.1763008501249606,
        "2914.T": 0.0847408606983831,
        "9434.T": 0.1266493308519744,
        "6288.HK": 0.0249316997742606
    }
}