{
    "portfolio_781": {
        "TLK": 0.0346777170286857,
        "PRCT": 0.05,
        "BPE5.F": 0.05,
        "0YXG.L": 0.05,
        "RICO.L": 0.0235454121609398,
        "ULVR.L": 0.0707640609426965,
        "AD.AS": 0.0625658228015067,
        "KPN.AS": 0.1673581982330219,
        "600900.SS": 0.0460125067128809,
        "600941.SS": 0.05,
        "601398.SS": 0.150085057995455,
        "2914.T": 0.0620517579164741,
        "9432.T": 0.0379417245159916,
        "9434.T": 0.1146711211203951,
        "6288.HK": 0.0303266205719523
    }
}