{
    "portfolio_608": {
        "CRESY": 0.05,
        "TMUS": 0.05,
        "TLK": 0.066960597366559,
        "ULVR.L": 0.0787437298494745,
        "AD.AS": 0.0814618656987565,
        "KPN.AS": 0.1181658845621616,
        "600900.SS": 0.0491692274930011,
        "601288.SS": 0.05,
        "601398.SS": 0.0912550323930081,
        "2914.T": 0.0723090673916709,
        "7974.T": 0.0377949704413985,
        "9433.T": 0.0666183423020322,
        "9434.T": 0.1051311026083169,
        "1288.HK": 0.05,
        "6288.HK": 0.0323901798936208
    }
}