{
    "portfolio_767": {
        "PEP": 0.0406155148719707,
        "BCH": 0.05,
        "TLK": 0.0730888230865398,
        "RMS.PA": 0.05,
        "SAF.PA": 0.05,
        "ULVR.L": 0.0463692260135868,
        "AD.AS": 0.042834142023742,
        "KPN.AS": 0.1511474950760347,
        "601088.SS": 0.05,
        "601398.SS": 0.1440021801803046,
        "2914.T": 0.0572467494374386,
        "8001.T": 0.05,
        "9432.T": 0.0551988784038551,
        "9434.T": 0.105470830943341,
        "6288.HK": 0.0340261599631863
    }
}