{
    "portfolio_974": {
        "PEP": 0.0835999504014843,
        "TLK": 0.090502863596122,
        "BSD2.F": 0.01,
        "AD.AS": 0.0750353298381977,
        "KPN.AS": 0.1690104226359396,
        "REN.AS": 0.01,
        "600519.SS": 0.0419751570491177,
        "601398.SS": 0.167938448485594,
        "2914.T": 0.056881639480576,
        "4063.T": 0.0118884132915395,
        "4519.T": 0.01,
        "9432.T": 0.0643948180796127,
        "9434.T": 0.1217884475272183,
        "0941.HK": 0.051598034657426,
        "6288.HK": 0.0353864749571723
    }
}