{
    "portfolio_286": {
        "CRESY": 0.01,
        "PEP": 0.0898410459325154,
        "TLK": 0.1087362980188359,
        "0DH.F": 0.01,
        "SKFA.F": 0.01,
        "0YXG.L": 0.01,
        "ULVR.L": 0.06070012855286,
        "AD.AS": 0.0795726144170713,
        "KPN.AS": 0.1385234136120152,
        "600519.SS": 0.063233918119305,
        "601398.SS": 0.1727624543292011,
        "601728.SS": 0.0385406392238824,
        "7974.T": 0.0705314855827898,
        "9433.T": 0.1239158593194153,
        "0857.HK": 0.013642142892109
    }
}