{
    "portfolio_74": {
        "BCH": 0.05,
        "TLK": 0.0581711866734288,
        "AXSM": 0.05,
        "RMS.PA": 0.05,
        "SAN.PA": 0.0253932445304649,
        "BPE.F": 0.05,
        "ULVR.L": 0.0645605721248522,
        "AD.AS": 0.0462282972539026,
        "KPN.AS": 0.1170576058072743,
        "600900.SS": 0.0338483379471585,
        "601398.SS": 0.1690036550081084,
        "2914.T": 0.0627860540275449,
        "9432.T": 0.099572161187715,
        "9434.T": 0.0900815441549484,
        "6288.HK": 0.0332973412846017
    }
}