{
    "portfolio_344": {
        "PEP": 0.0611665655326462,
        "TGS": 0.01,
        "TLK": 0.0950264504125374,
        "OL5.F": 0.01,
        "ULVR.L": 0.0626615918729366,
        "AD.AS": 0.0740358950205592,
        "ASM.AS": 0.01,
        "CCEP.AS": 0.01,
        "KPN.AS": 0.1541987068439284,
        "601398.SS": 0.1648448608233212,
        "2914.T": 0.0824199627928715,
        "9434.T": 0.1592218576635477,
        "0728.HK": 0.01,
        "0941.HK": 0.0591380746672875,
        "6288.HK": 0.0372860343703644
    }
}