{
    "portfolio_162": {
        "PEP": 0.0697295912647313,
        "TEO": 0.05,
        "TLK": 0.0714450670816536,
        "ULVR.L": 0.0631191610741764,
        "AD.AS": 0.06448245132203,
        "KPN.AS": 0.148699453282089,
        "600900.SS": 0.0381254701956751,
        "601328.SS": 0.05,
        "601398.SS": 0.0688792673192151,
        "601857.SS": 0.05,
        "2914.T": 0.0589060464048547,
        "7974.T": 0.05,
        "9432.T": 0.0586970074559422,
        "9434.T": 0.1203509214998264,
        "6288.HK": 0.0375655630998061
    }
}