{
    "portfolio_400": {
        "PEP": 0.0777456770780392,
        "TLK": 0.0839495794048554,
        "APPF": 0.0103809348440141,
        "DG.PA": 0.01,
        "HSBA.L": 0.01,
        "AD.AS": 0.0676073480129674,
        "KPN.AS": 0.1712175688585496,
        "UMG.AS": 0.0190497491064605,
        "600519.SS": 0.0461889426040033,
        "601398.SS": 0.187965307477818,
        "2914.T": 0.0623884311321982,
        "6857.T": 0.01,
        "9432.T": 0.071522260858082,
        "9434.T": 0.1334009511720386,
        "6288.HK": 0.0385832494509737
    }
}