{
    "portfolio_497": {
        "PEP": 0.0813659965534477,
        "TLK": 0.0917559556259339,
        "0YXG.L": 0.01,
        "AD.AS": 0.0764560322190137,
        "KPN.AS": 0.1770633965913402,
        "600519.SS": 0.0454927452957182,
        "601398.SS": 0.1642891463524885,
        "601939.SS": 0.01,
        "2914.T": 0.0611565819244238,
        "9432.T": 0.0684885193306576,
        "9434.T": 0.1386782967666781,
        "9983.T": 0.01,
        "0857.HK": 0.0194803240806376,
        "1088.HK": 0.01,
        "6288.HK": 0.0357730052596608
    }
}