{
    "portfolio_680": {
        "PEP": 0.105910470702894,
        "TLK": 0.1061271596484644,
        "0DH.F": 0.01,
        "SKFA.F": 0.01,
        "SHEL.L": 0.0405320760525706,
        "ULVR.L": 0.0524356793442613,
        "AD.AS": 0.0731896571370306,
        "KPN.AS": 0.132748329306047,
        "600519.SS": 0.0571160950584896,
        "601288.SS": 0.1423493571368045,
        "601857.SS": 0.01,
        "7974.T": 0.0614161605918279,
        "8001.T": 0.01,
        "9433.T": 0.1151763001668426,
        "0941.HK": 0.0729987148547673
    }
}