{
    "portfolio_710": {
        "PEP": 0.0630280302337147,
        "TLK": 0.055811837238814,
        "VERX": 0.05,
        "AI.PA": 0.05,
        "TTE.PA": 0.05,
        "HSBA.L": 0.05,
        "AD.AS": 0.0432856406268332,
        "KPN.AS": 0.1427714559834732,
        "600900.SS": 0.0553670942220708,
        "601398.SS": 0.1208119497417548,
        "2914.T": 0.0736737337857177,
        "9433.T": 0.0751338548272164,
        "9434.T": 0.0892017495819723,
        "0941.HK": 0.0482303000150003,
        "6288.HK": 0.0326843537434323
    }
}