{
    "portfolio_242": {
        "PEP": 0.0749759841634874,
        "TLK": 0.0902191378586156,
        "SAF.PA": 0.01,
        "ULVR.L": 0.0436643143877919,
        "AD.AS": 0.0680678078832191,
        "KPN.AS": 0.1655145558870392,
        "600519.SS": 0.0415674478525613,
        "601088.SS": 0.01,
        "601328.SS": 0.01,
        "601398.SS": 0.171682536597287,
        "2914.T": 0.0630728722943282,
        "4519.T": 0.0181532803883659,
        "9432.T": 0.0661171351095352,
        "9434.T": 0.1271700955669705,
        "6288.HK": 0.0397948320107988
    }
}