{
    "portfolio_321": {
        "PEP": 0.0794241832214314,
        "TGS": 0.01,
        "TLK": 0.0857762235619357,
        "HSBA.L": 0.01,
        "ULVR.L": 0.0450204402751723,
        "AD.AS": 0.0688007777118802,
        "KPN.AS": 0.1695797862642629,
        "600519.SS": 0.0478238831355934,
        "601398.SS": 0.1831481667479472,
        "8001.T": 0.01,
        "8031.T": 0.01,
        "9432.T": 0.0855941414092196,
        "9434.T": 0.1450855177789751,
        "3988.HK": 0.01,
        "6288.HK": 0.0397468798935822
    }
}