{
    "portfolio_316": {
        "BCH": 0.05,
        "TLK": 0.0597807791164417,
        "APPF": 0.05,
        "PQ9.F": 0.0054965505501218,
        "0K9E.L": 0.05,
        "ULVR.L": 0.0605850248640514,
        "AD.AS": 0.0589461395329134,
        "KPN.AS": 0.1321306242428578,
        "SHELL.AS": 0.05,
        "600900.SS": 0.0518667998551483,
        "601398.SS": 0.1495619998564976,
        "2914.T": 0.0530178301879204,
        "4568.T": 0.05,
        "9434.T": 0.139175272849022,
        "6288.HK": 0.0394389789450255
    }
}