{
    "portfolio_907": {
        "TGS": 0.05,
        "TLK": 0.0564718947984412,
        "ADMA": 0.05,
        "SAN.PA": 0.0247834552738116,
        "TYT.L": 0.023842718683215,
        "ULVR.L": 0.072781953792513,
        "AD.AS": 0.0728216172833156,
        "KPN.AS": 0.1324994555732274,
        "600941.SS": 0.05,
        "601088.SS": 0.05,
        "601398.SS": 0.1190037759224222,
        "2914.T": 0.05,
        "9432.T": 0.0584617584884761,
        "9434.T": 0.1457313018226237,
        "6288.HK": 0.0436020683619537
    }
}