{
    "portfolio_878": {
        "PEP": 0.0800709815840039,
        "TLK": 0.0851345184901811,
        "SHEL.L": 0.0299887702753503,
        "ULVR.L": 0.0461647424237804,
        "AD.AS": 0.0658516104109151,
        "KPN.AS": 0.1573959700137416,
        "600519.SS": 0.0404728102117204,
        "601288.SS": 0.01,
        "601398.SS": 0.1599742177791442,
        "601857.SS": 0.0152462207363031,
        "2914.T": 0.0589297004576453,
        "4063.T": 0.0163917065206546,
        "9432.T": 0.0699376038598856,
        "9434.T": 0.126861880789143,
        "6288.HK": 0.0375792664475314
    }
}