{
    "portfolio_139": {
        "PEP": 0.0789273870937377,
        "TLK": 0.0904174461332155,
        "VERX": 0.01,
        "AD.AS": 0.0722473072728647,
        "KPN.AS": 0.1782344324784408,
        "REN.AS": 0.0118515497808778,
        "600519.SS": 0.0495766582709604,
        "601088.SS": 0.01,
        "601398.SS": 0.1673959836798839,
        "601939.SS": 0.01,
        "2914.T": 0.0648182152029926,
        "9432.T": 0.0718817376243587,
        "9434.T": 0.134505348574039,
        "0386.HK": 0.01,
        "6288.HK": 0.0401439338886288
    }
}