{
    "portfolio_607": {
        "PEP": 0.0777142788844952,
        "TLK": 0.0852012296803841,
        "DG.PA": 0.05,
        "SAN.PA": 0.0255642906503801,
        "ULVR.L": 0.0334480557225119,
        "AD.AS": 0.0618303177730893,
        "KPN.AS": 0.1319497332471377,
        "600519.SS": 0.0336282110770862,
        "601398.SS": 0.1197604537123755,
        "601728.SS": 0.05,
        "601857.SS": 0.05,
        "2914.T": 0.0524122318298078,
        "9433.T": 0.0577736905549911,
        "9434.T": 0.1207175068677412,
        "9983.T": 0.05
    }
}