{
    "portfolio_867": {
        "AVGO": 0.012705173092226,
        "CRESY": 0.01,
        "PEP": 0.060347224630179,
        "TLK": 0.0883454994242176,
        "ULVR.L": 0.0579572859813022,
        "AD.AS": 0.0688430150894119,
        "KPN.AS": 0.1624523674870417,
        "601288.SS": 0.01,
        "601398.SS": 0.1541452846353352,
        "2914.T": 0.0735733246018488,
        "9432.T": 0.0672418120096015,
        "9434.T": 0.1271217493398242,
        "0386.HK": 0.01,
        "0941.HK": 0.0570011249675521,
        "6288.HK": 0.0402661387414598
    }
}