{
    "portfolio_565": {
        "PEP": 0.0556077008954543,
        "BCH": 0.05,
        "TLK": 0.0651364558922463,
        "DG.PA": 0.05,
        "ULVR.L": 0.0313818157119869,
        "AD.AS": 0.046379508142563,
        "CCEP.AS": 0.05,
        "KPN.AS": 0.143508238568777,
        "600519.SS": 0.0300880009865948,
        "601398.SS": 0.1442303834272387,
        "6857.T": 0.05,
        "9432.T": 0.0959320343668088,
        "9434.T": 0.1165849119152397,
        "0386.HK": 0.05,
        "6288.HK": 0.0211509500930905
    }
}