{
    "portfolio_292": {
        "PEP": 0.0506186848969419,
        "PKX": 0.05,
        "TLK": 0.0667906123006138,
        "AXSM": 0.05,
        "SAN.PA": 0.0315097297966301,
        "RICO.L": 0.0238849283324045,
        "ULVR.L": 0.0583882916878163,
        "AD.AS": 0.0382742175646797,
        "KPN.AS": 0.1488739397810878,
        "601288.SS": 0.05,
        "601398.SS": 0.1475542417364476,
        "8001.T": 0.05,
        "9432.T": 0.1023995561191278,
        "9434.T": 0.0976454396966414,
        "6288.HK": 0.0340603580876087
    }
}