{
    "portfolio_691": {
        "PEP": 0.0608696312729523,
        "TLK": 0.095308957992682,
        "SKFA.F": 0.05,
        "SHEL.L": 0.05,
        "ULVR.L": 0.0403441320597345,
        "AD.AS": 0.0701465770771797,
        "KPN.AS": 0.1454894002454833,
        "600900.SS": 0.0588950698730288,
        "601398.SS": 0.1324911759709652,
        "4568.T": 0.05,
        "8031.T": 0.05,
        "9433.T": 0.0583588102408137,
        "9434.T": 0.0782000700849648,
        "0941.HK": 0.0387045290022195,
        "6288.HK": 0.0211916461799758
    }
}