{
    "portfolio_403": {
        "MSFT": 0.05,
        "PEP": 0.0468538280306939,
        "TLK": 0.0464016161299724,
        "BPE5.F": 0.05,
        "HSBA.L": 0.05,
        "ULVR.L": 0.0454248524428324,
        "AD.AS": 0.066446254062595,
        "KPN.AS": 0.1313457896276629,
        "600900.SS": 0.0488127725841964,
        "601398.SS": 0.1283875526098506,
        "2914.T": 0.0638506350423944,
        "9432.T": 0.0783178931811993,
        "9434.T": 0.0941588062886022,
        "3988.HK": 0.05,
        "6288.HK": 0.05
    }
}