{
    "portfolio_394": {
        "CIB": 0.05,
        "IBN": 0.05,
        "TLK": 0.0509720483752635,
        "0YXG.L": 0.05,
        "ULVR.L": 0.0515964928489369,
        "AD.AS": 0.0567292032825589,
        "KPN.AS": 0.1341478789682966,
        "SHELL.AS": 0.05,
        "600900.SS": 0.0453317619612721,
        "601398.SS": 0.1387939414230302,
        "2914.T": 0.0653465057335992,
        "9432.T": 0.0611940771687322,
        "9434.T": 0.1043302842475962,
        "9983.T": 0.05,
        "0941.HK": 0.0415578059907138
    }
}