{
    "portfolio_341": {
        "PEP": 0.0749365649029619,
        "BCH": 0.01,
        "TLK": 0.0835741485085491,
        "LNTH": 0.01,
        "ULVR.L": 0.0490369533336928,
        "AD.AS": 0.0658566742545854,
        "KPN.AS": 0.1725476664904775,
        "600519.SS": 0.0467110912467406,
        "601398.SS": 0.1716033786054876,
        "4519.T": 0.0190030650776154,
        "8058.T": 0.01,
        "9432.T": 0.0767711871524774,
        "9434.T": 0.1494360179782829,
        "0857.HK": 0.0239187189301815,
        "6288.HK": 0.0366045335189479
    }
}