{
    "portfolio_729": {
        "TLK": 0.0573466751621386,
        "IESC": 0.05,
        "0A4J.L": 0.05,
        "0YXG.L": 0.05,
        "RICO.L": 0.0202835293158224,
        "ULVR.L": 0.0474539740939144,
        "AD.AS": 0.0565360853029965,
        "KPN.AS": 0.1573328600260092,
        "600900.SS": 0.0462028806970905,
        "601398.SS": 0.1468585564295838,
        "2914.T": 0.0674985194622189,
        "9432.T": 0.0700899492604844,
        "9434.T": 0.086849626332899,
        "0941.HK": 0.0435473439168422,
        "6288.HK": 0.05
    }
}