{
    "portfolio_859": {
        "PEP": 0.0768881963677721,
        "TLK": 0.0843078338230739,
        "OLLI": 0.01,
        "SHEL.L": 0.0315242174080871,
        "ULVR.L": 0.0457229609834846,
        "AD.AS": 0.0662475855091611,
        "KPN.AS": 0.1648064424549148,
        "600519.SS": 0.0464834905687307,
        "601288.SS": 0.01,
        "601398.SS": 0.1743163149247663,
        "8031.T": 0.01,
        "9432.T": 0.0853662867332818,
        "9434.T": 0.1455861423909465,
        "0883.HK": 0.01,
        "6288.HK": 0.038750528835781
    }
}