{
    "portfolio_456": {
        "PEP": 0.0508778598791767,
        "TLK": 0.054663045760657,
        "ADMA": 0.05,
        "SAF.PA": 0.05,
        "SHEL.L": 0.05,
        "ULVR.L": 0.0481354558757652,
        "AD.AS": 0.0498179637389647,
        "KPN.AS": 0.1289279588270608,
        "601398.SS": 0.1604525320745418,
        "2914.T": 0.0496406331682881,
        "4063.T": 0.05,
        "9432.T": 0.0643749368213394,
        "9434.T": 0.1156536782231154,
        "0941.HK": 0.0435822608757842,
        "6288.HK": 0.0338736747553062
    }
}