{
    "portfolio_810": {
        "PEP": 0.0672567585295893,
        "TLK": 0.0805373286437434,
        "RYTM": 0.01,
        "BSD2.F": 0.01,
        "SHEL.L": 0.031804663442524,
        "ULVR.L": 0.0498479941383371,
        "AD.AS": 0.0684368259947256,
        "KPN.AS": 0.1544186575958035,
        "600900.SS": 0.0602983772660711,
        "601398.SS": 0.1666084804890868,
        "2914.T": 0.0818198720593702,
        "4519.T": 0.0183540540758369,
        "8031.T": 0.01,
        "9434.T": 0.1504421557369579,
        "6288.HK": 0.0401748320279546
    }
}