{
    "portfolio_726": {
        "PEP": 0.0489644383551609,
        "TLK": 0.0758732927154304,
        "ADMA": 0.05,
        "SAN.PA": 0.0268998482883587,
        "ULVR.L": 0.0549360125536835,
        "AD.AS": 0.0663981897682716,
        "KPN.AS": 0.1348999183342525,
        "601088.SS": 0.05,
        "601398.SS": 0.0814257694747297,
        "2914.T": 0.0574714413604562,
        "9432.T": 0.0665656057473443,
        "9434.T": 0.148520791158671,
        "0857.HK": 0.05,
        "1288.HK": 0.05,
        "6288.HK": 0.038044692243641
    }
}