{
    "portfolio_632": {
        "PEP": 0.0768801855131355,
        "TLK": 0.0831710065227924,
        "AXSM": 0.01,
        "SHEL.L": 0.0314880856663964,
        "ULVR.L": 0.0496715259127818,
        "AD.AS": 0.0637632018074098,
        "KPN.AS": 0.1543405361153753,
        "600028.SS": 0.01,
        "600519.SS": 0.039182420397765,
        "600941.SS": 0.01,
        "601398.SS": 0.1729087385069082,
        "2914.T": 0.0614939351088822,
        "9432.T": 0.0752026153153075,
        "9434.T": 0.1230680187526364,
        "6288.HK": 0.0388297303806093
    }
}