{
    "portfolio_675": {
        "PEP": 0.0655501034163082,
        "TLK": 0.0608792000161696,
        "0YXG.L": 0.05,
        "SHEL.L": 0.05,
        "ULVR.L": 0.0609713506847437,
        "AD.AS": 0.0539307886325685,
        "KPN.AS": 0.127097651146705,
        "SHELL.AS": 0.05,
        "601328.SS": 0.05,
        "601398.SS": 0.0863041186079641,
        "601857.SS": 0.05,
        "2914.T": 0.0707350470106078,
        "9432.T": 0.0728320657958828,
        "9434.T": 0.1151851815597758,
        "6288.HK": 0.0365144931292743
    }
}