{
    "portfolio_982": {
        "PEP": 0.0804562673195475,
        "TLK": 0.0870599373907762,
        "SHEL.L": 0.0296668186808246,
        "ULVR.L": 0.0492400088747487,
        "AD.AS": 0.0723489309320442,
        "KPN.AS": 0.1383489932062874,
        "600519.SS": 0.0284962949194116,
        "600941.SS": 0.05,
        "601398.SS": 0.1052876069730046,
        "2914.T": 0.0593511140228465,
        "9433.T": 0.0604479014999208,
        "9434.T": 0.1097885851361303,
        "0728.HK": 0.05,
        "3988.HK": 0.05,
        "6288.HK": 0.0295075410444577
    }
}