{
    "portfolio_634": {
        "PEP": 0.0853857895332251,
        "TLK": 0.0673567154148964,
        "SHEL.L": 0.05,
        "ULVR.L": 0.0530067444041797,
        "AD.AS": 0.0678145063104298,
        "KPN.AS": 0.1183589732054035,
        "SHELL.AS": 0.05,
        "600900.SS": 0.0500476840030007,
        "601398.SS": 0.1367217831626073,
        "2914.T": 0.0615602093642722,
        "4519.T": 0.05,
        "9433.T": 0.0499484382092539,
        "9434.T": 0.082187401941792,
        "0941.HK": 0.05,
        "6288.HK": 0.027611754450939
    }
}