{
    "portfolio_152": {
        "PEP": 0.0559276239619127,
        "TLK": 0.0940956633821193,
        "PRCT": 0.01,
        "0K9E.L": 0.0239223128386524,
        "ULVR.L": 0.0526693589196897,
        "AD.AS": 0.0705561141182713,
        "KPN.AS": 0.162370664026785,
        "601088.SS": 0.01,
        "601398.SS": 0.1593075078987791,
        "601988.SS": 0.01,
        "2914.T": 0.0785752130458197,
        "8001.T": 0.01,
        "9434.T": 0.1631877088525334,
        "0941.HK": 0.0614545381352674,
        "6288.HK": 0.0379332948201701
    }
}