{
    "portfolio_273": {
        "PEP": 0.0832658004753369,
        "TLK": 0.0867787198443419,
        "SAF.PA": 0.01,
        "BPE5.F": 0.01,
        "AD.AS": 0.075770391832486,
        "KPN.AS": 0.168598264752983,
        "SHELL.AS": 0.0107123681602398,
        "600519.SS": 0.0458736533956715,
        "601398.SS": 0.1817007303105164,
        "2914.T": 0.0626059535613836,
        "9432.T": 0.0698530912206522,
        "9434.T": 0.1353674789872741,
        "0386.HK": 0.01,
        "1088.HK": 0.01,
        "6288.HK": 0.0394735474591146
    }
}