{
    "portfolio_215": {
        "PEP": 0.0944971809903793,
        "TLK": 0.0759723153145787,
        "SAF.PA": 0.01,
        "WK0.F": 0.01,
        "AZN.L": 0.0196804445955326,
        "TYT.L": 0.0384427982199376,
        "AD.AS": 0.0612555496300168,
        "KPN.AS": 0.1952179369086136,
        "600519.SS": 0.0554140989203223,
        "601398.SS": 0.1441131683998329,
        "2914.T": 0.060379134102902,
        "9432.T": 0.0767738059334037,
        "9434.T": 0.1227561728832286,
        "0386.HK": 0.01,
        "1288.HK": 0.0254973941012517
    }
}