{
    "portfolio_85": {
        "PEP": 0.0427353592180272,
        "TEO": 0.05,
        "TLK": 0.0297267675485334,
        "RYTM": 0.05,
        "TTE.PA": 0.05,
        "ULVR.L": 0.0463614013546399,
        "AD.AS": 0.0707766175417185,
        "KPN.AS": 0.1416246562903096,
        "600900.SS": 0.0637206415788016,
        "601138.SS": 0.0223945049237014,
        "601398.SS": 0.1723676483849958,
        "2914.T": 0.0573952906187253,
        "9433.T": 0.05,
        "9434.T": 0.1028971125405472,
        "9983.T": 0.05
    }
}