{
    "portfolio_739": {
        "PEP": 0.0673230031773114,
        "TAK": 0.0313180437015669,
        "TGS": 0.05,
        "TLK": 0.052370352301091,
        "SHEL.L": 0.05,
        "ULVR.L": 0.0553757175052052,
        "AD.AS": 0.073805976701555,
        "KPN.AS": 0.1395524033541266,
        "601398.SS": 0.1190998594394843,
        "6857.T": 0.05,
        "9432.T": 0.0694144287047585,
        "9434.T": 0.119071451851347,
        "0857.HK": 0.05,
        "1088.HK": 0.05,
        "6288.HK": 0.0226687632635541
    }
}