{
    "portfolio_865": {
        "TMUS": 0.05,
        "TLK": 0.0545258895345887,
        "IESC": 0.05,
        "SAF.PA": 0.05,
        "TTE.PA": 0.05,
        "SKFA.F": 0.05,
        "AD.AS": 0.0672752611052516,
        "KPN.AS": 0.1371861840080671,
        "600900.SS": 0.0441766965221308,
        "601398.SS": 0.1500218230011885,
        "2914.T": 0.0492425445417648,
        "9432.T": 0.0734095025426118,
        "9434.T": 0.0919452439269514,
        "0941.HK": 0.0563209698923861,
        "6288.HK": 0.025895884925059
    }
}