{
    "portfolio_177": {
        "PEP": 0.0788913376637943,
        "PKX": 0.01,
        "TLK": 0.0885901968884906,
        "CS.PA": 0.01,
        "ULVR.L": 0.0458181460774758,
        "AD.AS": 0.0673641620194307,
        "KPN.AS": 0.1666250586813505,
        "600519.SS": 0.0444398433406078,
        "601398.SS": 0.1816801102765982,
        "7974.T": 0.0254084894019493,
        "8058.T": 0.01,
        "9432.T": 0.0820451399848628,
        "9434.T": 0.141130480081776,
        "1088.HK": 0.01,
        "6288.HK": 0.038007035583664
    }
}