{
    "portfolio_845": {
        "TLK": 0.0812978833475,
        "RYTM": 0.05,
        "QF9.F": 0.0055802099318164,
        "AZN.L": 0.05,
        "ULVR.L": 0.0377480577832192,
        "AD.AS": 0.0795728225480068,
        "KPN.AS": 0.1664796159005934,
        "601088.SS": 0.05,
        "601398.SS": 0.1493755610476632,
        "2914.T": 0.0511135169879866,
        "8031.T": 0.05,
        "9433.T": 0.0502326948123071,
        "9434.T": 0.1041044820583459,
        "1088.HK": 0.05,
        "6288.HK": 0.0244951555825614
    }
}