{
    "portfolio_735": {
        "KT": 0.0519254897397747,
        "TLK": 0.0796344576339419,
        "RYTM": 0.01,
        "PJXC.F": 0.01,
        "0TDD.L": 0.01,
        "ULVR.L": 0.0587299070120347,
        "AD.AS": 0.0816352095638849,
        "KPN.AS": 0.1769344750642157,
        "600028.SS": 0.01,
        "601398.SS": 0.1722523507989725,
        "2914.T": 0.0621373306703238,
        "9432.T": 0.0848812175536528,
        "9434.T": 0.125715040124381,
        "0941.HK": 0.0234555518137246,
        "6288.HK": 0.0426989700250933
    }
}