{
    "portfolio_589": {
        "PEP": 0.0414009615141049,
        "TLK": 0.0959542859305057,
        "IESC": 0.0161496883699086,
        "SKFA.F": 0.05,
        "ULVR.L": 0.0309651749873465,
        "AD.AS": 0.0625285229710516,
        "KPN.AS": 0.1468221551235468,
        "WKL.AS": 0.05,
        "600519.SS": 0.0399172791799464,
        "601398.SS": 0.153583885839631,
        "2914.T": 0.039728049818006,
        "4063.T": 0.05,
        "9433.T": 0.079162056593965,
        "9434.T": 0.0937879396719874,
        "0857.HK": 0.05
    }
}