{
    "portfolio_481": {
        "PEP": 0.0808450588344679,
        "TLK": 0.0892424740276286,
        "BPE.F": 0.013700138574665,
        "ULVR.L": 0.0438748342994939,
        "AD.AS": 0.0708622176938376,
        "KPN.AS": 0.1667179575589657,
        "600519.SS": 0.0461378509789003,
        "601398.SS": 0.1851571632438886,
        "4063.T": 0.0160341073757502,
        "4568.T": 0.01,
        "9432.T": 0.0835274119831891,
        "9434.T": 0.1396177857590782,
        "9983.T": 0.01,
        "3988.HK": 0.01,
        "6288.HK": 0.0342829996701348
    }
}