{
    "portfolio_802": {
        "PEP": 0.079500125590601,
        "TLK": 0.0870639516254182,
        "AXSM": 0.01,
        "AI.PA": 0.01,
        "BPE5.F": 0.01,
        "0TDD.L": 0.01,
        "AD.AS": 0.0698587969813628,
        "KPN.AS": 0.1692692776795164,
        "600519.SS": 0.0473274431043878,
        "601398.SS": 0.18633499119475,
        "601939.SS": 0.01,
        "2914.T": 0.0616252162152423,
        "9432.T": 0.0791203386616194,
        "9434.T": 0.1297078747373894,
        "6288.HK": 0.0401919842097127
    }
}