{
    "portfolio_437": {
        "CRESY": 0.05,
        "TEO": 0.05,
        "TLK": 0.0401285370575199,
        "SAN.PA": 0.0245903398380935,
        "ULVR.L": 0.0934470169649211,
        "AD.AS": 0.0562664464611766,
        "ASM.AS": 0.05,
        "KPN.AS": 0.1318851522468164,
        "600941.SS": 0.05,
        "601398.SS": 0.1243953130088374,
        "2914.T": 0.0614556512092794,
        "9433.T": 0.0717610065697766,
        "9434.T": 0.1238443767852674,
        "0857.HK": 0.05,
        "6288.HK": 0.0222261598583115
    }
}