{
    "portfolio_166": {
        "PEP": 0.0423466241553805,
        "PKX": 0.05,
        "TLK": 0.0480016265129952,
        "APPF": 0.05,
        "TTE.PA": 0.05,
        "ULVR.L": 0.0479068118227852,
        "AD.AS": 0.0593771257364057,
        "KPN.AS": 0.1473404157465186,
        "600900.SS": 0.0479185543307996,
        "601398.SS": 0.1512762164401628,
        "2914.T": 0.04947488927575,
        "4519.T": 0.05,
        "9432.T": 0.0483036278842722,
        "9434.T": 0.1080541080949301,
        "6288.HK": 0.05
    }
}