{
    "portfolio_138": {
        "PEP": 0.0643580272889403,
        "TLK": 0.0783548382038115,
        "DG.PA": 0.05,
        "SKFA.F": 0.05,
        "0TDD.L": 0.05,
        "SHEL.L": 0.05,
        "AD.AS": 0.0510809051248063,
        "KPN.AS": 0.1241790732138076,
        "600900.SS": 0.0490143045223354,
        "601398.SS": 0.1472863522368346,
        "2914.T": 0.0466951363328784,
        "9432.T": 0.0504226506662324,
        "9433.T": 0.0539407814208897,
        "9434.T": 0.0846679309894637,
        "0728.HK": 0.05
    }
}