{
    "portfolio_690": {
        "PEP": 0.0831762987346594,
        "TLK": 0.0998921861062605,
        "2B5.F": 0.01,
        "8GC.F": 0.01,
        "SKFA.F": 0.01,
        "ULVR.L": 0.0506306096231346,
        "AD.AS": 0.069797666385984,
        "KPN.AS": 0.1507784899234043,
        "601398.SS": 0.164024573407362,
        "2914.T": 0.0778504943590028,
        "9433.T": 0.0584227559783679,
        "9434.T": 0.1012048419983832,
        "0857.HK": 0.0138779641733098,
        "0941.HK": 0.0613554619482043,
        "6288.HK": 0.0389886573619272
    }
}