{
    "portfolio_666": {
        "PEP": 0.0657659430602883,
        "TLK": 0.104835725932638,
        "OL5.F": 0.01,
        "SKFA.F": 0.01,
        "ULVR.L": 0.0579885685970731,
        "AD.AS": 0.0779839650433935,
        "KPN.AS": 0.150309930615884,
        "REN.AS": 0.01,
        "601398.SS": 0.1638692049394214,
        "2914.T": 0.074395944731058,
        "4063.T": 0.01,
        "7974.T": 0.0215274036564624,
        "9434.T": 0.1441068044320484,
        "0941.HK": 0.0649960694485813,
        "6288.HK": 0.0342204395431516
    }
}