{
    "portfolio_217": {
        "PEP": 0.0621346269416375,
        "TLK": 0.091509152752743,
        "LNTH": 0.01,
        "0YXG.L": 0.01,
        "ULVR.L": 0.0497831168288694,
        "AD.AS": 0.0699630195519608,
        "KPN.AS": 0.1662811892009435,
        "600028.SS": 0.01,
        "600519.SS": 0.0391701267013573,
        "601088.SS": 0.01,
        "601398.SS": 0.1599468919888294,
        "2914.T": 0.0798900759440752,
        "9434.T": 0.1803921425239132,
        "0857.HK": 0.0219788291825075,
        "6288.HK": 0.0389508283831632
    }
}