{
    "portfolio_492": {
        "TMUS": 0.05,
        "TLK": 0.0450821022071259,
        "RYTM": 0.05,
        "AI.PA": 0.05,
        "TTE.PA": 0.05,
        "ULVR.L": 0.0477571966545013,
        "AD.AS": 0.0590091687496792,
        "KPN.AS": 0.1404023640435353,
        "600900.SS": 0.0519277663957095,
        "601138.SS": 0.0186198703070948,
        "601398.SS": 0.1760053375369206,
        "8058.T": 0.05,
        "9432.T": 0.0677269489123772,
        "9434.T": 0.117829065673677,
        "6288.HK": 0.0256401795193791
    }
}