{
    "portfolio_745": {
        "EC": 0.05,
        "TLK": 0.0631189181485587,
        "APPF": 0.05,
        "0K9E.L": 0.05,
        "ULVR.L": 0.0603725939409049,
        "AD.AS": 0.0636853895387947,
        "KPN.AS": 0.1248161579125393,
        "600900.SS": 0.0451879356700804,
        "601138.SS": 0.05,
        "601398.SS": 0.1518043923658699,
        "2914.T": 0.0646579238041273,
        "7974.T": 0.05,
        "9433.T": 0.0396302548823917,
        "9434.T": 0.113281475160395,
        "6288.HK": 0.0234449585763377
    }
}