{
    "portfolio_854": {
        "PEP": 0.0731649229179566,
        "TLK": 0.0857094373552365,
        "RYTM": 0.01,
        "0YXG.L": 0.01,
        "AD.AS": 0.0736292762059858,
        "KPN.AS": 0.1771596555359828,
        "REN.AS": 0.01,
        "600028.SS": 0.0189938875407651,
        "600519.SS": 0.0455754947648838,
        "601398.SS": 0.1725358680804068,
        "2914.T": 0.0669374682972023,
        "9432.T": 0.0715731438662189,
        "9434.T": 0.1314566172756855,
        "1288.HK": 0.0137043861289551,
        "6288.HK": 0.0395598420307212
    }
}