{
    "portfolio_328": {
        "PEP": 0.0496896158395454,
        "TLK": 0.0842116946036766,
        "AXSM": 0.05,
        "DG.PA": 0.05,
        "ULVR.L": 0.0526586185842804,
        "AD.AS": 0.0336645599537868,
        "KPN.AS": 0.1301730270343908,
        "WKL.AS": 0.05,
        "601398.SS": 0.123276010722452,
        "601857.SS": 0.05,
        "2914.T": 0.0599444981377152,
        "9432.T": 0.0934044934886465,
        "9434.T": 0.0916394267762424,
        "0883.HK": 0.05,
        "6288.HK": 0.0313380548592637
    }
}