{
    "portfolio_749": {
        "BSAC": 0.05,
        "TLK": 0.0386143604312179,
        "ADMA": 0.05,
        "0YXG.L": 0.05,
        "SHEL.L": 0.05,
        "ULVR.L": 0.061966647992234,
        "AD.AS": 0.0591718481174717,
        "KPN.AS": 0.1303274636061827,
        "600900.SS": 0.0361160032555941,
        "601398.SS": 0.1278212424334843,
        "2914.T": 0.0657564440673181,
        "9432.T": 0.0736697170593816,
        "9434.T": 0.121395164796414,
        "0941.HK": 0.0351611082407014,
        "6288.HK": 0.05
    }
}