{
    "portfolio_292": {
        "PEP": 0.0816399545160784,
        "TLK": 0.0876740764086531,
        "8GC.F": 0.01,
        "ULVR.L": 0.0474547699207524,
        "AD.AS": 0.0696604220497823,
        "KPN.AS": 0.1699986392651276,
        "600519.SS": 0.0461804532620568,
        "600941.SS": 0.01,
        "601398.SS": 0.1711188113813545,
        "6857.T": 0.01,
        "9432.T": 0.0927506361764695,
        "9434.T": 0.1456487879256877,
        "0386.HK": 0.01,
        "1288.HK": 0.01,
        "6288.HK": 0.0378734490940379
    }
}