{
    "portfolio_222": {
        "PEP": 0.0561926061591633,
        "BCH": 0.05,
        "PKX": 0.05,
        "TLK": 0.0497657442309892,
        "DG.PA": 0.05,
        "SAN.PA": 0.021670161436978,
        "ULVR.L": 0.0343400020196516,
        "AD.AS": 0.0461659242492905,
        "KPN.AS": 0.1368592696565747,
        "600519.SS": 0.0253154119531844,
        "601398.SS": 0.1816779010318401,
        "4063.T": 0.05,
        "9432.T": 0.0871678273682317,
        "9434.T": 0.1108451518940962,
        "9983.T": 0.05
    }
}