{
    "portfolio_790": {
        "AVGO": 0.01,
        "PEP": 0.0720970793012139,
        "TLK": 0.0858035691986228,
        "VERX": 0.01,
        "0YXG.L": 0.01,
        "AD.AS": 0.0719327192548921,
        "KPN.AS": 0.1825605593182434,
        "600519.SS": 0.0478992804931331,
        "601088.SS": 0.01,
        "601398.SS": 0.164122542811546,
        "601857.SS": 0.0155722727936215,
        "2914.T": 0.0668410155724385,
        "9432.T": 0.0733730810769349,
        "9434.T": 0.137823274230696,
        "6288.HK": 0.041974605948658
    }
}