{
    "portfolio_82": {
        "PEP": 0.0652182441333818,
        "TGS": 0.05,
        "TLK": 0.0611558348198182,
        "RICO.L": 0.0243784815162412,
        "SHEL.L": 0.05,
        "ULVR.L": 0.0639829061660498,
        "AD.AS": 0.072316003478318,
        "KPN.AS": 0.1319402281277952,
        "601328.SS": 0.05,
        "601398.SS": 0.1210239452817864,
        "2914.T": 0.0526674979408267,
        "9433.T": 0.0583369650362123,
        "9434.T": 0.1160727086459458,
        "0883.HK": 0.05,
        "6288.HK": 0.0329071848536245
    }
}