{
    "portfolio_68": {
        "PEP": 0.0701191251215557,
        "TEO": 0.01,
        "TLK": 0.0832792546212111,
        "SHEL.L": 0.0341275306198615,
        "ULVR.L": 0.0553278707412143,
        "AD.AS": 0.0668408018672293,
        "KPN.AS": 0.1427152221340991,
        "600900.SS": 0.0587503450544031,
        "601288.SS": 0.0143137316204585,
        "601398.SS": 0.1433204452321577,
        "601728.SS": 0.0167682620125869,
        "2914.T": 0.0817279249125981,
        "9433.T": 0.0587463922072769,
        "9434.T": 0.1229213595513781,
        "6288.HK": 0.0410417343039695
    }
}