{
    "portfolio_486": {
        "PEP": 0.0578357428148776,
        "TLK": 0.0651900853651892,
        "ADMA": 0.05,
        "ULVR.L": 0.0657573851493262,
        "AD.AS": 0.0628193420602884,
        "KPN.AS": 0.1311105169240963,
        "SHELL.AS": 0.05,
        "600519.SS": 0.024721618041146,
        "601088.SS": 0.05,
        "601398.SS": 0.1328992515645343,
        "8031.T": 0.05,
        "8058.T": 0.05,
        "9432.T": 0.0640441215582404,
        "9434.T": 0.1148958205650684,
        "6288.HK": 0.0307261159572328
    }
}