{
    "portfolio_53": {
        "PEP": 0.0737840931210155,
        "TLK": 0.0906633859689384,
        "CS.PA": 0.01,
        "SHEL.L": 0.0180974071299318,
        "TTE.L": 0.01,
        "ULVR.L": 0.0488718526249921,
        "AD.AS": 0.0689741619955061,
        "KPN.AS": 0.1548463687147989,
        "600519.SS": 0.038852287990533,
        "601398.SS": 0.1636064013870642,
        "601988.SS": 0.01,
        "2914.T": 0.077316058083703,
        "9434.T": 0.1744323835806488,
        "0857.HK": 0.0227842819043501,
        "6288.HK": 0.037771317498518
    }
}