{
    "portfolio_827": {
        "PEP": 0.0582442569202081,
        "EC": 0.05,
        "TLK": 0.0471061256407816,
        "IESC": 0.05,
        "ULVR.L": 0.0545377942617036,
        "AD.AS": 0.0689382677679572,
        "KPN.AS": 0.1276185858294047,
        "SHELL.AS": 0.05,
        "600519.SS": 0.0310560908884572,
        "601398.SS": 0.1691646309291173,
        "8001.T": 0.05,
        "9433.T": 0.0635198706320301,
        "9434.T": 0.1086870354073062,
        "1088.HK": 0.05,
        "6288.HK": 0.0211273417230336
    }
}