{
    "portfolio_115": {
        "PEP": 0.0561813402971643,
        "TLK": 0.0523467168050473,
        "VERX": 0.05,
        "0YXG.L": 0.05,
        "TTE.L": 0.05,
        "ULVR.L": 0.0677998788243287,
        "AD.AS": 0.0425157326265532,
        "KPN.AS": 0.1458018946037144,
        "SHELL.AS": 0.05,
        "600028.SS": 0.05,
        "600900.SS": 0.061947501609569,
        "601398.SS": 0.0864700867228003,
        "2914.T": 0.0920220903409746,
        "9433.T": 0.1075372675941847,
        "6288.HK": 0.0373774905756632
    }
}