{
    "portfolio_413": {
        "PEP": 0.0752130556103569,
        "TLK": 0.0990764803091005,
        "ULVR.L": 0.0546172907866554,
        "AD.AS": 0.0686676687280563,
        "KPN.AS": 0.1529483096849099,
        "600519.SS": 0.0320502979237467,
        "601398.SS": 0.077062415442046,
        "601988.SS": 0.05,
        "2914.T": 0.05,
        "8031.T": 0.05,
        "9433.T": 0.0582066373725965,
        "9434.T": 0.106882898754902,
        "0728.HK": 0.05,
        "0857.HK": 0.05,
        "6288.HK": 0.0252749453876298
    }
}