{
    "portfolio_73": {
        "PEP": 0.1215582763766682,
        "EC": 0.0480971919564816,
        "ADMA": 0.01,
        "APPF": 0.0435658088628126,
        "4AH1.F": 0.0106077921553904,
        "LFU2.F": 0.01,
        "0YXG.L": 0.01,
        "ULVR.L": 0.1081009798765402,
        "KPN.AS": 0.0991357174797715,
        "601288.SS": 0.1239544296601074,
        "601728.SS": 0.0563482454576084,
        "7974.T": 0.2259734780456327,
        "9433.T": 0.1126580801289872,
        "0883.HK": 0.01,
        "1088.HK": 0.01
    }
}