{
    "portfolio_191": {
        "PEP": 0.0854033691003405,
        "TLK": 0.0716270367343223,
        "ADMA": 0.0102505349731494,
        "WK0.F": 0.01,
        "HSBA.L": 0.01,
        "TYT.L": 0.0435663561425582,
        "ULVR.L": 0.047774970289267,
        "AD.AS": 0.0552111726063336,
        "KPN.AS": 0.1890225811282578,
        "600519.SS": 0.0549673236412312,
        "601328.SS": 0.01,
        "601398.SS": 0.1491639336105099,
        "2914.T": 0.0587428840349441,
        "9432.T": 0.0776525800349257,
        "9434.T": 0.1266172577041606
    }
}