{
    "portfolio_432": {
        "PEP": 0.0620591901042122,
        "PKX": 0.05,
        "TLK": 0.0737359941241368,
        "SAN.PA": 0.0329574046570551,
        "ULVR.L": 0.0502922759923483,
        "AD.AS": 0.0528054755559554,
        "KPN.AS": 0.1462408069662676,
        "600028.SS": 0.05,
        "601288.SS": 0.05,
        "601398.SS": 0.0807777138713604,
        "601728.SS": 0.05,
        "2914.T": 0.0624057148962281,
        "9432.T": 0.0781771692404135,
        "9434.T": 0.1241351146445974,
        "6288.HK": 0.0364131399474252
    }
}