{
    "portfolio_52": {
        "PEP": 0.0458776235143525,
        "TLK": 0.0637666858069654,
        "LNTH": 0.05,
        "SKFA.F": 0.05,
        "SHEL.L": 0.0273405448409826,
        "ULVR.L": 0.0466826107074854,
        "AD.AS": 0.0612293345096122,
        "KPN.AS": 0.1569420182218372,
        "600900.SS": 0.0555494810211861,
        "601288.SS": 0.1167469079785173,
        "2914.T": 0.05,
        "9433.T": 0.0682061995174697,
        "9434.T": 0.0984725501273705,
        "9983.T": 0.05,
        "0941.HK": 0.0591860437542211
    }
}