{
    "portfolio_128": {
        "PEP": 0.0756157231479174,
        "TLK": 0.0861869829551298,
        "CS.PA": 0.01,
        "SKFA.F": 0.01,
        "ULVR.L": 0.0448061678623648,
        "AD.AS": 0.0683999643413096,
        "KPN.AS": 0.1508328252343005,
        "SHELL.AS": 0.0229981293683704,
        "600519.SS": 0.0355078897340632,
        "601398.SS": 0.1589307551159441,
        "2914.T": 0.0589379263106239,
        "9432.T": 0.0702383552910491,
        "9434.T": 0.1187068313435806,
        "0941.HK": 0.0550518980702884,
        "6288.HK": 0.0337865512250582
    }
}