{
    "portfolio_121": {
        "PEP": 0.0602949865665772,
        "TGS": 0.05,
        "TLK": 0.0647552023101986,
        "DG.PA": 0.05,
        "SAN.PA": 0.0229094564621415,
        "ULVR.L": 0.0465628393037846,
        "AD.AS": 0.0639740107358529,
        "KPN.AS": 0.1308313676327314,
        "601398.SS": 0.1330727711775583,
        "8058.T": 0.05,
        "9432.T": 0.0652533371443726,
        "9434.T": 0.1322982935451005,
        "1088.HK": 0.05,
        "3988.HK": 0.05,
        "6288.HK": 0.0300477351216821
    }
}