{
    "portfolio_63": {
        "PEP": 0.0782999213873833,
        "TLK": 0.0865982579541626,
        "SKFA.F": 0.05,
        "AD.AS": 0.0671205296099524,
        "INGA.AS": 0.05,
        "KPN.AS": 0.1486226846580451,
        "600900.SS": 0.0331546522665402,
        "601398.SS": 0.1191615122472518,
        "601899.SS": 0.05,
        "6857.T": 0.05,
        "9432.T": 0.087143048650028,
        "9433.T": 0.0423810109734904,
        "9434.T": 0.0699858749057371,
        "3988.HK": 0.05,
        "6288.HK": 0.0175325073474091
    }
}