{
    "portfolio_529": {
        "PEP": 0.0766216342395052,
        "TLK": 0.0944621267348854,
        "SHEL.L": 0.0263922092745865,
        "ULVR.L": 0.0534240394914408,
        "AD.AS": 0.0720411684833007,
        "KPN.AS": 0.1499436873756866,
        "600519.SS": 0.0366083279448548,
        "600941.SS": 0.05,
        "601088.SS": 0.05,
        "601328.SS": 0.05,
        "601398.SS": 0.0770697048699035,
        "8031.T": 0.05,
        "9433.T": 0.0721068053730985,
        "9434.T": 0.1134378633211008,
        "6288.HK": 0.027892432891637
    }
}