{
    "portfolio_566": {
        "AVGO": 0.05,
        "TLK": 0.0432931740605667,
        "RYTM": 0.05,
        "SHEL.L": 0.0231175780578054,
        "AD.AS": 0.0514863507162448,
        "CCEP.AS": 0.05,
        "KPN.AS": 0.1625824478029703,
        "REN.AS": 0.05,
        "601328.SS": 0.05,
        "601398.SS": 0.1449455968670732,
        "2914.T": 0.0855452578174244,
        "9432.T": 0.0624365658178105,
        "9434.T": 0.1024575320483876,
        "0941.HK": 0.046634819881816,
        "6288.HK": 0.027500676929901
    }
}