{
    "portfolio_50": {
        "PEP": 0.0588020997462365,
        "TLK": 0.0759186254331318,
        "VERX": 0.05,
        "DG.PA": 0.05,
        "ULVR.L": 0.0415524394146798,
        "AD.AS": 0.0471348860906084,
        "KPN.AS": 0.1624348835586348,
        "600519.SS": 0.0423651838255739,
        "601088.SS": 0.05,
        "601328.SS": 0.05,
        "601398.SS": 0.0957319260292176,
        "8058.T": 0.05,
        "9433.T": 0.0831550890090761,
        "9434.T": 0.1176976742419334,
        "6288.HK": 0.025207192650907
    }
}