{
    "portfolio_210": {
        "TLK": 0.0679266834239658,
        "RYTM": 0.05,
        "QF9.F": 0.0062144930037201,
        "0YXG.L": 0.05,
        "RICO.L": 0.0259345727530732,
        "ULVR.L": 0.0535021001270037,
        "AD.AS": 0.0670797670680169,
        "KPN.AS": 0.1831930747922609,
        "601398.SS": 0.1412050690165262,
        "2914.T": 0.0526615592036946,
        "8001.T": 0.05,
        "9434.T": 0.1324275358657519,
        "0857.HK": 0.05,
        "0883.HK": 0.05,
        "6288.HK": 0.0198551447459864
    }
}