{
    "portfolio_346": {
        "TLK": 0.0820032219570122,
        "OLLI": 0.05,
        "SAN.PA": 0.0352443590392404,
        "BPE.F": 0.05,
        "ULVR.L": 0.0550092979265966,
        "AD.AS": 0.0757279178817783,
        "KPN.AS": 0.1433201408052986,
        "600900.SS": 0.0471254425539865,
        "601857.SS": 0.05,
        "601939.SS": 0.05,
        "2914.T": 0.0753917412729952,
        "9432.T": 0.0618409841389147,
        "9434.T": 0.1306959933857408,
        "3988.HK": 0.05,
        "6288.HK": 0.043640901038437
    }
}