{
    "portfolio_572": {
        "CRESY": 0.01,
        "PEP": 0.0659623613672102,
        "TLK": 0.0840333603456477,
        "ADMA": 0.01,
        "SHEL.L": 0.0318291019301787,
        "ULVR.L": 0.0590344025708723,
        "AD.AS": 0.0722109231921564,
        "KPN.AS": 0.1438559008574789,
        "600028.SS": 0.01,
        "601398.SS": 0.1616043954854941,
        "2914.T": 0.0812912786396967,
        "7974.T": 0.0265253121588526,
        "9434.T": 0.152817134560408,
        "0941.HK": 0.0544447264401522,
        "6288.HK": 0.036391102451852
    }
}