{
    "portfolio_395": {
        "PEP": 0.0611687847891428,
        "TLK": 0.070079628476236,
        "ADMA": 0.05,
        "SHEL.L": 0.0280048468986475,
        "ULVR.L": 0.0619405826487987,
        "AD.AS": 0.069155147232683,
        "KPN.AS": 0.135627063397983,
        "601398.SS": 0.1102948680313639,
        "2914.T": 0.05,
        "7974.T": 0.05,
        "9432.T": 0.0595089279752844,
        "9434.T": 0.1214513472449066,
        "0386.HK": 0.05,
        "1288.HK": 0.05,
        "6288.HK": 0.0327688033049538
    }
}