{
    "portfolio_174": {
        "PEP": 0.07479037212113,
        "TLK": 0.0545854237379533,
        "SAF.PA": 0.05,
        "8GC.F": 0.05,
        "HSBA.L": 0.05,
        "ULVR.L": 0.0465530139685346,
        "AD.AS": 0.0487078538324478,
        "KPN.AS": 0.1360244381033285,
        "600941.SS": 0.05,
        "601398.SS": 0.151199662257749,
        "2914.T": 0.047265253471055,
        "4519.T": 0.05,
        "9432.T": 0.0623405445138672,
        "9434.T": 0.092803289027004,
        "6288.HK": 0.03573014896693
    }
}