{
    "portfolio_392": {
        "PEP": 0.0723711623915755,
        "TLK": 0.0902070797754425,
        "0TDD.L": 0.01,
        "HSBA.L": 0.01,
        "ULVR.L": 0.0419566727044778,
        "AD.AS": 0.0634239062665713,
        "CCEP.AS": 0.01,
        "KPN.AS": 0.1613255931825344,
        "600519.SS": 0.0400416322368427,
        "601398.SS": 0.1687102544923259,
        "2914.T": 0.0632936041167845,
        "9432.T": 0.0703317030737684,
        "9434.T": 0.1343081438066723,
        "0857.HK": 0.0262985304411011,
        "6288.HK": 0.0377317175119037
    }
}