{
    "portfolio_97": {
        "PEP": 0.0533436994063471,
        "PKX": 0.05,
        "TLK": 0.0696616771409731,
        "SHEL.L": 0.021801515737533,
        "ULVR.L": 0.0454291605257013,
        "AD.AS": 0.049956188945629,
        "KPN.AS": 0.1385789045865867,
        "REN.AS": 0.05,
        "600900.SS": 0.0409074601705259,
        "601398.SS": 0.1471838482673101,
        "2914.T": 0.0678360264647654,
        "9432.T": 0.0722334572672776,
        "9434.T": 0.108446853102628,
        "0728.HK": 0.05,
        "6288.HK": 0.0346212083847229
    }
}