{
    "portfolio_387": {
        "PEP": 0.0782393132132179,
        "BCH": 0.05,
        "TLK": 0.0697675737981231,
        "SHEL.L": 0.05,
        "ULVR.L": 0.0500076769762314,
        "AD.AS": 0.0649560673897414,
        "KPN.AS": 0.1346627765115698,
        "600519.SS": 0.0259291680888627,
        "601398.SS": 0.1521195252584804,
        "4063.T": 0.05,
        "4519.T": 0.05,
        "9433.T": 0.0616180863817914,
        "9434.T": 0.0914298380012272,
        "0883.HK": 0.05,
        "6288.HK": 0.0212699743807543
    }
}