{
    "portfolio_987": {
        "PEP": 0.0761362027950312,
        "TLK": 0.0849555623896333,
        "AXSM": 0.01,
        "SKFA.F": 0.01,
        "0TDD.L": 0.01,
        "ULVR.L": 0.047377198758485,
        "AD.AS": 0.0642015669282532,
        "KPN.AS": 0.1562513930965944,
        "SHELL.AS": 0.0263575455861967,
        "600519.SS": 0.0434072229521788,
        "601398.SS": 0.1832834156825632,
        "9432.T": 0.0996795032508192,
        "9434.T": 0.1384006891009561,
        "1288.HK": 0.0136696528211707,
        "6288.HK": 0.0362800466381181
    }
}