{
    "portfolio_83": {
        "PEP": 0.0928301666987532,
        "TLK": 0.0371505946570757,
        "CS.PA": 0.05,
        "TTE.PA": 0.05,
        "BHP.L": 0.05,
        "HSBA.L": 0.05,
        "SHEL.L": 0.05,
        "ULVR.L": 0.043012224344904,
        "AD.AS": 0.042763622071276,
        "KPN.AS": 0.1048431475345412,
        "600900.SS": 0.0422337098262112,
        "601398.SS": 0.1497705609103313,
        "9432.T": 0.0970764401566177,
        "9434.T": 0.1021347974210749,
        "6288.HK": 0.0381847363792144
    }
}