{
    "portfolio_677": {
        "PEP": 0.1004912435444106,
        "TLK": 0.0736943816836871,
        "WK0.F": 0.01,
        "SHEL.L": 0.034083182276697,
        "AD.AS": 0.0696200410363899,
        "KPN.AS": 0.1787783836244722,
        "REN.AS": 0.01,
        "600519.SS": 0.0531991874836541,
        "601288.SS": 0.0350183160019661,
        "601398.SS": 0.1089484414238044,
        "2914.T": 0.0836692206115915,
        "6857.T": 0.01,
        "9433.T": 0.0712601721920106,
        "9434.T": 0.1105021675594393,
        "0941.HK": 0.0507352625618772
    }
}