{
    "portfolio_879": {
        "KT": 0.0623291895567906,
        "TLK": 0.0871143946248977,
        "OL5.F": 0.01,
        "PJXC.F": 0.01,
        "ULVR.L": 0.0704811890934078,
        "AD.AS": 0.0880000026579444,
        "KPN.AS": 0.1689024488558774,
        "601398.SS": 0.175117865521267,
        "2914.T": 0.0526090216986923,
        "4063.T": 0.01,
        "6857.T": 0.01,
        "9432.T": 0.0737576551480073,
        "9434.T": 0.1290659231044815,
        "0883.HK": 0.01,
        "6288.HK": 0.042622309738634
    }
}