{
    "portfolio_932": {
        "AAPL": 0.05,
        "MSFT": 0.05,
        "HMC": 0.05,
        "RDNT": 0.05,
        "SAN.PA": 0.0315024436971948,
        "SHEL.L": 0.0344860413335774,
        "ULVR.L": 0.0503896833378055,
        "AD.AS": 0.0440911798168158,
        "KPN.AS": 0.1542006560326261,
        "601398.SS": 0.1484931812661551,
        "2914.T": 0.0598350606145328,
        "9432.T": 0.0552714020859826,
        "9434.T": 0.1313067511445788,
        "3988.HK": 0.05,
        "6288.HK": 0.0404236006707309
    }
}