{
    "portfolio_841": {
        "PEP": 0.1028169022780591,
        "TLK": 0.0678280506076967,
        "WK0.F": 0.01,
        "0YXG.L": 0.01,
        "SHEL.L": 0.0308142966888146,
        "AD.AS": 0.0653369428281522,
        "KPN.AS": 0.1959159192385058,
        "600519.SS": 0.0575558027287631,
        "601398.SS": 0.1621356177875284,
        "2914.T": 0.0696308251427657,
        "4519.T": 0.01,
        "8031.T": 0.01,
        "9432.T": 0.0753140761023499,
        "9434.T": 0.1226515665973644,
        "9983.T": 0.01
    }
}