{
    "portfolio_778": {
        "ASML": 0.05,
        "TLK": 0.0654718367802441,
        "AZN.L": 0.05,
        "RICO.L": 0.05,
        "ULVR.L": 0.0347494676428929,
        "AD.AS": 0.0581116760753262,
        "INGA.AS": 0.05,
        "KPN.AS": 0.1594631744704508,
        "601398.SS": 0.1184119028904448,
        "601988.SS": 0.05,
        "2914.T": 0.0584179638447756,
        "9432.T": 0.0602400601556068,
        "9434.T": 0.1151944271708241,
        "0941.HK": 0.045476544818173,
        "6288.HK": 0.0344629461512613
    }
}