{
    "portfolio_301": {
        "AVGO": 0.0133117594342021,
        "PEP": 0.0629877407500395,
        "TLK": 0.0948803556752361,
        "0TDD.L": 0.01,
        "ULVR.L": 0.045628416973177,
        "AD.AS": 0.0715421663231174,
        "KPN.AS": 0.1583309882268775,
        "600519.SS": 0.04150616682552,
        "600941.SS": 0.01,
        "601398.SS": 0.1749421108349496,
        "2914.T": 0.0711253686852781,
        "9433.T": 0.0622628493221199,
        "9434.T": 0.1314707567428102,
        "0883.HK": 0.0139637079440865,
        "6288.HK": 0.038047612262586
    }
}