{
    "portfolio_144": {
        "PEP": 0.0554835694375071,
        "TLK": 0.0751057679690743,
        "ADMA": 0.05,
        "SAN.PA": 0.0299015256548183,
        "ULVR.L": 0.0622810091640064,
        "AD.AS": 0.0655163596432719,
        "KPN.AS": 0.1391557584967838,
        "601088.SS": 0.05,
        "601939.SS": 0.0544028947965804,
        "2914.T": 0.062034087874857,
        "9432.T": 0.067061038563318,
        "9434.T": 0.1493543758483839,
        "0728.HK": 0.05,
        "0857.HK": 0.05,
        "6288.HK": 0.0397036125513991
    }
}