{
    "portfolio_9": {
        "PEP": 0.0483013146961418,
        "PKX": 0.05,
        "TLK": 0.0593152348885023,
        "AXSM": 0.05,
        "0TDD.L": 0.05,
        "ULVR.L": 0.0564008398496132,
        "AD.AS": 0.0400723515040111,
        "KPN.AS": 0.1199008953317915,
        "SHELL.AS": 0.05,
        "601398.SS": 0.1637940269575282,
        "2914.T": 0.0439813664474518,
        "9432.T": 0.1065259198803573,
        "9434.T": 0.0862833503966382,
        "1088.HK": 0.05,
        "6288.HK": 0.0254247000479641
    }
}