{
    "portfolio_109": {
        "PEP": 0.0498438939685376,
        "TEO": 0.05,
        "TLK": 0.0561467771755759,
        "0YXG.L": 0.05,
        "ULVR.L": 0.0486895713983821,
        "AD.AS": 0.0639655555777274,
        "KPN.AS": 0.1461733895061134,
        "600900.SS": 0.0521453245685804,
        "601398.SS": 0.1378192340490334,
        "2914.T": 0.0521523241374214,
        "9432.T": 0.0720531072921914,
        "9434.T": 0.092409949669151,
        "9983.T": 0.05,
        "0941.HK": 0.0286008726572857,
        "6288.HK": 0.05
    }
}