{
    "portfolio_665": {
        "AVGO": 0.05,
        "PEP": 0.0327355246660194,
        "CIB": 0.05,
        "TLK": 0.0647363334003036,
        "CS.PA": 0.05,
        "ULVR.L": 0.0516731556799614,
        "AD.AS": 0.0538458947834478,
        "KPN.AS": 0.1368816222841016,
        "600900.SS": 0.0415226880274437,
        "601398.SS": 0.1291815115475075,
        "2914.T": 0.0757116775680841,
        "9433.T": 0.0501967708278771,
        "9434.T": 0.1267365530184548,
        "0883.HK": 0.05,
        "6288.HK": 0.036778268196799
    }
}