{
    "portfolio_110": {
        "PEP": 0.0566306874804779,
        "TLK": 0.0617278735579109,
        "IESC": 0.05,
        "0TDD.L": 0.05,
        "HSBA.L": 0.05,
        "ULVR.L": 0.0308728359231234,
        "AD.AS": 0.0505456481175705,
        "KPN.AS": 0.1561884625144434,
        "600519.SS": 0.031193687214863,
        "601398.SS": 0.1415152811022703,
        "601857.SS": 0.05,
        "2914.T": 0.0599415018694934,
        "9432.T": 0.0820341966397832,
        "9434.T": 0.0981632794452047,
        "6288.HK": 0.0311865461348592
    }
}