{
    "portfolio_845": {
        "PEP": 0.0764675140730378,
        "TLK": 0.0915248539483563,
        "TTE.PA": 0.01,
        "ULVR.L": 0.047651262115045,
        "AD.AS": 0.0685978471483495,
        "KPN.AS": 0.1625464676735181,
        "600519.SS": 0.0411771643711443,
        "601398.SS": 0.1649862701817327,
        "2914.T": 0.0555926130834473,
        "8031.T": 0.01,
        "9432.T": 0.0682674956245945,
        "9434.T": 0.1346236191773598,
        "0857.HK": 0.0207320887708865,
        "1288.HK": 0.01,
        "6288.HK": 0.0378328038325281
    }
}