{
    "portfolio_17": {
        "META": 0.05,
        "HMC": 0.05,
        "TLK": 0.0480758136939282,
        "CS.PA": 0.05,
        "SHEL.L": 0.0229326870154019,
        "ULVR.L": 0.048955810966579,
        "CCEP.AS": 0.05,
        "KPN.AS": 0.1668579048555283,
        "601288.SS": 0.05,
        "601398.SS": 0.1165248744133461,
        "2914.T": 0.0600884081818056,
        "9432.T": 0.0674966299354698,
        "9434.T": 0.1336984511678396,
        "0941.HK": 0.0483819750317827,
        "6288.HK": 0.0369874447383187
    }
}