{
    "portfolio_62": {
        "PEP": 0.0386818739730802,
        "TLK": 0.0782342643278454,
        "0YXG.L": 0.05,
        "ULVR.L": 0.0407214075527906,
        "AD.AS": 0.0490475435910456,
        "CCEP.AS": 0.05,
        "KPN.AS": 0.1557051399540802,
        "600519.SS": 0.0255361724742169,
        "600941.SS": 0.05,
        "601328.SS": 0.05,
        "601398.SS": 0.1045783650202103,
        "2914.T": 0.067504143986273,
        "9432.T": 0.0721822385284766,
        "9434.T": 0.1178088505919808,
        "6288.HK": 0.05
    }
}