{
    "portfolio_748": {
        "TLK": 0.0592531123042911,
        "ADMA": 0.05,
        "IESC": 0.05,
        "SAN.PA": 0.0278347196917834,
        "ULVR.L": 0.0564782324353122,
        "AD.AS": 0.0652066736785555,
        "KPN.AS": 0.1550229287277996,
        "601398.SS": 0.1376389623609747,
        "2914.T": 0.0398102883122106,
        "4063.T": 0.05,
        "9432.T": 0.0641598102857746,
        "9434.T": 0.1158569735568518,
        "0386.HK": 0.05,
        "0941.HK": 0.05,
        "6288.HK": 0.0287382986464461
    }
}