{
    "portfolio_958": {
        "CRESY": 0.05,
        "TMUS": 0.05,
        "TLK": 0.0583097248840535,
        "SHEL.L": 0.05,
        "ULVR.L": 0.078999712915429,
        "AD.AS": 0.0789287614709523,
        "KPN.AS": 0.1118142912037689,
        "600519.SS": 0.0267598962115457,
        "600941.SS": 0.05,
        "601398.SS": 0.1112390492795251,
        "601857.SS": 0.05,
        "2914.T": 0.0628736702266729,
        "9433.T": 0.0758149834235307,
        "9434.T": 0.1157786923944188,
        "6288.HK": 0.0294812179901028
    }
}