{
    "portfolio_588": {
        "TLK": 0.0685785290033465,
        "ADMA": 0.05,
        "SKFA.F": 0.05,
        "ULVR.L": 0.046098518270953,
        "AD.AS": 0.0579162552407142,
        "CCEP.AS": 0.05,
        "KPN.AS": 0.12719518251203,
        "SHELL.AS": 0.05,
        "601398.SS": 0.1038419310506122,
        "601988.SS": 0.05,
        "2914.T": 0.0481306002153614,
        "9432.T": 0.0851358703131619,
        "9434.T": 0.1267028914226604,
        "0941.HK": 0.0576541962864745,
        "6288.HK": 0.0287460256846857
    }
}