{
    "portfolio_103": {
        "PEP": 0.1103534235065772,
        "TLK": 0.1086477520682858,
        "0DH.F": 0.01,
        "SKFA.F": 0.01,
        "SHEL.L": 0.0414465197547774,
        "AD.AS": 0.0883103906911901,
        "KPN.AS": 0.1429015071263004,
        "600028.SS": 0.01,
        "600519.SS": 0.0625837891587902,
        "601398.SS": 0.1601887400947956,
        "7974.T": 0.0574841488850928,
        "8031.T": 0.01,
        "9433.T": 0.1143114980061676,
        "0941.HK": 0.0637722307080227,
        "1088.HK": 0.01
    }
}