{
    "portfolio_811": {
        "MSFT": 0.05,
        "TLK": 0.060952868856138,
        "OLLI": 0.05,
        "SHEL.L": 0.05,
        "ULVR.L": 0.0410314179465096,
        "AD.AS": 0.0550860216890349,
        "KPN.AS": 0.1489576962831832,
        "REN.AS": 0.05,
        "600519.SS": 0.0320855586783102,
        "601398.SS": 0.126010405189694,
        "601857.SS": 0.05,
        "2914.T": 0.065821905847151,
        "9432.T": 0.0633844033338001,
        "9434.T": 0.1170508727642308,
        "6288.HK": 0.0396188494119482
    }
}