{
    "portfolio_376": {
        "AXSM": 0.05,
        "PRCT": 0.05,
        "RYTM": 0.05,
        "RICO.L": 0.0381026879426353,
        "SHEL.L": 0.027462816764541,
        "ULVR.L": 0.0697589740971556,
        "AD.AS": 0.0536244418582125,
        "KPN.AS": 0.1860686188701974,
        "601088.SS": 0.05,
        "601138.SS": 0.015703916165417,
        "601398.SS": 0.1500415393197178,
        "601988.SS": 0.05,
        "2914.T": 0.0547990529469142,
        "9432.T": 0.0663450198254357,
        "9434.T": 0.0880929322097733
    }
}