{
    "portfolio_141": {
        "PEP": 0.0761754083110214,
        "BCH": 0.01,
        "TLK": 0.0905243884046154,
        "SKFA.F": 0.01,
        "AD.AS": 0.0724656554811704,
        "KPN.AS": 0.1708213674919987,
        "REN.AS": 0.0144351290327335,
        "600519.SS": 0.0481588067019053,
        "601288.SS": 0.0183806854101426,
        "601398.SS": 0.1676931948410078,
        "2914.T": 0.0611246273288791,
        "9432.T": 0.0748175041132816,
        "9434.T": 0.1317308739629447,
        "0728.HK": 0.0148713326582816,
        "6288.HK": 0.0388010262620178
    }
}