{
    "portfolio_750": {
        "PEP": 0.081231805262196,
        "TLK": 0.0931208325871264,
        "ULVR.L": 0.0448979321288703,
        "AD.AS": 0.0695784513598031,
        "KPN.AS": 0.1697997720728519,
        "600519.SS": 0.0423798222356755,
        "601088.SS": 0.01,
        "601398.SS": 0.1560112280946897,
        "4063.T": 0.0175979768818427,
        "8001.T": 0.01,
        "9432.T": 0.0806169292026699,
        "9434.T": 0.1377475666167265,
        "0857.HK": 0.0120163662182227,
        "0941.HK": 0.041209316056673,
        "6288.HK": 0.0337920012826522
    }
}