{
    "portfolio_851": {
        "AVGO": 0.05,
        "TLK": 0.0700885498731845,
        "0YXG.L": 0.05,
        "ULVR.L": 0.0464220821419609,
        "AD.AS": 0.0531197190177538,
        "KPN.AS": 0.1527544522413086,
        "REN.AS": 0.05,
        "600900.SS": 0.0422889877241599,
        "601398.SS": 0.134360131684926,
        "2914.T": 0.0718075849783757,
        "4519.T": 0.05,
        "9432.T": 0.050647082745161,
        "9434.T": 0.0943452911402486,
        "0728.HK": 0.05,
        "6288.HK": 0.0341661184529214
    }
}