{
    "portfolio_512": {
        "PEP": 0.0835952554900277,
        "TLK": 0.0719277716859859,
        "IESC": 0.0165437912319434,
        "0TDD.L": 0.05,
        "HSBA.L": 0.05,
        "AD.AS": 0.0587101825901172,
        "KPN.AS": 0.1570750985622112,
        "600519.SS": 0.0358533665845247,
        "601398.SS": 0.1424509376092311,
        "601939.SS": 0.05,
        "4519.T": 0.05,
        "8058.T": 0.05,
        "9432.T": 0.0724396618020421,
        "9434.T": 0.0868294719257241,
        "6288.HK": 0.0245744625181927
    }
}