{
    "portfolio_450": {
        "PEP": 0.0634856050550555,
        "TLK": 0.0681100317970139,
        "LNTH": 0.05,
        "SAN.PA": 0.0408426169528487,
        "RICO.L": 0.0359756486628909,
        "ULVR.L": 0.0554920049718036,
        "AD.AS": 0.0603831286266496,
        "KPN.AS": 0.1665226192236249,
        "600028.SS": 0.05,
        "600519.SS": 0.0407666621785697,
        "601857.SS": 0.05,
        "9433.T": 0.0743741499351406,
        "9434.T": 0.1440475325964026,
        "0386.HK": 0.05,
        "0941.HK": 0.05
    }
}