{
    "portfolio_90": {
        "AVGO": 0.01,
        "KT": 0.0486773844592053,
        "TLK": 0.0762423265646856,
        "RYTM": 0.01,
        "PJXC.F": 0.01,
        "ULVR.L": 0.0608046214610008,
        "AD.AS": 0.0811781414727378,
        "KPN.AS": 0.1797522104739946,
        "601398.SS": 0.1844745681507077,
        "2914.T": 0.0602449863511774,
        "4063.T": 0.01,
        "9432.T": 0.0847782002228738,
        "9434.T": 0.1292745095781183,
        "0728.HK": 0.01,
        "6288.HK": 0.0445730512654983
    }
}