{
    "portfolio_255": {
        "CRESY": 0.05,
        "PEP": 0.0564260986592406,
        "TLK": 0.0603604726722176,
        "ULVR.L": 0.0837099142658578,
        "AD.AS": 0.0686865337265738,
        "KPN.AS": 0.1121346621193526,
        "SHELL.AS": 0.05,
        "601288.SS": 0.05,
        "601398.SS": 0.100762188969473,
        "2914.T": 0.0688154165626978,
        "9433.T": 0.0756716653284957,
        "9434.T": 0.097238801754441,
        "0728.HK": 0.05,
        "0883.HK": 0.05,
        "6288.HK": 0.02619424594165
    }
}