{
    "portfolio_658": {
        "CRESY": 0.01,
        "KT": 0.0517164638339636,
        "TLK": 0.0760914898846563,
        "CS.PA": 0.01,
        "PJXC.F": 0.01,
        "0R4P.L": 0.022086564302949,
        "ULVR.L": 0.0648732392773148,
        "AD.AS": 0.0727113551692446,
        "KPN.AS": 0.1709820315124273,
        "601398.SS": 0.1858945265966027,
        "2914.T": 0.0594149811115385,
        "7203.T": 0.01,
        "9432.T": 0.0865401962349762,
        "9434.T": 0.1265663749149376,
        "6288.HK": 0.0431227771613894
    }
}