{
    "portfolio_75": {
        "PEP": 0.0435480617224528,
        "TLK": 0.0543347958169969,
        "PRCT": 0.05,
        "CS.PA": 0.05,
        "ULVR.L": 0.0530242224833733,
        "AD.AS": 0.0548318992034121,
        "KPN.AS": 0.1764111620479697,
        "600519.SS": 0.037080824313136,
        "600900.SS": 0.0483751791751454,
        "601288.SS": 0.05,
        "601398.SS": 0.1298731247483741,
        "8031.T": 0.05,
        "9433.T": 0.05,
        "9434.T": 0.126192304582519,
        "6288.HK": 0.0263284259066206
    }
}