{
    "portfolio_267": {
        "TMUS": 0.05,
        "TLK": 0.0811138164138275,
        "AXSM": 0.05,
        "TTE.L": 0.05,
        "ULVR.L": 0.075168779162015,
        "AD.AS": 0.0552025707917642,
        "KPN.AS": 0.1250176861843656,
        "WKL.AS": 0.0394570710513751,
        "601398.SS": 0.1118497905209022,
        "601939.SS": 0.05,
        "2914.T": 0.0513351820147092,
        "9432.T": 0.0840594882913433,
        "9434.T": 0.0926515720308808,
        "0386.HK": 0.05,
        "6288.HK": 0.0341440435388171
    }
}