{
    "portfolio_568": {
        "PEP": 0.0546910177629908,
        "TLK": 0.0472632571704393,
        "LNTH": 0.05,
        "0TDD.L": 0.05,
        "RICO.L": 0.0306461157530937,
        "SHEL.L": 0.05,
        "ULVR.L": 0.0640092249857153,
        "AD.AS": 0.0453164608619284,
        "KPN.AS": 0.1229984198548398,
        "SHELL.AS": 0.05,
        "601398.SS": 0.1611032319398873,
        "2914.T": 0.0476263146387657,
        "9433.T": 0.0681780852565881,
        "9434.T": 0.1081678717757511,
        "0883.HK": 0.05
    }
}