{
    "portfolio_777": {
        "PEP": 0.0338631297805102,
        "TLK": 0.0390874929997137,
        "RYTM": 0.05,
        "0YXG.L": 0.05,
        "SHEL.L": 0.05,
        "ULVR.L": 0.0478397051581522,
        "AD.AS": 0.0586520109260154,
        "KPN.AS": 0.1571797135259779,
        "600900.SS": 0.0615104266539078,
        "601398.SS": 0.1659745062406824,
        "2914.T": 0.0557899894351261,
        "8058.T": 0.05,
        "9432.T": 0.0631843797803017,
        "9434.T": 0.0870068319595584,
        "6288.HK": 0.0299118135400538
    }
}