{
    "portfolio_29": {
        "CRESY": 0.05,
        "TLK": 0.0597772850265102,
        "SAF.PA": 0.05,
        "0YXG.L": 0.05,
        "ULVR.L": 0.0759540706407416,
        "AD.AS": 0.0537298535737108,
        "KPN.AS": 0.1389170001497884,
        "601398.SS": 0.1427267721272096,
        "601857.SS": 0.05,
        "2914.T": 0.0573949733804237,
        "8058.T": 0.05,
        "9432.T": 0.0496510015112027,
        "9433.T": 0.042783258562741,
        "9434.T": 0.0952211200967695,
        "6288.HK": 0.0338446649309026
    }
}