{
    "portfolio_218": {
        "PEP": 0.0847688016033019,
        "TGS": 0.01,
        "TLK": 0.0954661638801282,
        "2B5.F": 0.01,
        "ULVR.L": 0.052394989794823,
        "AD.AS": 0.0690173814813226,
        "KPN.AS": 0.1573919833629924,
        "600028.SS": 0.01,
        "601398.SS": 0.1547789107727932,
        "601988.SS": 0.01,
        "2914.T": 0.0829665275860418,
        "9432.T": 0.0296396777736948,
        "9434.T": 0.1226831981378233,
        "0941.HK": 0.0679743055365756,
        "6288.HK": 0.0429180600705031
    }
}