{
    "portfolio_585": {
        "PEP": 0.0681818417599478,
        "TLK": 0.0850789204080123,
        "IESC": 0.0168465391510395,
        "SAF.PA": 0.01,
        "ULVR.L": 0.0477259419326219,
        "AD.AS": 0.0661687133077785,
        "KPN.AS": 0.1647862871217164,
        "600519.SS": 0.0387124948269884,
        "601398.SS": 0.1690151016324537,
        "2914.T": 0.061510662254573,
        "7974.T": 0.024040080948832,
        "9432.T": 0.0614774377293257,
        "9434.T": 0.1241401386021189,
        "0857.HK": 0.026008217732941,
        "6288.HK": 0.0363076225916509
    }
}