{
    "portfolio_251": {
        "TLK": 0.0687112251006821,
        "IESC": 0.05,
        "VERX": 0.05,
        "SAN.PA": 0.0348936389854918,
        "RICO.L": 0.0324396013946994,
        "ULVR.L": 0.0610805920086522,
        "AD.AS": 0.0545601532362325,
        "KPN.AS": 0.1738416539815043,
        "601398.SS": 0.119304456358914,
        "2914.T": 0.0538781049265427,
        "7974.T": 0.05,
        "9433.T": 0.056943197827181,
        "9434.T": 0.0943473761800998,
        "0386.HK": 0.05,
        "0857.HK": 0.05
    }
}