{
    "portfolio_83": {
        "PEP": 0.0719182603719813,
        "KT": 0.0488925110732767,
        "TEO": 0.01,
        "TLK": 0.0658163834428626,
        "LPS1.F": 0.01,
        "0K9E.L": 0.0201097169733519,
        "SHEL.L": 0.0303961817662445,
        "KPN.AS": 0.1684269711087182,
        "UNA.AS": 0.0605012157181814,
        "600519.SS": 0.0543546739894537,
        "601398.SS": 0.1715684055442266,
        "601728.SS": 0.01,
        "9432.T": 0.0978002894039066,
        "9434.T": 0.1400981493117762,
        "6288.HK": 0.0401172412960203
    }
}