{
    "portfolio_504": {
        "PEP": 0.0566025386092957,
        "TLK": 0.0471795336736204,
        "8GC.F": 0.05,
        "0YXG.L": 0.05,
        "SHEL.L": 0.05,
        "TTE.L": 0.05,
        "ULVR.L": 0.0643159081068148,
        "AD.AS": 0.0506385678784581,
        "KPN.AS": 0.1086498731909413,
        "WKL.AS": 0.05,
        "600900.SS": 0.0593412782550833,
        "601398.SS": 0.1414516495131728,
        "2914.T": 0.085118473441608,
        "9433.T": 0.0992779384869273,
        "6288.HK": 0.037424238844078
    }
}