{
    "portfolio_801": {
        "PEP": 0.0584037049839218,
        "CIB": 0.05,
        "TLK": 0.0659849795402171,
        "TTE.PA": 0.05,
        "ULVR.L": 0.0418364238016387,
        "AD.AS": 0.0464317383129992,
        "CCEP.AS": 0.05,
        "KPN.AS": 0.1327834042828034,
        "600519.SS": 0.0330616926819141,
        "600941.SS": 0.05,
        "601398.SS": 0.1541563611898757,
        "7203.T": 0.05,
        "9432.T": 0.0646475272948952,
        "9434.T": 0.1258666974194849,
        "6288.HK": 0.0268274704922494
    }
}