{
    "portfolio_65": {
        "CRESY": 0.05,
        "TLK": 0.0510542035832601,
        "AXSM": 0.05,
        "AI.PA": 0.05,
        "DG.PA": 0.05,
        "SAN.PA": 0.0200402020347229,
        "ULVR.L": 0.0743079210550227,
        "AD.AS": 0.0333789488460842,
        "KPN.AS": 0.1093068112903062,
        "601398.SS": 0.1813999105580102,
        "2914.T": 0.0591208864777043,
        "9432.T": 0.0964524783616428,
        "9434.T": 0.0972342920179353,
        "0728.HK": 0.05,
        "6288.HK": 0.0277043457753113
    }
}