{
    "portfolio_837": {
        "PEP": 0.066673786764132,
        "TLK": 0.0538818866930522,
        "AXSM": 0.05,
        "TTE.PA": 0.05,
        "AZN.L": 0.05,
        "BHP.L": 0.05,
        "RICO.L": 0.0242709147068488,
        "ULVR.L": 0.0542563210256702,
        "AD.AS": 0.0439296421418602,
        "KPN.AS": 0.118549934515217,
        "601398.SS": 0.1575794621789739,
        "9432.T": 0.1212329321521085,
        "9434.T": 0.0754787717895414,
        "3988.HK": 0.05,
        "6288.HK": 0.0341463480325954
    }
}