{
    "portfolio_76": {
        "AVGO": 0.05,
        "PEP": 0.049231350230281,
        "TLK": 0.0732869898116694,
        "TTE.PA": 0.05,
        "ULVR.L": 0.0555575973916372,
        "AD.AS": 0.0726935232722164,
        "KPN.AS": 0.130373824270552,
        "601398.SS": 0.1237306327156113,
        "2914.T": 0.056613429831419,
        "7974.T": 0.05,
        "9433.T": 0.0588976922454053,
        "9434.T": 0.0968359909491924,
        "0728.HK": 0.05,
        "3988.HK": 0.05,
        "6288.HK": 0.0327789692820158
    }
}