{
    "portfolio_594": {
        "PEP": 0.0728633182886745,
        "PKX": 0.01,
        "TLK": 0.0837251399356281,
        "ULVR.L": 0.0474612090648845,
        "AD.AS": 0.0645965821403777,
        "KPN.AS": 0.1548137184403572,
        "REN.AS": 0.01,
        "SHELL.AS": 0.0229702923253798,
        "600028.SS": 0.0139546551991176,
        "600519.SS": 0.041010400635428,
        "601398.SS": 0.1742123812520369,
        "2914.T": 0.0637978858230067,
        "9432.T": 0.0726680468954123,
        "9434.T": 0.12854555815346,
        "6288.HK": 0.0393808118462368
    }
}