{
    "portfolio_790": {
        "PEP": 0.0774679683013752,
        "TLK": 0.0864916049651689,
        "IESC": 0.0175574544450617,
        "0TDD.L": 0.05,
        "ULVR.L": 0.044096310900276,
        "AD.AS": 0.0531886004476966,
        "KPN.AS": 0.1603077129551745,
        "600028.SS": 0.05,
        "600519.SS": 0.0316019810408871,
        "601398.SS": 0.0993230974534592,
        "8001.T": 0.05,
        "9432.T": 0.0732870255875876,
        "9434.T": 0.1066782439033132,
        "0728.HK": 0.05,
        "1288.HK": 0.05
    }
}