{
    "portfolio_881": {
        "PEP": 0.0756544758167811,
        "IBN": 0.01,
        "TLK": 0.0844475929474126,
        "APPF": 0.0134661976049438,
        "SHEL.L": 0.0324007652178103,
        "AD.AS": 0.0754154072703811,
        "KPN.AS": 0.1633109580339978,
        "600028.SS": 0.012795763255063,
        "600519.SS": 0.0487901819890609,
        "601398.SS": 0.1808544409387128,
        "2914.T": 0.0666108047698773,
        "8001.T": 0.01,
        "9433.T": 0.057244489065329,
        "9434.T": 0.1313496051088445,
        "6288.HK": 0.0376593179817856
    }
}