{
    "portfolio_804": {
        "META": 0.05,
        "BSAC": 0.05,
        "TLK": 0.0549803601728456,
        "SAN.PA": 0.0236541796005338,
        "0K9E.L": 0.05,
        "ULVR.L": 0.0502054056691611,
        "AD.AS": 0.0513709261992439,
        "KPN.AS": 0.1569121776130587,
        "600519.SS": 0.0175973257896185,
        "601398.SS": 0.1347549383584828,
        "2914.T": 0.0558864044000047,
        "9432.T": 0.0726324702800881,
        "9434.T": 0.143005420142494,
        "0857.HK": 0.05,
        "6288.HK": 0.0390003917744684
    }
}