{
    "portfolio_322": {
        "PEP": 0.0772539187951504,
        "BCH": 0.05,
        "TLK": 0.0614267057218263,
        "BPE5.F": 0.05,
        "ULVR.L": 0.0544247440762466,
        "AD.AS": 0.0665337862383794,
        "KPN.AS": 0.1402213199153434,
        "600519.SS": 0.0294033505679065,
        "601398.SS": 0.1419815395363622,
        "6857.T": 0.05,
        "8001.T": 0.05,
        "9432.T": 0.0796363151122424,
        "9434.T": 0.0797661026264633,
        "0883.HK": 0.05,
        "6288.HK": 0.0193522174100796
    }
}