{
    "portfolio_881": {
        "PEP": 0.0501906407903712,
        "TLK": 0.0793596506334583,
        "AI.PA": 0.05,
        "SAF.PA": 0.05,
        "TTE.PA": 0.05,
        "SKFA.F": 0.05,
        "AD.AS": 0.0535043997509002,
        "KPN.AS": 0.1232889278969071,
        "600900.SS": 0.048256190051346,
        "601398.SS": 0.1414889540939837,
        "2914.T": 0.059957450245442,
        "9433.T": 0.0730902357610405,
        "9434.T": 0.095166446445406,
        "0728.HK": 0.05,
        "6288.HK": 0.025697104331145
    }
}