{
    "portfolio_27": {
        "COST": 0.05,
        "TLK": 0.0492675970475702,
        "APPF": 0.05,
        "AXSM": 0.05,
        "CS.PA": 0.05,
        "RICO.L": 0.0293058185850256,
        "ULVR.L": 0.0552308898602106,
        "INGA.AS": 0.05,
        "KPN.AS": 0.150608586418684,
        "601138.SS": 0.0143296965376314,
        "601398.SS": 0.1835951171873748,
        "2914.T": 0.0502423590950732,
        "9432.T": 0.079185318208236,
        "9434.T": 0.1024150261174309,
        "6288.HK": 0.0358195909427631
    }
}