{
    "portfolio_403": {
        "GOOGL": 0.0400743489938609,
        "PEP": 0.0975954536805055,
        "EC": 0.0471526066923905,
        "APPF": 0.0350191810074262,
        "LNTH": 0.01,
        "4AH1.F": 0.0103729615334081,
        "LFU2.F": 0.01,
        "ULVR.L": 0.1074609677720941,
        "KPN.AS": 0.0967753692774286,
        "601288.SS": 0.1186160253225328,
        "601728.SS": 0.0512140509955555,
        "601857.SS": 0.01,
        "2914.T": 0.04151065689575,
        "7974.T": 0.217457157577074,
        "9433.T": 0.1067512202519737
    }
}