{
    "portfolio_316": {
        "PEP": 0.0809679571687459,
        "TLK": 0.0884072588774885,
        "OL5.F": 0.01,
        "SHEL.L": 0.0295665744583956,
        "ULVR.L": 0.0551863316373663,
        "AD.AS": 0.0757184869654609,
        "KPN.AS": 0.144540765820541,
        "600519.SS": 0.031440452584547,
        "601398.SS": 0.1561996285784076,
        "2914.T": 0.0591656537250178,
        "7974.T": 0.0171235125271059,
        "9432.T": 0.0502339904749594,
        "9434.T": 0.1149772641540208,
        "0941.HK": 0.0537181062685415,
        "6288.HK": 0.0327540167594015
    }
}