{
    "portfolio_155": {
        "PEP": 0.0530882915817602,
        "TLK": 0.0556936662990871,
        "LNTH": 0.05,
        "BPE5.F": 0.05,
        "ULVR.L": 0.0644950840460976,
        "AD.AS": 0.0619063987535521,
        "KPN.AS": 0.1547311138249588,
        "600519.SS": 0.0337494396775813,
        "601398.SS": 0.1425516113693825,
        "2914.T": 0.05,
        "8001.T": 0.05,
        "9433.T": 0.0471560921058255,
        "9434.T": 0.1105427863430566,
        "0386.HK": 0.05,
        "6288.HK": 0.026085515998698
    }
}