{
    "portfolio_831": {
        "PEP": 0.0828719028838285,
        "TLK": 0.077251814289103,
        "BPE5.F": 0.05,
        "ULVR.L": 0.0548861568827681,
        "AD.AS": 0.0689134756213551,
        "KPN.AS": 0.141580521954805,
        "600519.SS": 0.0345228053748887,
        "601288.SS": 0.05,
        "601398.SS": 0.0838131032431727,
        "601857.SS": 0.05,
        "2914.T": 0.0536516675768299,
        "7974.T": 0.05,
        "9432.T": 0.0624364757931772,
        "9434.T": 0.106886539122653,
        "6288.HK": 0.0331855372574189
    }
}