{
    "portfolio_849": {
        "PEP": 0.0724553108768981,
        "BCH": 0.05,
        "TLK": 0.0729601864753532,
        "SAN.PA": 0.0234212100046058,
        "ULVR.L": 0.0456567814264569,
        "AD.AS": 0.0699040372455542,
        "KPN.AS": 0.140115470272791,
        "600519.SS": 0.0257887917160256,
        "601398.SS": 0.1263487073852888,
        "6857.T": 0.05,
        "7974.T": 0.05,
        "9432.T": 0.0792596510613518,
        "9434.T": 0.0940898535356745,
        "0857.HK": 0.05,
        "6288.HK": 0.05
    }
}