{
    "portfolio_917": {
        "CRESY": 0.05,
        "PEP": 0.0492844175414843,
        "TLK": 0.0759860407979298,
        "SAN.PA": 0.0322349793590317,
        "ULVR.L": 0.0725375040153059,
        "AD.AS": 0.0726050505139594,
        "KPN.AS": 0.1266786603649459,
        "600941.SS": 0.05,
        "601398.SS": 0.1156905110187262,
        "8031.T": 0.05,
        "9433.T": 0.0733480640600142,
        "9434.T": 0.1093843401289213,
        "0728.HK": 0.05,
        "1088.HK": 0.05,
        "6288.HK": 0.0222504321996809
    }
}