{
    "portfolio_314": {
        "PEP": 0.0675309372047462,
        "TLK": 0.0741009048437173,
        "8GC.F": 0.05,
        "TTE.L": 0.05,
        "ULVR.L": 0.0669926655134317,
        "AD.AS": 0.0557578694517806,
        "KPN.AS": 0.1270636893883293,
        "WKL.AS": 0.05,
        "601398.SS": 0.0801311106880291,
        "601857.SS": 0.05,
        "601939.SS": 0.05,
        "2914.T": 0.0693202490283392,
        "9433.T": 0.0732847457680328,
        "9434.T": 0.0977745386789981,
        "6288.HK": 0.0380432894345958
    }
}