{
    "portfolio_653": {
        "PEP": 0.0830075891004108,
        "TLK": 0.0897631227343111,
        "TTE.PA": 0.01,
        "ULVR.L": 0.0433619211322352,
        "AD.AS": 0.069850020694405,
        "KPN.AS": 0.1667473128126371,
        "600519.SS": 0.0419193708072455,
        "601398.SS": 0.1662403554763831,
        "4063.T": 0.0143723903812531,
        "4519.T": 0.01,
        "8001.T": 0.01,
        "9432.T": 0.0794507964547089,
        "9434.T": 0.1311303661203982,
        "0941.HK": 0.0505810955997345,
        "6288.HK": 0.0335756586862775
    }
}