{
    "portfolio_236": {
        "TGS": 0.05,
        "TLK": 0.0651113923547907,
        "APPF": 0.05,
        "SKFA.F": 0.05,
        "ULVR.L": 0.0555807548320208,
        "AD.AS": 0.0736772390906956,
        "KPN.AS": 0.1592864900798445,
        "600028.SS": 0.05,
        "600900.SS": 0.0451717634473196,
        "601398.SS": 0.1056430218282477,
        "2914.T": 0.0518363609732107,
        "9432.T": 0.0590473601006047,
        "9434.T": 0.1222152332645081,
        "0941.HK": 0.0305452020534897,
        "6288.HK": 0.0318851819752674
    }
}