{
    "portfolio_103": {
        "PEP": 0.0704897227494663,
        "TLK": 0.0984944715446235,
        "SKFA.F": 0.05,
        "SHEL.L": 0.0293244517490369,
        "ULVR.L": 0.0443588650335886,
        "AD.AS": 0.0721478482579855,
        "KPN.AS": 0.1377361659778701,
        "600900.SS": 0.0385565685224256,
        "601288.SS": 0.1050191265419644,
        "7974.T": 0.05,
        "8058.T": 0.05,
        "9433.T": 0.0797672717403884,
        "9434.T": 0.0741055078826502,
        "0941.HK": 0.05,
        "1088.HK": 0.05
    }
}