{
    "portfolio_878": {
        "PEP": 0.0476877295345285,
        "TGS": 0.05,
        "TLK": 0.0358842719125547,
        "ADMA": 0.05,
        "RICO.L": 0.0260815707138045,
        "SHEL.L": 0.05,
        "ULVR.L": 0.0679742546587574,
        "AD.AS": 0.0640340775627554,
        "KPN.AS": 0.1319732776450164,
        "601398.SS": 0.1275422658036495,
        "601857.SS": 0.05,
        "2914.T": 0.0444064926727638,
        "9432.T": 0.0679405777107234,
        "9434.T": 0.1436647687491732,
        "6288.HK": 0.0428107130362731
    }
}