{
    "portfolio_345": {
        "PEP": 0.088803658589815,
        "TLK": 0.0796283595644429,
        "SHEL.L": 0.05,
        "ULVR.L": 0.0540380346888652,
        "AD.AS": 0.0614236480253192,
        "KPN.AS": 0.1395857560068218,
        "UMG.AS": 0.017405049241975,
        "601398.SS": 0.0969571147565208,
        "601988.SS": 0.05,
        "2914.T": 0.0483374037699717,
        "9432.T": 0.0663071087323167,
        "9434.T": 0.0975138666239517,
        "9983.T": 0.05,
        "0728.HK": 0.05,
        "0883.HK": 0.05
    }
}