{
    "portfolio_21": {
        "PEP": 0.0459094364303005,
        "BCH": 0.05,
        "TLK": 0.0791861096615675,
        "SAF.PA": 0.05,
        "SKFA.F": 0.05,
        "ULVR.L": 0.0419853387711672,
        "AD.AS": 0.0588972364477945,
        "KPN.AS": 0.1384145390051529,
        "601398.SS": 0.1508696404587288,
        "2914.T": 0.0482675067659488,
        "7974.T": 0.05,
        "9432.T": 0.071080234847408,
        "9434.T": 0.0871201862351871,
        "0941.HK": 0.0513468294867112,
        "6288.HK": 0.0269229418900331
    }
}