{
    "portfolio_585": {
        "TLK": 0.0485090366644637,
        "APPF": 0.05,
        "AXSM": 0.05,
        "SAN.PA": 0.0243260939099062,
        "BPE5.F": 0.05,
        "ULVR.L": 0.0619936144256199,
        "AD.AS": 0.0518391138698257,
        "INPST.AS": 0.05,
        "KPN.AS": 0.1194685649278637,
        "601398.SS": 0.1776302568126658,
        "601728.SS": 0.05,
        "2914.T": 0.0646433014339224,
        "9432.T": 0.079970027505182,
        "9434.T": 0.0900399155249836,
        "6288.HK": 0.0315800749255669
    }
}