{
    "portfolio_833": {
        "PEP": 0.079415935663763,
        "TLK": 0.0856455575103013,
        "LNTH": 0.01,
        "DG.PA": 0.01,
        "0TDD.L": 0.01,
        "AD.AS": 0.0730617713441671,
        "KPN.AS": 0.1720523938225724,
        "600519.SS": 0.0413345835127459,
        "601398.SS": 0.167474069951803,
        "2914.T": 0.0582910927218075,
        "9432.T": 0.0666576595878786,
        "9434.T": 0.1280071656441295,
        "9983.T": 0.01,
        "0941.HK": 0.0565013252211939,
        "6288.HK": 0.0315584450196375
    }
}