{
    "portfolio_714": {
        "PEP": 0.0688559284977087,
        "TLK": 0.0898519440084644,
        "OLLI": 0.01,
        "0YXG.L": 0.01,
        "AD.AS": 0.0725374149169386,
        "CCEP.AS": 0.0111489198404902,
        "KPN.AS": 0.1771485056303186,
        "600519.SS": 0.0463931208069228,
        "601088.SS": 0.01,
        "601398.SS": 0.1786979286664912,
        "2914.T": 0.0648802134709243,
        "9432.T": 0.071340888713875,
        "9434.T": 0.1368917413457361,
        "0883.HK": 0.01,
        "6288.HK": 0.0422533941021299
    }
}