{
    "portfolio_900": {
        "AVGO": 0.01,
        "PEP": 0.0740357947991086,
        "TLK": 0.0869899257292777,
        "VERX": 0.01,
        "AI.PA": 0.01,
        "AD.AS": 0.0703059698402924,
        "KPN.AS": 0.1809839369917019,
        "600519.SS": 0.0477236277543411,
        "600941.SS": 0.01,
        "601398.SS": 0.1759904469843945,
        "2914.T": 0.0645575266585474,
        "9432.T": 0.0701566505594618,
        "9434.T": 0.1377546263465606,
        "0883.HK": 0.0110061412478197,
        "6288.HK": 0.040495353088494
    }
}