{
    "portfolio_40": {
        "CRESY": 0.05,
        "PEP": 0.0397679926964928,
        "TLK": 0.0410072612711261,
        "VERX": 0.05,
        "ULVR.L": 0.0826385508156435,
        "AD.AS": 0.0550338334604513,
        "KPN.AS": 0.1349912203891542,
        "SHELL.AS": 0.05,
        "600900.SS": 0.0577758291308117,
        "601398.SS": 0.1137099818278591,
        "2914.T": 0.0768099810410188,
        "9433.T": 0.0839304762221766,
        "9434.T": 0.0875388203089976,
        "0386.HK": 0.05,
        "6288.HK": 0.0267960528362682
    }
}