{
    "portfolio_656": {
        "PEP": 0.0672475326716377,
        "EC": 0.05,
        "TGS": 0.05,
        "SAN.PA": 0.0202081435604114,
        "0A7R.L": 0.05,
        "RICO.L": 0.0241488911927032,
        "ULVR.L": 0.0686941678456632,
        "AD.AS": 0.055768307896554,
        "KPN.AS": 0.1346246093731704,
        "601398.SS": 0.1510923027657369,
        "6857.T": 0.05,
        "9432.T": 0.0791188207753226,
        "9434.T": 0.1279943998518904,
        "3988.HK": 0.05,
        "6288.HK": 0.02110282406691
    }
}