{
    "portfolio_266": {
        "AVGO": 0.05,
        "TGS": 0.05,
        "TLK": 0.0419743602688586,
        "0A4J.L": 0.05,
        "TTE.L": 0.05,
        "ULVR.L": 0.0691728987544634,
        "AD.AS": 0.0628289251445588,
        "KPN.AS": 0.1409212891581862,
        "600900.SS": 0.0511550392629642,
        "601328.SS": 0.05,
        "601398.SS": 0.0993250378235007,
        "2914.T": 0.0551133218364062,
        "9432.T": 0.0717641495754389,
        "9434.T": 0.1161301145984325,
        "6288.HK": 0.0416148635771904
    }
}