{
    "portfolio_451": {
        "PEP": 0.0724774925159498,
        "PKX": 0.05,
        "TLK": 0.0637773618073511,
        "SHEL.L": 0.05,
        "ULVR.L": 0.0565996203380696,
        "AD.AS": 0.0491129898674506,
        "KPN.AS": 0.1505774187458636,
        "600900.SS": 0.0505135208651861,
        "601288.SS": 0.05,
        "601398.SS": 0.1077908982729437,
        "8001.T": 0.05,
        "8058.T": 0.05,
        "9432.T": 0.0682378477012154,
        "9434.T": 0.1017645767609222,
        "6288.HK": 0.0291482731250477
    }
}