{
    "portfolio_812": {
        "PEP": 0.0810756230564037,
        "TLK": 0.099640859474821,
        "2B5.F": 0.01,
        "0K9E.L": 0.0278050388058705,
        "ULVR.L": 0.0472599790854409,
        "AD.AS": 0.0667879370763992,
        "KPN.AS": 0.154123408961921,
        "600028.SS": 0.01,
        "601398.SS": 0.1654991262992816,
        "2914.T": 0.079123105825837,
        "4519.T": 0.0233935552550689,
        "9434.T": 0.1305674771336378,
        "0883.HK": 0.01,
        "0941.HK": 0.0551520375121925,
        "6288.HK": 0.0395718515131257
    }
}