{
    "portfolio_360": {
        "PEP": 0.0820378246522581,
        "TLK": 0.0794093507198299,
        "SAF.PA": 0.05,
        "HSBA.L": 0.05,
        "AD.AS": 0.0567521241478766,
        "KPN.AS": 0.156941078547619,
        "600028.SS": 0.05,
        "600519.SS": 0.0318867660929705,
        "601088.SS": 0.05,
        "601398.SS": 0.1058927245835342,
        "2914.T": 0.0459069117411442,
        "8001.T": 0.05,
        "9432.T": 0.0602220898138742,
        "9434.T": 0.0973972687415629,
        "6288.HK": 0.03355386095933
    }
}