{
    "portfolio_948": {
        "AVGO": 0.01,
        "PEP": 0.0676336961346321,
        "BCH": 0.01,
        "TLK": 0.0830387234743412,
        "ADMA": 0.01,
        "ULVR.L": 0.0486958111633706,
        "AD.AS": 0.0665703629137458,
        "KPN.AS": 0.171219766687267,
        "600519.SS": 0.0480201347908086,
        "600941.SS": 0.01,
        "601398.SS": 0.1803044900220714,
        "8001.T": 0.01,
        "9432.T": 0.0884198646704728,
        "9434.T": 0.1542785475171741,
        "6288.HK": 0.041818602626116
    }
}