{
    "portfolio_424": {
        "PEP": 0.0441878506352433,
        "TLK": 0.0709504548624055,
        "RYTM": 0.05,
        "ULVR.L": 0.050796254815544,
        "AD.AS": 0.0681213177002207,
        "KPN.AS": 0.1746621865962036,
        "600900.SS": 0.045021218827428,
        "601288.SS": 0.05,
        "601398.SS": 0.1054876119721213,
        "2914.T": 0.0542564915464306,
        "8031.T": 0.05,
        "9433.T": 0.0473703352344787,
        "9434.T": 0.1120711862031132,
        "0857.HK": 0.05,
        "6288.HK": 0.0270750916068109
    }
}