{
    "portfolio_122": {
        "TMUS": 0.05,
        "TGS": 0.05,
        "TLK": 0.0347587204778993,
        "IESC": 0.05,
        "BSD2.F": 0.05,
        "SKFA.F": 0.05,
        "ULVR.L": 0.0433648965887803,
        "AD.AS": 0.0719041869229918,
        "KPN.AS": 0.133918109803185,
        "600900.SS": 0.0486673013317035,
        "601398.SS": 0.141398604160672,
        "9432.T": 0.082276511378508,
        "9434.T": 0.113737138799223,
        "0941.HK": 0.050128581335624,
        "6288.HK": 0.0298459492014129
    }
}