{
    "portfolio_205": {
        "PEP": 0.0538701084566977,
        "TLK": 0.0555169894537017,
        "LNTH": 0.05,
        "BPE.F": 0.05,
        "ULVR.L": 0.0615947712764808,
        "AD.AS": 0.0676966757513552,
        "KPN.AS": 0.1425865656059344,
        "600900.SS": 0.0422857484156394,
        "601328.SS": 0.05,
        "601398.SS": 0.093349865367745,
        "2914.T": 0.0566785998512507,
        "9433.T": 0.0560969688335939,
        "9434.T": 0.1203237069876014,
        "9983.T": 0.05,
        "1288.HK": 0.05
    }
}