{
    "portfolio_167": {
        "PEP": 0.1190033243542171,
        "EC": 0.0482538297946225,
        "APPF": 0.0431102233068333,
        "LNTH": 0.01,
        "4AH1.F": 0.010415623630577,
        "LFU2.F": 0.01,
        "0YXG.L": 0.01,
        "ULVR.L": 0.1062086939737018,
        "INGA.AS": 0.01,
        "KPN.AS": 0.0979993714428819,
        "601288.SS": 0.1264104536515572,
        "601728.SS": 0.0583615672352457,
        "7974.T": 0.2271743045342218,
        "9433.T": 0.1130626080761416,
        "1288.HK": 0.01
    }
}