{
    "portfolio_181": {
        "PEP": 0.0600461280796134,
        "TLK": 0.0804389682785091,
        "ADMA": 0.01,
        "LNTH": 0.01,
        "VERX": 0.01,
        "0TDD.L": 0.01,
        "SHEL.L": 0.0341251171167095,
        "ULVR.L": 0.0532751631791626,
        "AD.AS": 0.064354301575398,
        "KPN.AS": 0.1527572041608182,
        "601398.SS": 0.1646564597206295,
        "2914.T": 0.0847109846570812,
        "9434.T": 0.1647102089295433,
        "0941.HK": 0.0640548863225338,
        "6288.HK": 0.0368705779800012
    }
}