{
    "portfolio_553": {
        "PEP": 0.0633939853282484,
        "TLK": 0.0926157606326632,
        "VERX": 0.01,
        "TTE.L": 0.01,
        "ULVR.L": 0.0559471646799865,
        "AD.AS": 0.0620170812392905,
        "ASM.AS": 0.01,
        "KPN.AS": 0.1639537365558778,
        "UMG.AS": 0.0170000463009393,
        "601398.SS": 0.1536517808594336,
        "601939.SS": 0.01,
        "2914.T": 0.0901669305203525,
        "9434.T": 0.1605559938058129,
        "0941.HK": 0.063837788107546,
        "6288.HK": 0.0368597319698491
    }
}