{
    "portfolio_309": {
        "TLK": 0.0284188629316028,
        "LNTH": 0.05,
        "PRCT": 0.05,
        "RICO.L": 0.0371742119863729,
        "SHEL.L": 0.0237483459290067,
        "ULVR.L": 0.0624038122241588,
        "AD.AS": 0.0530628044478544,
        "KPN.AS": 0.1790892738074112,
        "WKL.AS": 0.05,
        "600519.SS": 0.0359420695487572,
        "601398.SS": 0.1673541305063563,
        "2914.T": 0.0441781321704519,
        "9433.T": 0.05,
        "9434.T": 0.1186283564480278,
        "0386.HK": 0.05
    }
}