{
    "portfolio_799": {
        "PEP": 0.043344961669758,
        "TLK": 0.0361522637940959,
        "PRCT": 0.05,
        "TTE.PA": 0.05,
        "RICO.L": 0.0287967996151641,
        "ULVR.L": 0.0685714512942274,
        "AD.AS": 0.062871100182695,
        "KPN.AS": 0.1480116419793024,
        "SHELL.AS": 0.05,
        "600028.SS": 0.05,
        "600900.SS": 0.048275977076448,
        "601398.SS": 0.1365080217124606,
        "2914.T": 0.0635200041021792,
        "9434.T": 0.1355286123859048,
        "6288.HK": 0.0284191661877643
    }
}