{
    "portfolio_252": {
        "PEP": 0.07815122407535,
        "KT": 0.0453638321065586,
        "TLK": 0.0688862085657954,
        "AXSM": 0.01,
        "LPS1.F": 0.01,
        "HSBA.L": 0.01,
        "SHEL.L": 0.0306497761079965,
        "KPN.AS": 0.1720352990384567,
        "UNA.AS": 0.061788553139297,
        "600519.SS": 0.0552665873520349,
        "601398.SS": 0.1762657469343473,
        "8001.T": 0.01,
        "9432.T": 0.103597468992064,
        "9434.T": 0.1276993382696302,
        "6288.HK": 0.0402959654184689
    }
}