{
    "portfolio_951": {
        "CRESY": 0.05,
        "TLK": 0.0335886100599443,
        "RYTM": 0.05,
        "QF9.F": 0.0052919129882139,
        "SKFA.F": 0.05,
        "SHEL.L": 0.05,
        "ULVR.L": 0.0599840781709956,
        "AD.AS": 0.073288112457886,
        "KPN.AS": 0.1398683126440938,
        "600028.SS": 0.05,
        "600900.SS": 0.0659408601822261,
        "601398.SS": 0.1369486464716295,
        "2914.T": 0.0714615800287843,
        "9433.T": 0.082238910210522,
        "9434.T": 0.0813889767857041
    }
}