{
    "portfolio_480": {
        "ADMA": 0.05,
        "AXSM": 0.05,
        "RYTM": 0.05,
        "RICO.L": 0.0319576341082289,
        "ULVR.L": 0.0710167355643532,
        "AD.AS": 0.0550158859029928,
        "KPN.AS": 0.1446019755221102,
        "SHELL.AS": 0.05,
        "601088.SS": 0.05,
        "601138.SS": 0.0148418568365898,
        "601398.SS": 0.1667580368770693,
        "2914.T": 0.0497368418139454,
        "9432.T": 0.0937393766972334,
        "9434.T": 0.0936237802391243,
        "6288.HK": 0.0287078764383524
    }
}