{
    "portfolio_400": {
        "PEP": 0.0453239951037448,
        "PKX": 0.05,
        "TLK": 0.0465668447123452,
        "APPF": 0.05,
        "BPE.F": 0.05,
        "TTE.L": 0.05,
        "ULVR.L": 0.0617222128799021,
        "AD.AS": 0.0604816224269449,
        "KPN.AS": 0.1338272148634682,
        "601398.SS": 0.146733786418756,
        "2914.T": 0.0560346066371035,
        "9432.T": 0.0548522332394826,
        "9434.T": 0.113319460003408,
        "0941.HK": 0.05,
        "6288.HK": 0.0311380237148446
    }
}