{
    "portfolio_601": {
        "COST": 0.05,
        "LIN": 0.05,
        "TLK": 0.0693536700778845,
        "BNP.PA": 0.05,
        "SAN.PA": 0.019378837525874,
        "ULVR.L": 0.0413095609306355,
        "AD.AS": 0.0484820932572755,
        "KPN.AS": 0.1558561154343792,
        "600519.SS": 0.0316117765880494,
        "601398.SS": 0.1554842337323039,
        "8031.T": 0.05,
        "9432.T": 0.0735479184133108,
        "9434.T": 0.1241857955650346,
        "0941.HK": 0.05,
        "6288.HK": 0.0307899984752526
    }
}