{
    "portfolio_288": {
        "PEP": 0.057930357654986,
        "TLK": 0.0397196638872888,
        "RYTM": 0.05,
        "CS.PA": 0.05,
        "BSD2.F": 0.05,
        "AD.AS": 0.0605629093348973,
        "KPN.AS": 0.1599281758874218,
        "600900.SS": 0.0586167366352851,
        "601288.SS": 0.05,
        "601398.SS": 0.1220992470672924,
        "2914.T": 0.0573866007360768,
        "6857.T": 0.05,
        "9432.T": 0.0687689655521658,
        "9434.T": 0.0938217715369573,
        "6288.HK": 0.031165571707629
    }
}