{
    "portfolio_14": {
        "PEP": 0.05687561665137,
        "BCH": 0.05,
        "TEO": 0.05,
        "TLK": 0.0540909862208419,
        "CS.PA": 0.05,
        "ULVR.L": 0.0586759560727552,
        "AD.AS": 0.0516854320384578,
        "KPN.AS": 0.1339431872713549,
        "600519.SS": 0.0287008000872373,
        "601088.SS": 0.05,
        "601398.SS": 0.1379438421996739,
        "8031.T": 0.05,
        "9432.T": 0.0699406025670183,
        "9434.T": 0.1242304889120571,
        "6288.HK": 0.0339130879792337
    }
}