{
    "portfolio_118": {
        "PEP": 0.0434701955951592,
        "TMUS": 0.05,
        "PKX": 0.05,
        "TLK": 0.0648409571253584,
        "SAN.PA": 0.0240262963546315,
        "ULVR.L": 0.0365041352149971,
        "AD.AS": 0.0693333599904656,
        "KPN.AS": 0.1362967358629541,
        "600519.SS": 0.0265132388450373,
        "601398.SS": 0.1682350197045797,
        "2914.T": 0.0400499352210115,
        "9432.T": 0.0730970117880026,
        "9434.T": 0.1176331142978026,
        "9983.T": 0.05,
        "0941.HK": 0.05
    }
}