{
    "portfolio_285": {
        "CRESY": 0.01,
        "PEP": 0.0799762346534762,
        "TLK": 0.0825097584273297,
        "CS.PA": 0.01,
        "HSBA.L": 0.01,
        "AD.AS": 0.0719202318656247,
        "INGA.AS": 0.01,
        "KPN.AS": 0.1687026473697268,
        "600519.SS": 0.0480664131437012,
        "600941.SS": 0.01,
        "601398.SS": 0.1867666835002812,
        "2914.T": 0.0615908692917646,
        "9432.T": 0.0736686869715224,
        "9434.T": 0.1352407352389516,
        "6288.HK": 0.0415577395376214
    }
}