{
    "portfolio_556": {
        "PEP": 0.0748314775729313,
        "BCH": 0.05,
        "TLK": 0.064635261994652,
        "CS.PA": 0.05,
        "SAN.PA": 0.0226028009586166,
        "ULVR.L": 0.0450721791009049,
        "AD.AS": 0.0533951220508039,
        "KPN.AS": 0.1325139823623572,
        "600519.SS": 0.035182332825231,
        "600941.SS": 0.05,
        "601398.SS": 0.1315563815301135,
        "9432.T": 0.0755850023507606,
        "9434.T": 0.1146254592536292,
        "9983.T": 0.05,
        "0728.HK": 0.05
    }
}