{
    "portfolio_907": {
        "PEP": 0.0708404315297366,
        "TLK": 0.0841382907996995,
        "RYTM": 0.01,
        "BPE5.F": 0.01,
        "ULVR.L": 0.0464684679197864,
        "AD.AS": 0.0703449008430495,
        "KPN.AS": 0.1653559997916338,
        "600519.SS": 0.040456598385129,
        "601398.SS": 0.1747625219043964,
        "601939.SS": 0.01,
        "2914.T": 0.0649366014332981,
        "9432.T": 0.0706956845208012,
        "9434.T": 0.1289582315839348,
        "0883.HK": 0.0140164047284216,
        "6288.HK": 0.0390258665601129
    }
}