{
    "portfolio_576": {
        "AVGO": 0.05,
        "PEP": 0.0495230585378336,
        "TLK": 0.0797041740143487,
        "SAN.PA": 0.0281033950478794,
        "ULVR.L": 0.0490901682163189,
        "AD.AS": 0.058789700115824,
        "KPN.AS": 0.1667585347185179,
        "600028.SS": 0.05,
        "600519.SS": 0.0379596398160953,
        "600941.SS": 0.05,
        "601398.SS": 0.1023777053987297,
        "8001.T": 0.05,
        "9432.T": 0.0655032078897694,
        "9434.T": 0.1285306721720558,
        "6288.HK": 0.033659744072627
    }
}