{
    "portfolio_453": {
        "PEP": 0.0655475970588127,
        "TLK": 0.0933142137699936,
        "IESC": 0.0173232735309151,
        "0TDD.L": 0.05,
        "ULVR.L": 0.0518542473629857,
        "AD.AS": 0.0554864337804689,
        "KPN.AS": 0.1510183392224353,
        "600519.SS": 0.0361062261041438,
        "600941.SS": 0.05,
        "601398.SS": 0.1232850968201041,
        "8031.T": 0.05,
        "8058.T": 0.05,
        "9433.T": 0.065814433341477,
        "9434.T": 0.0902501390086635,
        "0857.HK": 0.05
    }
}