{
    "portfolio_802": {
        "CRESY": 0.05,
        "TLK": 0.0692293489180367,
        "AI.PA": 0.05,
        "SKFA.F": 0.05,
        "TTE.L": 0.05,
        "ULVR.L": 0.0727436537613159,
        "AD.AS": 0.0618349342194321,
        "KPN.AS": 0.12440212356482,
        "600900.SS": 0.0476655593681023,
        "601398.SS": 0.1189647358934736,
        "2914.T": 0.0561090217810585,
        "9433.T": 0.0899007231309471,
        "9434.T": 0.0894490667688842,
        "0857.HK": 0.05,
        "6288.HK": 0.0197008325939291
    }
}