{
    "portfolio_679": {
        "TGS": 0.05,
        "TLK": 0.0488261065770312,
        "LNTH": 0.05,
        "RICO.L": 0.0301738891581757,
        "ULVR.L": 0.0655808060111239,
        "AD.AS": 0.0610811465390585,
        "KPN.AS": 0.1512075712760623,
        "REN.AS": 0.05,
        "601328.SS": 0.05,
        "601398.SS": 0.123770796287045,
        "2914.T": 0.0559925459167344,
        "9433.T": 0.0432954639848299,
        "9434.T": 0.1326243446384302,
        "0941.HK": 0.0536556682562227,
        "6288.HK": 0.0337916613552861
    }
}