{
    "portfolio_32": {
        "PEP": 0.0702336136390968,
        "TLK": 0.0841390728561781,
        "PRCT": 0.01,
        "0YXG.L": 0.01,
        "AD.AS": 0.073678104022933,
        "CCEP.AS": 0.0102653630391568,
        "KPN.AS": 0.1795938188681056,
        "600519.SS": 0.0458321959735269,
        "601088.SS": 0.01,
        "601398.SS": 0.1808508753459427,
        "2914.T": 0.0650586969277139,
        "9432.T": 0.068791183452072,
        "9434.T": 0.1383154692840592,
        "1288.HK": 0.0135208600798247,
        "6288.HK": 0.0397207465113899
    }
}