{
    "portfolio_505": {
        "PEP": 0.0429789744944602,
        "TLK": 0.0620377309980649,
        "RYTM": 0.05,
        "RICO.L": 0.0254459246515827,
        "SHEL.L": 0.032601539739642,
        "ULVR.L": 0.0467088740681045,
        "AD.AS": 0.0736195081918045,
        "KPN.AS": 0.1605999487098932,
        "601088.SS": 0.05,
        "601138.SS": 0.0182346011427537,
        "601398.SS": 0.173093531336379,
        "2914.T": 0.0780170070481632,
        "9433.T": 0.05,
        "9434.T": 0.1080702595796756,
        "6288.HK": 0.0285921000394766
    }
}