{
    "portfolio_157": {
        "TLK": 0.0567443586516279,
        "LNTH": 0.05,
        "OLLI": 0.05,
        "SAN.PA": 0.0296245505552445,
        "RICO.L": 0.0333820117005128,
        "ULVR.L": 0.0407621788198912,
        "AD.AS": 0.040634765463685,
        "CCEP.AS": 0.05,
        "KPN.AS": 0.1741967296025503,
        "600519.SS": 0.0339505360688825,
        "601398.SS": 0.1359523864020204,
        "8001.T": 0.05,
        "9434.T": 0.1750265934971785,
        "0857.HK": 0.05,
        "6288.HK": 0.0297258892384067
    }
}