{
    "portfolio_746": {
        "AVGO": 0.05,
        "TLK": 0.0836318379353735,
        "AI.PA": 0.05,
        "SAN.PA": 0.0245367493966062,
        "BSD2.F": 0.05,
        "ULVR.L": 0.0395538446891442,
        "AD.AS": 0.059008928283762,
        "KPN.AS": 0.1361558230083274,
        "601398.SS": 0.0985859994354857,
        "601857.SS": 0.05,
        "2914.T": 0.0749837543886841,
        "9433.T": 0.0558381398035746,
        "9434.T": 0.1398515191902746,
        "1088.HK": 0.05,
        "6288.HK": 0.0378534038687675
    }
}