{
    "portfolio_361": {
        "AVGO": 0.05,
        "PRCT": 0.05,
        "0YXG.L": 0.05,
        "HSBA.L": 0.05,
        "RICO.L": 0.0209816348053273,
        "ULVR.L": 0.0531631146768716,
        "AD.AS": 0.0515991848774588,
        "KPN.AS": 0.1810305511722288,
        "600900.SS": 0.0451119041999363,
        "601398.SS": 0.1411397264979895,
        "2914.T": 0.0669220560905363,
        "9432.T": 0.0512512513798469,
        "9434.T": 0.1079111283119189,
        "0728.HK": 0.05,
        "6288.HK": 0.0308894479878855
    }
}