{
    "portfolio_216": {
        "PEP": 0.067574581164224,
        "TLK": 0.060592104008532,
        "AXSM": 0.05,
        "TTE.PA": 0.05,
        "HSBA.L": 0.05,
        "TTE.L": 0.05,
        "ULVR.L": 0.0529451541305777,
        "AD.AS": 0.0433762239996503,
        "KPN.AS": 0.1130623404261561,
        "WKL.AS": 0.0336241383173035,
        "601398.SS": 0.1536401555756805,
        "9432.T": 0.1087663220566532,
        "9434.T": 0.08338970612947,
        "1088.HK": 0.05,
        "6288.HK": 0.0330292741917525
    }
}