{
    "portfolio_528": {
        "PEP": 0.043012694185938,
        "PKX": 0.05,
        "TGS": 0.05,
        "TLK": 0.0509938691746528,
        "ULVR.L": 0.0549125272660081,
        "AD.AS": 0.0517241232622991,
        "KPN.AS": 0.1495042184927015,
        "REN.AS": 0.05,
        "600900.SS": 0.044343694691948,
        "601328.SS": 0.05,
        "601398.SS": 0.1220117526989678,
        "8001.T": 0.05,
        "9432.T": 0.0793885589610442,
        "9434.T": 0.1191212045680282,
        "6288.HK": 0.0349873566984123
    }
}