{
    "portfolio_614": {
        "CRESY": 0.05,
        "BSAC": 0.05,
        "TLK": 0.0559527140523247,
        "AZN.L": 0.05,
        "ULVR.L": 0.0684504862914682,
        "AD.AS": 0.0693147013773175,
        "KPN.AS": 0.1373048606938511,
        "601328.SS": 0.05,
        "601398.SS": 0.1221074860620961,
        "2914.T": 0.0547398854941474,
        "4568.T": 0.05,
        "9432.T": 0.0566037387108969,
        "9434.T": 0.1002247475522205,
        "0941.HK": 0.0524719465403968,
        "6288.HK": 0.0328294332252805
    }
}