{
    "portfolio_877": {
        "CRESY": 0.01,
        "PEP": 0.0652629279040801,
        "TLK": 0.0905262684863255,
        "DG.PA": 0.01,
        "ULVR.L": 0.0543673811231003,
        "AD.AS": 0.0655266374056292,
        "KPN.AS": 0.1557754265281878,
        "REN.AS": 0.01,
        "601398.SS": 0.1693512806085638,
        "2914.T": 0.068960827419572,
        "8058.T": 0.01,
        "9432.T": 0.0658181474554786,
        "9434.T": 0.1221230070408962,
        "0941.HK": 0.0637739332807594,
        "6288.HK": 0.0385141627474068
    }
}