{
    "portfolio_388": {
        "PEP": 0.0366400825764686,
        "TLK": 0.0886439301645776,
        "OLLI": 0.05,
        "SAN.PA": 0.0332558723544042,
        "SHEL.L": 0.0270744424488865,
        "ULVR.L": 0.0388408558557461,
        "AD.AS": 0.0687494068702656,
        "KPN.AS": 0.1503508197362872,
        "601398.SS": 0.1232738097315778,
        "2914.T": 0.0548983344665346,
        "8001.T": 0.05,
        "9434.T": 0.1428553923391432,
        "1088.HK": 0.05,
        "3988.HK": 0.05,
        "6288.HK": 0.0354170534561084
    }
}