{
    "portfolio_481": {
        "CRESY": 0.05,
        "BCH": 0.05,
        "TLK": 0.0444622502953304,
        "AXSM": 0.05,
        "CS.PA": 0.05,
        "ULVR.L": 0.0940336983491953,
        "AD.AS": 0.0420138940324129,
        "KPN.AS": 0.1186239937155166,
        "601138.SS": 0.0133595469931974,
        "601398.SS": 0.1647458034382846,
        "2914.T": 0.0505916127631456,
        "9432.T": 0.1054785830069344,
        "9434.T": 0.0868490565527892,
        "0883.HK": 0.05,
        "6288.HK": 0.0298415608531934
    }
}