{
    "portfolio_809": {
        "PEP": 0.0711646611950554,
        "TEO": 0.01,
        "TLK": 0.0944576886226898,
        "ULVR.L": 0.0474315904380931,
        "AD.AS": 0.0722079714745624,
        "KPN.AS": 0.1579268862024612,
        "600519.SS": 0.0429161408158902,
        "601288.SS": 0.0173573433075184,
        "601398.SS": 0.1668387128584504,
        "2914.T": 0.0640961442824025,
        "8031.T": 0.01,
        "9433.T": 0.0619543406037076,
        "9434.T": 0.1330213712434116,
        "0883.HK": 0.0126410432815536,
        "6288.HK": 0.0379861056742036
    }
}