{
    "portfolio_899": {
        "PEP": 0.0769136490353667,
        "BCH": 0.01,
        "TLK": 0.0903672591685398,
        "SKFA.F": 0.01,
        "ULVR.L": 0.0454184962170804,
        "AD.AS": 0.069362849674252,
        "KPN.AS": 0.1675122585500466,
        "600519.SS": 0.0461776396322027,
        "601398.SS": 0.1757514471235152,
        "601939.SS": 0.01,
        "4063.T": 0.0153843843028268,
        "7974.T": 0.0244773919582413,
        "9432.T": 0.0856440131797716,
        "9434.T": 0.1362913045420156,
        "6288.HK": 0.0366993066161414
    }
}