{
    "portfolio_882": {
        "CRESY": 0.05,
        "IBN": 0.05,
        "TLK": 0.0528276094921816,
        "OLLI": 0.05,
        "ULVR.L": 0.0594077824363468,
        "AD.AS": 0.0592307927800946,
        "KPN.AS": 0.1652436078070442,
        "600519.SS": 0.0313212599296197,
        "601398.SS": 0.1246877906609682,
        "601857.SS": 0.05,
        "2914.T": 0.0498704256737306,
        "4568.T": 0.05,
        "9432.T": 0.0500573950570915,
        "9434.T": 0.1166367072672012,
        "6288.HK": 0.040711909153726
    }
}