{
    "portfolio_851": {
        "PEP": 0.0695355488856889,
        "BSAC": 0.01,
        "TLK": 0.0946439032338295,
        "SAF.PA": 0.01,
        "OL5.F": 0.01,
        "ULVR.L": 0.0524651097490047,
        "AD.AS": 0.0787619944140839,
        "KPN.AS": 0.1521024042826324,
        "600519.SS": 0.0318962544313884,
        "601398.SS": 0.1595725524499216,
        "2914.T": 0.0747097530825901,
        "6857.T": 0.01,
        "9434.T": 0.153660311265814,
        "0941.HK": 0.0593009984020848,
        "6288.HK": 0.0333511698029615
    }
}