{
    "portfolio_764": {
        "PEP": 0.0715199995375199,
        "TLK": 0.0769384278638958,
        "BPE5.F": 0.05,
        "0TDD.L": 0.05,
        "ULVR.L": 0.0510180528784998,
        "AD.AS": 0.0610362037017278,
        "KPN.AS": 0.1287559707180234,
        "601398.SS": 0.1048432316814264,
        "601988.SS": 0.05,
        "2914.T": 0.059353936567382,
        "9432.T": 0.0739362466748728,
        "9434.T": 0.0949441328554495,
        "0728.HK": 0.05,
        "0941.HK": 0.05,
        "6288.HK": 0.0276537975212027
    }
}