{
    "portfolio_993": {
        "PRCT": 0.05,
        "RYTM": 0.05,
        "AZN.L": 0.05,
        "RICO.L": 0.0358935551571318,
        "SHEL.L": 0.0232626315869799,
        "AD.AS": 0.042875098420603,
        "CCEP.AS": 0.05,
        "KPN.AS": 0.1737018581198192,
        "WKL.AS": 0.05,
        "600900.SS": 0.0424157244559381,
        "601138.SS": 0.0139854072566003,
        "601398.SS": 0.1903894159874768,
        "2914.T": 0.0842965849876028,
        "9434.T": 0.1158720659815358,
        "0857.HK": 0.0273076580463121
    }
}