{
    "portfolio_389": {
        "PEP": 0.0789696500988348,
        "TGS": 0.01,
        "TLK": 0.0866443505617196,
        "ULVR.L": 0.0466950215427453,
        "AD.AS": 0.0701895605483867,
        "KPN.AS": 0.1709988204055935,
        "600519.SS": 0.0451713826151883,
        "601328.SS": 0.01,
        "601398.SS": 0.1743798748371848,
        "4063.T": 0.0190026952392601,
        "9432.T": 0.0875253578662802,
        "9434.T": 0.1425758356588606,
        "9983.T": 0.01,
        "0386.HK": 0.0137309953098354,
        "6288.HK": 0.0341164553161108
    }
}