{
    "portfolio_562": {
        "CRESY": 0.01,
        "PEP": 0.1398600341798724,
        "EC": 0.0600594837195505,
        "APPF": 0.0602775887437416,
        "ECX": 0.0156316461533144,
        "0DH.F": 0.01,
        "LFU2.F": 0.01,
        "WK0.F": 0.01,
        "ULVR.L": 0.1246237974251583,
        "601288.SS": 0.1210401484142671,
        "601728.SS": 0.0702048993118132,
        "7974.T": 0.2366911269365833,
        "9433.T": 0.1132031214989753,
        "9434.T": 0.01
    }
}