{
    "portfolio_938": {
        "PEP": 0.061626831810468,
        "TLK": 0.0946424545748245,
        "RYTM": 0.01,
        "SAF.PA": 0.01,
        "ULVR.L": 0.0502914230963622,
        "AD.AS": 0.0714842301179701,
        "KPN.AS": 0.1630207621026389,
        "601288.SS": 0.0131136694654791,
        "601398.SS": 0.1546363785060211,
        "601988.SS": 0.01,
        "2914.T": 0.0862483217458962,
        "8058.T": 0.01,
        "9434.T": 0.1609327188852142,
        "0941.HK": 0.0657491583683479,
        "6288.HK": 0.0382540387112923
    }
}