{
    "portfolio_612": {
        "PEP": 0.0709934998804857,
        "TMUS": 0.01,
        "TLK": 0.0917973183183557,
        "ULVR.L": 0.0477946809524504,
        "AD.AS": 0.0690788733398895,
        "KPN.AS": 0.1632610186118845,
        "600028.SS": 0.01,
        "600519.SS": 0.0426504266980104,
        "601398.SS": 0.1526780393765951,
        "601939.SS": 0.01,
        "2914.T": 0.0631469759780212,
        "9432.T": 0.0671305278907138,
        "9434.T": 0.1384763992058532,
        "0857.HK": 0.023797390149364,
        "6288.HK": 0.0391948495983763
    }
}