{
    "portfolio_742": {
        "AVGO": 0.01,
        "PEP": 0.0626199107387924,
        "TLK": 0.0831699164679916,
        "IESC": 0.0135797978443345,
        "0YXG.L": 0.01,
        "AD.AS": 0.0701710755612762,
        "KPN.AS": 0.175731746079423,
        "WKL.AS": 0.020169605648522,
        "600519.SS": 0.0469912850680651,
        "601398.SS": 0.1764385199946628,
        "2914.T": 0.0668014386365354,
        "9432.T": 0.0680223005630636,
        "9434.T": 0.1335801039235578,
        "0857.HK": 0.0241808057952287,
        "6288.HK": 0.038543493678547
    }
}