{
    "portfolio_632": {
        "CRESY": 0.05,
        "PRCT": 0.05,
        "VERX": 0.05,
        "BPE5.F": 0.05,
        "RICO.L": 0.0271206641491912,
        "ULVR.L": 0.0875751558933246,
        "AD.AS": 0.049074109754905,
        "KPN.AS": 0.1676789158030265,
        "600900.SS": 0.0620964032903906,
        "601138.SS": 0.0136272090732435,
        "601398.SS": 0.1574171484384608,
        "2914.T": 0.0689720094634282,
        "9432.T": 0.0507261978349083,
        "9434.T": 0.0956952864182269,
        "6288.HK": 0.020016899880894
    }
}