{
    "portfolio_312": {
        "TLK": 0.0486691533846267,
        "AXSM": 0.05,
        "VERX": 0.05,
        "SAN.PA": 0.0322310354029188,
        "0YXG.L": 0.05,
        "HSBA.L": 0.05,
        "RICO.L": 0.0317862594234652,
        "ULVR.L": 0.0590501898203961,
        "KPN.AS": 0.1568264159657229,
        "601398.SS": 0.1505349685627794,
        "601728.SS": 0.05,
        "2914.T": 0.0559708022170453,
        "9432.T": 0.1046397339229008,
        "9434.T": 0.07951761386761,
        "6288.HK": 0.0307738274325346
    }
}