{
    "portfolio_808": {
        "TEO": 0.05,
        "TLK": 0.0629456935525057,
        "VERX": 0.05,
        "RICO.L": 0.0281236876481414,
        "ULVR.L": 0.0575391434149382,
        "AD.AS": 0.0410424689448763,
        "CCEP.AS": 0.05,
        "KPN.AS": 0.1610674524565966,
        "600028.SS": 0.05,
        "601398.SS": 0.1178666140177003,
        "601728.SS": 0.05,
        "2914.T": 0.0683059211673666,
        "9433.T": 0.0621238733013381,
        "9434.T": 0.1219631781329914,
        "6288.HK": 0.0290219673635452
    }
}