{
    "portfolio_243": {
        "PEP": 0.0646783088235766,
        "TLK": 0.0870313329914558,
        "AXSM": 0.01,
        "DG.PA": 0.01,
        "0YXG.L": 0.01,
        "ULVR.L": 0.0583166015395418,
        "AD.AS": 0.0602681628246626,
        "KPN.AS": 0.1523745922853896,
        "SHELL.AS": 0.0239971294012416,
        "601088.SS": 0.01,
        "601398.SS": 0.190071431691163,
        "2914.T": 0.073101893302285,
        "9432.T": 0.0750378494750826,
        "9434.T": 0.1296689475936471,
        "6288.HK": 0.045453750071954
    }
}