{
    "portfolio_303": {
        "PEP": 0.064948284123509,
        "TGS": 0.05,
        "TLK": 0.0571660521374298,
        "TTE.PA": 0.05,
        "0TDD.L": 0.05,
        "ULVR.L": 0.0566416466338334,
        "AD.AS": 0.0592445354389895,
        "KPN.AS": 0.1249033306215716,
        "600028.SS": 0.05,
        "601398.SS": 0.1271310771835595,
        "2914.T": 0.0430123507565855,
        "9432.T": 0.0775307729455991,
        "9434.T": 0.1064873186235496,
        "0728.HK": 0.05,
        "6288.HK": 0.0329346315353728
    }
}