{
    "portfolio_599": {
        "PEP": 0.063047855015773,
        "TLK": 0.084687484030122,
        "0YXG.L": 0.05,
        "ULVR.L": 0.0507270154692252,
        "AD.AS": 0.05500513626674,
        "KPN.AS": 0.1726411559990271,
        "600028.SS": 0.05,
        "600519.SS": 0.0367351537740463,
        "601288.SS": 0.05,
        "601328.SS": 0.05,
        "601398.SS": 0.0496608029979919,
        "8031.T": 0.05,
        "9432.T": 0.0821806805155821,
        "9434.T": 0.1222360823578229,
        "6288.HK": 0.0330786335736693
    }
}