{
    "portfolio_555": {
        "PEP": 0.072153603473192,
        "TGS": 0.05,
        "TLK": 0.0552181915385696,
        "SHEL.L": 0.05,
        "ULVR.L": 0.0611660978221148,
        "AD.AS": 0.0667854531839183,
        "KPN.AS": 0.1389413236608829,
        "600028.SS": 0.05,
        "600519.SS": 0.0289273513124971,
        "600941.SS": 0.05,
        "601398.SS": 0.1111788787364699,
        "2914.T": 0.0458758102349471,
        "9432.T": 0.0634156893630803,
        "9434.T": 0.1210852300603013,
        "6288.HK": 0.0352523706140263
    }
}