{
    "portfolio_42": {
        "CIB": 0.05,
        "TGS": 0.05,
        "IESC": 0.05,
        "SAF.PA": 0.05,
        "TYT.L": 0.0326674054488902,
        "ULVR.L": 0.0616295342759783,
        "AD.AS": 0.0549724173830068,
        "KPN.AS": 0.153486149256659,
        "600900.SS": 0.0467892491821351,
        "601398.SS": 0.1572899131593047,
        "2914.T": 0.0532852772524644,
        "9432.T": 0.0599507898310713,
        "9434.T": 0.1060788952646198,
        "0941.HK": 0.0431174096195404,
        "6288.HK": 0.0307329593263297
    }
}