{
    "portfolio_915": {
        "COST": 0.05,
        "MDB": 0.05,
        "PRCT": 0.05,
        "SAN.PA": 0.0201188399249636,
        "RICO.L": 0.035166331731445,
        "TTE.L": 0.05,
        "ULVR.L": 0.0758520073407115,
        "AD.AS": 0.0511242367961767,
        "KPN.AS": 0.2033706931393688,
        "601398.SS": 0.1442113925410078,
        "2914.T": 0.0453129679333232,
        "9432.T": 0.0418932278298446,
        "9434.T": 0.109618779687126,
        "0883.HK": 0.05,
        "6288.HK": 0.0233315230760324
    }
}