{
    "portfolio_452": {
        "PEP": 0.0763427293029145,
        "TLK": 0.0970860181372388,
        "SAN.PA": 0.0283673244483074,
        "ULVR.L": 0.0514467218294451,
        "AD.AS": 0.0725586441592148,
        "KPN.AS": 0.1452291933538696,
        "600519.SS": 0.0363736919278026,
        "600941.SS": 0.05,
        "601988.SS": 0.05,
        "2914.T": 0.0611845907012918,
        "9433.T": 0.0698078025178163,
        "9434.T": 0.1309904189577789,
        "0857.HK": 0.05,
        "1288.HK": 0.05,
        "6288.HK": 0.03061286466432
    }
}