{
    "portfolio_928": {
        "PEP": 0.0864535759718387,
        "TGS": 0.01,
        "TLK": 0.06876462587619,
        "ADMA": 0.01,
        "WK0.F": 0.01,
        "TYT.L": 0.0506887041497206,
        "ULVR.L": 0.0506240206212344,
        "AD.AS": 0.0578874504340764,
        "KPN.AS": 0.1929015261084186,
        "600519.SS": 0.0578076888866734,
        "601088.SS": 0.01,
        "601398.SS": 0.1560300583394695,
        "9432.T": 0.0914906476649874,
        "9434.T": 0.137351701947391,
        "9983.T": 0.01
    }
}