{
    "portfolio_644": {
        "PEP": 0.0702527859800346,
        "TLK": 0.0924362457051276,
        "BPE.F": 0.01,
        "TTE.L": 0.01,
        "ULVR.L": 0.0547967078995043,
        "AD.AS": 0.0707867572919575,
        "KPN.AS": 0.1581567861909826,
        "600900.SS": 0.0574078973692378,
        "601398.SS": 0.1502508358891637,
        "601988.SS": 0.01,
        "2914.T": 0.0855840041084732,
        "4519.T": 0.0240776686458864,
        "9434.T": 0.1541446098648772,
        "0883.HK": 0.01,
        "6288.HK": 0.042105701054755
    }
}