{
    "portfolio_597": {
        "PEP": 0.0652458680826757,
        "TLK": 0.0771741074143714,
        "AXSM": 0.05,
        "SAN.PA": 0.0245691579401893,
        "SHEL.L": 0.05,
        "ULVR.L": 0.0612325013193198,
        "AD.AS": 0.0473758529541434,
        "KPN.AS": 0.128116872152081,
        "601088.SS": 0.05,
        "601398.SS": 0.1563954156270663,
        "4063.T": 0.05,
        "8031.T": 0.05,
        "9432.T": 0.091276635515501,
        "9434.T": 0.0721122471219049,
        "6288.HK": 0.0265013418727467
    }
}