{
    "portfolio_359": {
        "LIN": 0.01,
        "PEP": 0.0727491100419058,
        "TLK": 0.0908002256413639,
        "AI.PA": 0.01,
        "AD.AS": 0.0707391073681014,
        "KPN.AS": 0.1660207097027819,
        "WKL.AS": 0.0221120042000383,
        "600519.SS": 0.0421037253746408,
        "601398.SS": 0.1648833343801297,
        "2914.T": 0.0653466364166506,
        "9432.T": 0.0666796687800173,
        "9434.T": 0.1225488471636974,
        "0883.HK": 0.01,
        "0941.HK": 0.0506888734656227,
        "6288.HK": 0.0353277574650501
    }
}