{
    "portfolio_24": {
        "PEP": 0.0521123768745251,
        "TLK": 0.0492375430407055,
        "RYTM": 0.05,
        "TTE.PA": 0.05,
        "0TDD.L": 0.05,
        "AD.AS": 0.0682775424110614,
        "KPN.AS": 0.154702555516608,
        "600900.SS": 0.0500168486624924,
        "601328.SS": 0.05,
        "601398.SS": 0.1122373670215878,
        "2914.T": 0.0646634728386596,
        "9432.T": 0.0763035777429488,
        "9434.T": 0.0959928611510448,
        "1288.HK": 0.05,
        "6288.HK": 0.0264558547403664
    }
}