{
    "portfolio_785": {
        "PEP": 0.0577840889682683,
        "TLK": 0.0681210392623418,
        "AXSM": 0.05,
        "SAF.PA": 0.05,
        "ULVR.L": 0.062246636853817,
        "AD.AS": 0.0433984473283469,
        "KPN.AS": 0.1159888150217328,
        "SHELL.AS": 0.05,
        "601398.SS": 0.1427425503525298,
        "601728.SS": 0.05,
        "2914.T": 0.0579938226477183,
        "9432.T": 0.0869166401152131,
        "9434.T": 0.0869881046094034,
        "1088.HK": 0.05,
        "6288.HK": 0.0278198548406285
    }
}