{
    "portfolio_527": {
        "PEP": 0.0467756062374131,
        "TLK": 0.0914979709085201,
        "SAF.PA": 0.05,
        "SKFA.F": 0.05,
        "0TDD.L": 0.05,
        "AD.AS": 0.0433603035012255,
        "KPN.AS": 0.1384029902823656,
        "REN.AS": 0.05,
        "600028.SS": 0.05,
        "600519.SS": 0.028559223188406,
        "601398.SS": 0.1290712134369134,
        "2914.T": 0.0542599081695721,
        "9432.T": 0.0821611722513307,
        "9434.T": 0.0851734890920009,
        "0941.HK": 0.0507381229322527
    }
}