{
    "portfolio_508": {
        "CRESY": 0.05,
        "PEP": 0.0499688440409104,
        "TLK": 0.0607142615985737,
        "TTE.PA": 0.05,
        "ULVR.L": 0.0789845913475811,
        "AD.AS": 0.0731183016045733,
        "KPN.AS": 0.1162350261446834,
        "600941.SS": 0.05,
        "601328.SS": 0.05,
        "601398.SS": 0.0910271875768346,
        "2914.T": 0.0625645799832393,
        "9433.T": 0.080529413710572,
        "9434.T": 0.1066206316686569,
        "1288.HK": 0.05,
        "6288.HK": 0.0302371623243752
    }
}