{
    "portfolio_87": {
        "PEP": 0.0730729755595392,
        "TLK": 0.0997636802236302,
        "SAN.PA": 0.0307607154108798,
        "ULVR.L": 0.0438859494579786,
        "AD.AS": 0.0724672925776655,
        "KPN.AS": 0.1404528300510999,
        "600028.SS": 0.05,
        "600519.SS": 0.0303944458753477,
        "601088.SS": 0.05,
        "601398.SS": 0.0852395824379922,
        "2914.T": 0.064944147088453,
        "9433.T": 0.0701902529615858,
        "9434.T": 0.1062514571470722,
        "0883.HK": 0.05,
        "6288.HK": 0.0325766712087561
    }
}