{
    "portfolio_573": {
        "PEP": 0.0835269999901928,
        "TLK": 0.0801177081270048,
        "ULVR.L": 0.0566141213254844,
        "AD.AS": 0.0656478115588179,
        "KPN.AS": 0.1344727312765709,
        "SHELL.AS": 0.05,
        "600900.SS": 0.0388330895940927,
        "601138.SS": 0.05,
        "601398.SS": 0.0939384656763177,
        "2914.T": 0.0548306616902811,
        "4519.T": 0.05,
        "9433.T": 0.0531576744125645,
        "9434.T": 0.0888607363486729,
        "0386.HK": 0.05,
        "3988.HK": 0.05
    }
}