{
    "portfolio_280": {
        "TLK": 0.0806389338126352,
        "RYTM": 0.05,
        "QF9.F": 0.0065444103788978,
        "SKFA.F": 0.05,
        "ULVR.L": 0.0431649099261083,
        "AD.AS": 0.0772809929992077,
        "KPN.AS": 0.1756326705923496,
        "600028.SS": 0.05,
        "600900.SS": 0.0482616835332905,
        "601328.SS": 0.05,
        "601398.SS": 0.078497171417997,
        "2914.T": 0.0674337820593111,
        "9433.T": 0.0717208352833308,
        "9434.T": 0.1008246099968718,
        "0883.HK": 0.05
    }
}