{
    "portfolio_663": {
        "PEP": 0.0617650620698727,
        "IBN": 0.05,
        "TLK": 0.0873621106867,
        "AD.AS": 0.0563062915116248,
        "INGA.AS": 0.05,
        "KPN.AS": 0.1773869694830793,
        "600519.SS": 0.0295012766558955,
        "601398.SS": 0.1727767752356475,
        "4568.T": 0.05,
        "8001.T": 0.05,
        "9432.T": 0.046886014289554,
        "9434.T": 0.0601464881351248,
        "9984.T": 0.05,
        "0941.HK": 0.03027527011734,
        "6288.HK": 0.0275937418151609
    }
}