{
    "portfolio_725": {
        "PEP": 0.0636025371684993,
        "TLK": 0.0372585952182404,
        "LNTH": 0.05,
        "BPE5.F": 0.05,
        "RICO.L": 0.0316333047368741,
        "ULVR.L": 0.0627190860571787,
        "AD.AS": 0.0635126900199813,
        "KPN.AS": 0.1342990670444576,
        "SHELL.AS": 0.05,
        "600519.SS": 0.0356868877321347,
        "601398.SS": 0.1354732697360272,
        "601857.SS": 0.05,
        "9433.T": 0.066222518882115,
        "9434.T": 0.1195920434044916,
        "9983.T": 0.05
    }
}