{
    "portfolio_457": {
        "TLK": 0.0446710790866495,
        "APPF": 0.05,
        "RYTM": 0.05,
        "0TDD.L": 0.05,
        "SHEL.L": 0.0227697059035392,
        "ULVR.L": 0.0324140293017765,
        "AD.AS": 0.0691596345322362,
        "KPN.AS": 0.1625814010584356,
        "600900.SS": 0.0483759969791781,
        "601398.SS": 0.1764497314712797,
        "2914.T": 0.0669302698374738,
        "9432.T": 0.0487710808489719,
        "9434.T": 0.0778770709804592,
        "9983.T": 0.05,
        "6288.HK": 0.05
    }
}