{
    "portfolio_856": {
        "MSFT": 0.05,
        "PEP": 0.0449785741345971,
        "TLK": 0.0547365613825631,
        "BPE5.F": 0.05,
        "ULVR.L": 0.0399217095227116,
        "AD.AS": 0.0626244512861117,
        "INGA.AS": 0.05,
        "KPN.AS": 0.1351943967530242,
        "600519.SS": 0.0281741146257353,
        "601398.SS": 0.1638563530655969,
        "2914.T": 0.0529434271663719,
        "9432.T": 0.0762556756153844,
        "9434.T": 0.1061918374449514,
        "0941.HK": 0.05,
        "6288.HK": 0.0351228990029522
    }
}