{
    "portfolio_649": {
        "PEP": 0.0816287883149001,
        "TLK": 0.0610943172573162,
        "BPE5.F": 0.05,
        "SHEL.L": 0.05,
        "ULVR.L": 0.0562518334864734,
        "AD.AS": 0.066789168821754,
        "KPN.AS": 0.1230783276976867,
        "600900.SS": 0.054580296803703,
        "601398.SS": 0.0850111279429841,
        "601939.SS": 0.05,
        "2914.T": 0.0664953112945512,
        "9432.T": 0.0672837801707252,
        "9434.T": 0.1020511539963534,
        "3988.HK": 0.05,
        "6288.HK": 0.0357358942135525
    }
}