{
    "portfolio_927": {
        "PEP": 0.0909859581143355,
        "BCH": 0.01,
        "TLK": 0.0756660232675077,
        "WK0.F": 0.01,
        "TYT.L": 0.0456633848116989,
        "ULVR.L": 0.050326019450957,
        "AD.AS": 0.0552156281228062,
        "KPN.AS": 0.1958720779266142,
        "600519.SS": 0.062317750496594,
        "601398.SS": 0.1513685421444378,
        "601988.SS": 0.01,
        "8031.T": 0.01,
        "8058.T": 0.01,
        "9432.T": 0.08941335839965,
        "9434.T": 0.1331712572653987
    }
}