{
    "portfolio_921": {
        "PEP": 0.0839646042246988,
        "TLK": 0.08612418497398,
        "ULVR.L": 0.0469092970992144,
        "AD.AS": 0.070198622866706,
        "KPN.AS": 0.159539165184326,
        "SHELL.AS": 0.0244749479093308,
        "600519.SS": 0.0411640647961143,
        "601328.SS": 0.01,
        "601398.SS": 0.1591787204043084,
        "8031.T": 0.01,
        "9432.T": 0.0842915446915764,
        "9434.T": 0.1337031434286322,
        "9983.T": 0.01,
        "0941.HK": 0.0499131441034506,
        "6288.HK": 0.0305385603176622
    }
}