{
    "portfolio_54": {
        "BCH": 0.05,
        "TLK": 0.0606799455431469,
        "LNTH": 0.05,
        "0TDD.L": 0.05,
        "ULVR.L": 0.0626191956233131,
        "AD.AS": 0.0544007328722306,
        "KPN.AS": 0.1539043856301633,
        "600519.SS": 0.0302316488762039,
        "600941.SS": 0.05,
        "601328.SS": 0.05,
        "601398.SS": 0.1060706709161325,
        "2914.T": 0.0557845722718486,
        "9433.T": 0.0594689177106448,
        "9434.T": 0.1355784612978871,
        "6288.HK": 0.0312614692584288
    }
}