{
    "portfolio_447": {
        "CRESY": 0.05,
        "PEP": 0.0599135430562806,
        "TLK": 0.0514365631448888,
        "SHEL.L": 0.05,
        "ULVR.L": 0.0653080134767399,
        "AD.AS": 0.0730284440348637,
        "KPN.AS": 0.1304349885047312,
        "600900.SS": 0.0326011254410036,
        "601398.SS": 0.1388913524342652,
        "2914.T": 0.0560635450200187,
        "6857.T": 0.05,
        "9432.T": 0.0769772262436608,
        "9434.T": 0.0930495273713573,
        "1088.HK": 0.05,
        "6288.HK": 0.02229567127219
    }
}