{
    "portfolio_981": {
        "BSAC": 0.05,
        "TLK": 0.0528950607605743,
        "RDNT": 0.05,
        "TTE.PA": 0.05,
        "0A4J.L": 0.05,
        "ULVR.L": 0.0585599088448053,
        "AD.AS": 0.0482501703429049,
        "KPN.AS": 0.1399227503084728,
        "600900.SS": 0.0546821553767362,
        "601398.SS": 0.1471538809302366,
        "2914.T": 0.0455882108226405,
        "7203.T": 0.05,
        "9432.T": 0.0551169980230229,
        "9434.T": 0.1089693649439286,
        "6288.HK": 0.038861499646678
    }
}