{
    "portfolio_738": {
        "PEP": 0.0632599824007922,
        "TLK": 0.0936461443996501,
        "PRCT": 0.01,
        "SMMT": 0.01,
        "0A4J.L": 0.01,
        "0TDD.L": 0.01,
        "ULVR.L": 0.0503272830480835,
        "AD.AS": 0.0588296754715843,
        "KPN.AS": 0.1650536588866932,
        "600900.SS": 0.0619105349184583,
        "601398.SS": 0.1604009328077674,
        "2914.T": 0.0922538635450127,
        "9434.T": 0.1557613429376165,
        "0883.HK": 0.0172368147028794,
        "6288.HK": 0.0413197668814626
    }
}