{
    "portfolio_12": {
        "PEP": 0.0821465806444907,
        "TLK": 0.091205557012064,
        "TTE.L": 0.05,
        "ULVR.L": 0.0629537890137528,
        "AD.AS": 0.0623270314332448,
        "KPN.AS": 0.1462678728206409,
        "600028.SS": 0.05,
        "601398.SS": 0.0704332138151046,
        "601939.SS": 0.05,
        "2914.T": 0.0504047260745563,
        "4063.T": 0.05,
        "9433.T": 0.0665837220632592,
        "9434.T": 0.0869488760360349,
        "0728.HK": 0.05,
        "6288.HK": 0.0307286310868519
    }
}