{
    "portfolio_190": {
        "PEP": 0.0506529421989173,
        "TMUS": 0.05,
        "TLK": 0.0701804774251049,
        "TTE.PA": 0.05,
        "ULVR.L": 0.05794558255539,
        "AD.AS": 0.0725400425716951,
        "KPN.AS": 0.0994011474010478,
        "SHELL.AS": 0.05,
        "601288.SS": 0.05,
        "601398.SS": 0.117376941031424,
        "2914.T": 0.0613952367290955,
        "9433.T": 0.0637395826127779,
        "9434.T": 0.1136998786025022,
        "0941.HK": 0.0585045882799427,
        "6288.HK": 0.0345635805921024
    }
}