{
    "portfolio_209": {
        "PEP": 0.0796751724698247,
        "TLK": 0.0910540907990825,
        "RMS.PA": 0.01,
        "AD.AS": 0.0724912561133158,
        "INGA.AS": 0.01,
        "KPN.AS": 0.1754750989415103,
        "600519.SS": 0.0473457471424948,
        "601088.SS": 0.01,
        "601288.SS": 0.01,
        "601398.SS": 0.1670562331402516,
        "601988.SS": 0.01,
        "2914.T": 0.0648611860115356,
        "9432.T": 0.0724215574511588,
        "9434.T": 0.137804638927545,
        "6288.HK": 0.041815019003281
    }
}