{
    "portfolio_607": {
        "PEP": 0.0898777252179186,
        "TLK": 0.0845217770638648,
        "HSBA.L": 0.01,
        "SHEL.L": 0.0271630781399385,
        "AD.AS": 0.0745691510584726,
        "KPN.AS": 0.1646210116385391,
        "600028.SS": 0.01,
        "600519.SS": 0.0409409405951963,
        "601398.SS": 0.159662689763219,
        "2914.T": 0.0574633995333032,
        "8001.T": 0.01,
        "9432.T": 0.0666905150481105,
        "9434.T": 0.1209237138852819,
        "0941.HK": 0.0485169804799652,
        "6288.HK": 0.03504901757619
    }
}