{
    "portfolio_7": {
        "PEP": 0.0623349590079617,
        "PKX": 0.05,
        "TLK": 0.0475726820893516,
        "VERX": 0.05,
        "SAN.PA": 0.0302241357593044,
        "HSBA.L": 0.05,
        "AD.AS": 0.0428786176158932,
        "KPN.AS": 0.1680541728358757,
        "600519.SS": 0.031779746299559,
        "601398.SS": 0.1142706185336041,
        "601857.SS": 0.05,
        "2914.T": 0.058667477633324,
        "9432.T": 0.08975909135283,
        "9434.T": 0.119120393744894,
        "6288.HK": 0.0353381051274019
    }
}