{
    "portfolio_383": {
        "TMUS": 0.05,
        "TLK": 0.0565025292923339,
        "LNTH": 0.05,
        "DG.PA": 0.05,
        "RICO.L": 0.0261923962093289,
        "ULVR.L": 0.0480068562237746,
        "AD.AS": 0.0610406173614532,
        "KPN.AS": 0.1433349234527283,
        "600519.SS": 0.0335498015737133,
        "601398.SS": 0.1522594746071397,
        "2914.T": 0.05,
        "9433.T": 0.0500536114078576,
        "9434.T": 0.1464035191228437,
        "3988.HK": 0.05,
        "6288.HK": 0.0326562707488264
    }
}