{
    "portfolio_466": {
        "PEP": 0.1051465358936015,
        "TAK": 0.0658097746392893,
        "TLK": 0.0865852197588788,
        "0DH.F": 0.01,
        "LPS1.F": 0.01,
        "OL5.F": 0.01,
        "SHEL.L": 0.0432180296265712,
        "ULVR.L": 0.0749737805611168,
        "KPN.AS": 0.1516354470411166,
        "600028.SS": 0.01,
        "600519.SS": 0.075153832337088,
        "601288.SS": 0.1761220812633584,
        "7974.T": 0.0554547364025987,
        "8001.T": 0.01,
        "9433.T": 0.1159005624763807
    }
}