{
    "portfolio_299": {
        "PEP": 0.0731598587279708,
        "TMUS": 0.01,
        "TLK": 0.0873102452859554,
        "BPE5.F": 0.01,
        "SKFA.F": 0.01,
        "0YXG.L": 0.01,
        "AD.AS": 0.0785603159544287,
        "KPN.AS": 0.1666308285004574,
        "600519.SS": 0.0415425020903054,
        "601398.SS": 0.1659609716183542,
        "2914.T": 0.0589889838567308,
        "9432.T": 0.0717300323570615,
        "9434.T": 0.1247502457862437,
        "0941.HK": 0.0560802058693497,
        "6288.HK": 0.0352858099531424
    }
}