{
    "portfolio_810": {
        "CRESY": 0.05,
        "ADMA": 0.05,
        "LNTH": 0.05,
        "SAN.PA": 0.0309313359365332,
        "RICO.L": 0.0283027019133743,
        "TYT.L": 0.0355286165976335,
        "ULVR.L": 0.0915119773691062,
        "AD.AS": 0.0509489698694133,
        "KPN.AS": 0.1458370682848229,
        "600028.SS": 0.05,
        "601088.SS": 0.05,
        "601398.SS": 0.1091572774551366,
        "9432.T": 0.0708062087447501,
        "9434.T": 0.1522523634667208,
        "6288.HK": 0.0347234803625089
    }
}