{
    "portfolio_18": {
        "PEP": 0.0491091477102506,
        "TLK": 0.061820753363555,
        "APPF": 0.05,
        "BPE.F": 0.05,
        "BSD2.F": 0.05,
        "ULVR.L": 0.0522655617013778,
        "AD.AS": 0.0659078303560151,
        "KPN.AS": 0.122073498784557,
        "600900.SS": 0.054675220337391,
        "601398.SS": 0.1445801254281827,
        "2914.T": 0.0477523574687426,
        "8058.T": 0.05,
        "9433.T": 0.0481317451164549,
        "9434.T": 0.1036837597334732,
        "6288.HK": 0.05
    }
}