{
    "portfolio_276": {
        "PEP": 0.0729944347318201,
        "TLK": 0.091683191930161,
        "8GC.F": 0.01,
        "HSBA.L": 0.01,
        "ULVR.L": 0.0516261416509571,
        "AD.AS": 0.0676950797149838,
        "KPN.AS": 0.1605432180271725,
        "601288.SS": 0.0108020068032568,
        "601398.SS": 0.1561436806856773,
        "2914.T": 0.0674814026180613,
        "4568.T": 0.01,
        "9432.T": 0.0645014180330478,
        "9434.T": 0.1223493432588527,
        "0941.HK": 0.0631133640563521,
        "6288.HK": 0.0410667184896577
    }
}