{
    "portfolio_674": {
        "PEP": 0.067479051363425,
        "BCH": 0.05,
        "TLK": 0.0727589700689112,
        "TTE.L": 0.05,
        "ULVR.L": 0.0680650926048876,
        "AD.AS": 0.0644513518181355,
        "KPN.AS": 0.1348944252349173,
        "600900.SS": 0.0493732399986845,
        "601328.SS": 0.05,
        "601398.SS": 0.0967522714761887,
        "2914.T": 0.0633601654890374,
        "7974.T": 0.05,
        "9433.T": 0.0562207154953402,
        "9434.T": 0.0890543011710689,
        "6288.HK": 0.0375904152794034
    }
}