{
    "portfolio_349": {
        "PEP": 0.0546448030313761,
        "BCH": 0.05,
        "TLK": 0.0610899631142173,
        "SAF.PA": 0.05,
        "BSD2.F": 0.05,
        "0TDD.L": 0.05,
        "ULVR.L": 0.0397949273924362,
        "AD.AS": 0.0390257524683886,
        "KPN.AS": 0.1190703445997859,
        "601398.SS": 0.1586633158114929,
        "601728.SS": 0.05,
        "2914.T": 0.061017524613177,
        "9432.T": 0.0728946869697161,
        "9434.T": 0.108548266206067,
        "6288.HK": 0.0352504157933427
    }
}