{
    "portfolio_722": {
        "PEP": 0.0790658192920925,
        "IBN": 0.0160157472814808,
        "TLK": 0.0887496888703011,
        "0TDD.L": 0.01,
        "AD.AS": 0.0710085372432857,
        "KPN.AS": 0.17779382992863,
        "600028.SS": 0.014276015553358,
        "600519.SS": 0.0491277687198525,
        "601398.SS": 0.177240380926643,
        "2914.T": 0.0572460317986441,
        "6857.T": 0.01,
        "8001.T": 0.01,
        "9432.T": 0.0731126170877973,
        "9434.T": 0.1277885993507708,
        "6288.HK": 0.0385749639471443
    }
}