{
    "portfolio_20": {
        "PEP": 0.078450766575363,
        "TLK": 0.0805303358510475,
        "IESC": 0.0184748042160403,
        "ULVR.L": 0.0484147120224925,
        "AD.AS": 0.0636941729858914,
        "KPN.AS": 0.1705659710342359,
        "600519.SS": 0.0361080586273279,
        "600900.SS": 0.0448606761818929,
        "601398.SS": 0.1139728419129113,
        "601988.SS": 0.05,
        "8001.T": 0.05,
        "8058.T": 0.05,
        "9432.T": 0.0609544601464758,
        "9434.T": 0.0839732004463213,
        "9983.T": 0.05
    }
}