{
    "portfolio_192": {
        "PEP": 0.0812214251333277,
        "TLK": 0.0862318160361326,
        "VERX": 0.01,
        "DG.PA": 0.01,
        "SHEL.L": 0.0298917848161487,
        "AD.AS": 0.0728637981321912,
        "KPN.AS": 0.1612385825985301,
        "600519.SS": 0.0467023674419366,
        "601398.SS": 0.1850988899554091,
        "2914.T": 0.062256782493745,
        "4063.T": 0.018827067612584,
        "9433.T": 0.0670725496563752,
        "9434.T": 0.1240783106206645,
        "0883.HK": 0.01,
        "6288.HK": 0.0345166255029552
    }
}