{
    "portfolio_871": {
        "PEP": 0.0783066249844935,
        "TLK": 0.0910401469083866,
        "SHEL.L": 0.0312766604002959,
        "ULVR.L": 0.0618710693796569,
        "AD.AS": 0.069897227031203,
        "KPN.AS": 0.1363370451721944,
        "600941.SS": 0.05,
        "601398.SS": 0.0864704007413279,
        "601988.SS": 0.05,
        "2914.T": 0.059957181196662,
        "7974.T": 0.05,
        "9433.T": 0.0546944044925069,
        "9434.T": 0.0975364365924754,
        "0728.HK": 0.05,
        "6288.HK": 0.0326128031007974
    }
}