{
    "portfolio_716": {
        "PEP": 0.0813090257835078,
        "TLK": 0.0897991989664992,
        "0YXG.L": 0.01,
        "HSBA.L": 0.01,
        "AD.AS": 0.0745047871995641,
        "KPN.AS": 0.1750671295952053,
        "600519.SS": 0.0456013451136514,
        "601398.SS": 0.1793739390690649,
        "2914.T": 0.0600188634333564,
        "8001.T": 0.01,
        "9432.T": 0.0693630372973511,
        "9434.T": 0.133473856678375,
        "0728.HK": 0.0113995898669351,
        "1088.HK": 0.01,
        "6288.HK": 0.0400892269964897
    }
}