{
    "portfolio_724": {
        "AVGO": 0.05,
        "PKX": 0.05,
        "TEO": 0.05,
        "TLK": 0.0392316140441767,
        "0TDD.L": 0.05,
        "ULVR.L": 0.039806992764897,
        "AD.AS": 0.0363149101241136,
        "CCEP.AS": 0.05,
        "KPN.AS": 0.1405006328120886,
        "601398.SS": 0.1646768932870001,
        "2914.T": 0.0542140828488799,
        "9432.T": 0.0834301481604237,
        "9434.T": 0.1245762967126608,
        "0941.HK": 0.0378719911846971,
        "6288.HK": 0.0293764380610624
    }
}