{
    "portfolio_237": {
        "PEP": 0.0823250788323144,
        "BCH": 0.01,
        "TLK": 0.0930691304411341,
        "SAF.PA": 0.01,
        "2B5.F": 0.01,
        "ULVR.L": 0.053311292010823,
        "AD.AS": 0.0664240470922164,
        "KPN.AS": 0.145747705964099,
        "SHELL.AS": 0.0210326523924116,
        "600941.SS": 0.01,
        "601398.SS": 0.1692238155636987,
        "2914.T": 0.0903107678823388,
        "9434.T": 0.1369155470158864,
        "0941.HK": 0.0601621099722008,
        "6288.HK": 0.0414778528328768
    }
}