{
    "portfolio_502": {
        "PEP": 0.0842314978923658,
        "TMUS": 0.01,
        "TLK": 0.0700613161328575,
        "RDNT": 0.01,
        "LPS1.F": 0.01,
        "SHEL.L": 0.0354222293534606,
        "ASM.AS": 0.01,
        "KPN.AS": 0.1823757899329154,
        "UNA.AS": 0.0617412001652365,
        "600519.SS": 0.0613302726705849,
        "601398.SS": 0.1808505475575537,
        "8058.T": 0.01,
        "9432.T": 0.1003998112199454,
        "9434.T": 0.1354314645195901,
        "6288.HK": 0.03815587055549
    }
}