{
    "portfolio_717": {
        "PEP": 0.073353873936701,
        "TLK": 0.091199923791839,
        "BPE.F": 0.0102176193183445,
        "BPE5.F": 0.01,
        "ULVR.L": 0.0534266090059898,
        "AD.AS": 0.0703253840412952,
        "KPN.AS": 0.1549981908579801,
        "601288.SS": 0.0110003332387249,
        "601398.SS": 0.1532132981488164,
        "2914.T": 0.0718855286245527,
        "9432.T": 0.0664647334318822,
        "9434.T": 0.1231111065481755,
        "0941.HK": 0.0610980812298134,
        "3988.HK": 0.01,
        "6288.HK": 0.0397053178258856
    }
}