{
    "portfolio_167": {
        "PEP": 0.0622920815313331,
        "TLK": 0.0805294932899131,
        "IESC": 0.0131810739438757,
        "DG.PA": 0.05,
        "ULVR.L": 0.0299009060516787,
        "AD.AS": 0.0529275906604402,
        "KPN.AS": 0.1432790014426951,
        "WKL.AS": 0.05,
        "600519.SS": 0.0335138463346197,
        "601398.SS": 0.1692315847809688,
        "2914.T": 0.0499131902973343,
        "9432.T": 0.0646065611196638,
        "9434.T": 0.1006246705474773,
        "9983.T": 0.05,
        "0883.HK": 0.05
    }
}