{
    "portfolio_720": {
        "TLK": 0.0659940710747908,
        "LNTH": 0.05,
        "0YXG.L": 0.05,
        "ULVR.L": 0.0542714662266048,
        "AD.AS": 0.0474361556844748,
        "KPN.AS": 0.1564882426195733,
        "REN.AS": 0.05,
        "601328.SS": 0.05,
        "601398.SS": 0.119947103196115,
        "2914.T": 0.0617758613132638,
        "4063.T": 0.05,
        "9433.T": 0.0523214377006224,
        "9434.T": 0.1137774087821862,
        "0941.HK": 0.0481669120191914,
        "6288.HK": 0.0298213413831773
    }
}