{
    "portfolio_124": {
        "PEP": 0.0525948793449816,
        "TLK": 0.0442223145353445,
        "LNTH": 0.05,
        "RICO.L": 0.0368366585291623,
        "SHEL.L": 0.05,
        "ULVR.L": 0.0581796348527823,
        "AD.AS": 0.0492620062652097,
        "KPN.AS": 0.1263207267010303,
        "REN.AS": 0.05,
        "SHELL.AS": 0.05,
        "600519.SS": 0.0372657777404859,
        "601398.SS": 0.1516403139447139,
        "9433.T": 0.0673222428320716,
        "9434.T": 0.1263554452542176,
        "0386.HK": 0.05
    }
}