{
    "portfolio_854": {
        "TLK": 0.0541636986127793,
        "IESC": 0.05,
        "BPE5.F": 0.05,
        "SKFA.F": 0.05,
        "0YXG.L": 0.05,
        "ULVR.L": 0.0517804656900473,
        "AD.AS": 0.0640339318219282,
        "KPN.AS": 0.1535681949308511,
        "600900.SS": 0.0571114840857839,
        "601398.SS": 0.1287962958842764,
        "2914.T": 0.0495993558877135,
        "9432.T": 0.0844442959657456,
        "9434.T": 0.0830674417513999,
        "0386.HK": 0.05,
        "6288.HK": 0.0234348353694745
    }
}