{
    "portfolio_226": {
        "PEP": 0.0749442198657206,
        "TLK": 0.0790763288468193,
        "DG.PA": 0.05,
        "ULVR.L": 0.0519283587739522,
        "AD.AS": 0.0589833145483534,
        "KPN.AS": 0.1160272173857677,
        "SHELL.AS": 0.05,
        "601398.SS": 0.1055279148149642,
        "2914.T": 0.0606022254001259,
        "9433.T": 0.0554648179033787,
        "9434.T": 0.1221245553445451,
        "0728.HK": 0.05,
        "0857.HK": 0.05,
        "3988.HK": 0.05,
        "6288.HK": 0.0253210471163729
    }
}