{
    "portfolio_887": {
        "PEP": 0.0510366282934691,
        "TLK": 0.0535452431758511,
        "RYTM": 0.05,
        "ULVR.L": 0.0544794732979821,
        "AD.AS": 0.06927986693308,
        "KPN.AS": 0.1517299369081192,
        "SHELL.AS": 0.05,
        "601328.SS": 0.05,
        "601398.SS": 0.0986355606991122,
        "2914.T": 0.0683918193886081,
        "9432.T": 0.0594141885238851,
        "9434.T": 0.1188969749730664,
        "0857.HK": 0.05,
        "1288.HK": 0.05,
        "6288.HK": 0.0245903078068267
    }
}