{
    "portfolio_664": {
        "PEP": 0.0704598266056407,
        "TGS": 0.05,
        "TLK": 0.066342425916961,
        "ULVR.L": 0.0586392054261881,
        "AD.AS": 0.0688450967749798,
        "KPN.AS": 0.1518897604271902,
        "600519.SS": 0.0289267406066795,
        "601288.SS": 0.05,
        "601398.SS": 0.0659201003601574,
        "601857.SS": 0.05,
        "2914.T": 0.05136191853827,
        "9432.T": 0.0704793903092519,
        "9434.T": 0.1303148467200159,
        "0728.HK": 0.05,
        "6288.HK": 0.0368206883146656
    }
}