{
    "portfolio_858": {
        "KT": 0.056887598385617,
        "TLK": 0.0676400087248412,
        "ADMA": 0.01,
        "PJXC.F": 0.01,
        "WK0.F": 0.01,
        "HSBA.L": 0.01,
        "ULVR.L": 0.0636627260126127,
        "AD.AS": 0.0703612664523156,
        "KPN.AS": 0.2038834299347924,
        "601088.SS": 0.01,
        "601288.SS": 0.1397890467016551,
        "2914.T": 0.0832381848076474,
        "9432.T": 0.0963327028809864,
        "9434.T": 0.1328102483099928,
        "6288.HK": 0.0353947877895393
    }
}