{
    "portfolio_711": {
        "PEP": 0.0557013002104699,
        "TLK": 0.0887048341212813,
        "0YXG.L": 0.05,
        "ULVR.L": 0.0511532035297734,
        "AD.AS": 0.0642071930603931,
        "KPN.AS": 0.155241230652713,
        "600519.SS": 0.0292391963207162,
        "601328.SS": 0.05,
        "601398.SS": 0.1146895643010246,
        "2914.T": 0.0440671140480981,
        "8031.T": 0.05,
        "9433.T": 0.0572469672281594,
        "9434.T": 0.1100803797081769,
        "0728.HK": 0.05,
        "6288.HK": 0.029669016819194
    }
}