{
    "portfolio_68": {
        "PEP": 0.0524725432938046,
        "TLK": 0.0670341376911716,
        "ADMA": 0.05,
        "DG.PA": 0.05,
        "ULVR.L": 0.0479759620384208,
        "AD.AS": 0.0500929911027692,
        "KPN.AS": 0.1507743756970788,
        "600519.SS": 0.0316652519878376,
        "601288.SS": 0.05,
        "601328.SS": 0.05,
        "601398.SS": 0.08769148435662,
        "8031.T": 0.05,
        "9432.T": 0.0771132971255722,
        "9434.T": 0.1502832454452062,
        "6288.HK": 0.0348967112615188
    }
}