{
    "portfolio_962": {
        "PKX": 0.05,
        "TLK": 0.0506369387199949,
        "RYTM": 0.05,
        "ULVR.L": 0.0489410113587204,
        "AD.AS": 0.0681265570127017,
        "KPN.AS": 0.1757420670248063,
        "600900.SS": 0.0533287883095956,
        "601288.SS": 0.05,
        "601398.SS": 0.1052119395152922,
        "2914.T": 0.0469229632908264,
        "8058.T": 0.05,
        "9432.T": 0.0668987554619452,
        "9434.T": 0.1059624127893123,
        "3988.HK": 0.05,
        "6288.HK": 0.0282285665168047
    }
}