{
    "portfolio_176": {
        "PEP": 0.0397162119462869,
        "TLK": 0.0482454077256883,
        "PRCT": 0.05,
        "0K9E.L": 0.05,
        "ULVR.L": 0.0484054327283972,
        "AD.AS": 0.0598916352126398,
        "KPN.AS": 0.184727142174058,
        "600519.SS": 0.0306864947986342,
        "600900.SS": 0.0502424267974018,
        "601328.SS": 0.05,
        "601398.SS": 0.1247130807058442,
        "6857.T": 0.05,
        "8001.T": 0.05,
        "9432.T": 0.0532725904014188,
        "9434.T": 0.1100995775096306
    }
}