{
    "portfolio_356": {
        "PEP": 0.0757871896468912,
        "TLK": 0.0928213064181378,
        "SHEL.L": 0.0332559183933347,
        "ULVR.L": 0.0517677571385521,
        "AD.AS": 0.0739592445171217,
        "KPN.AS": 0.1435075162957258,
        "601088.SS": 0.01,
        "601398.SS": 0.1617666365211351,
        "2914.T": 0.0718593252533721,
        "6857.T": 0.01,
        "7974.T": 0.0234667749440463,
        "9433.T": 0.0527143082394205,
        "9434.T": 0.1108986408589654,
        "0941.HK": 0.0535619185470601,
        "6288.HK": 0.034633463226237
    }
}