{
    "portfolio_468": {
        "PEP": 0.0557508376500656,
        "TMUS": 0.01,
        "TLK": 0.0861940701296357,
        "AXSM": 0.01,
        "RYTM": 0.01,
        "0YXG.L": 0.01,
        "ULVR.L": 0.0528962895324774,
        "AD.AS": 0.0668583574548324,
        "KPN.AS": 0.1612118361761224,
        "601398.SS": 0.174087708430438,
        "2914.T": 0.0728686734945984,
        "9432.T": 0.070813351401249,
        "9434.T": 0.1197580344084481,
        "0941.HK": 0.0593485804456626,
        "6288.HK": 0.0402122608764703
    }
}