{
    "portfolio_899": {
        "PEP": 0.0730859349800228,
        "TLK": 0.064756416439982,
        "VERX": 0.05,
        "TTE.L": 0.05,
        "ULVR.L": 0.060671999088234,
        "AD.AS": 0.0448051319427218,
        "KPN.AS": 0.1644444003219562,
        "600900.SS": 0.0633397985107061,
        "601288.SS": 0.0946664519949947,
        "601728.SS": 0.05,
        "2914.T": 0.0648710830067559,
        "4519.T": 0.05,
        "9433.T": 0.0703288889402368,
        "9434.T": 0.069772750630081,
        "6288.HK": 0.0292571441443089
    }
}