{
    "portfolio_433": {
        "PEP": 0.0661814049867898,
        "TEO": 0.05,
        "TLK": 0.0682044061960661,
        "0TDD.L": 0.05,
        "ULVR.L": 0.0524323474018376,
        "AD.AS": 0.054265689014501,
        "KPN.AS": 0.142704503991883,
        "600900.SS": 0.0560632598034172,
        "601288.SS": 0.06968129069518,
        "601939.SS": 0.05,
        "2914.T": 0.0645414169815597,
        "9432.T": 0.0730416292119582,
        "9434.T": 0.1133541287483732,
        "0941.HK": 0.0568877619620062,
        "6288.HK": 0.0326421610064279
    }
}