{
    "portfolio_968": {
        "PEP": 0.055604527956709,
        "TLK": 0.093359637157359,
        "OLLI": 0.01,
        "PRCT": 0.01,
        "BSD2.F": 0.01,
        "OL5.F": 0.01,
        "ULVR.L": 0.0606336324486445,
        "AD.AS": 0.0770370476931414,
        "KPN.AS": 0.1595073076040316,
        "601328.SS": 0.01,
        "601398.SS": 0.1598358932491241,
        "2914.T": 0.0811913123777327,
        "9434.T": 0.158039205840875,
        "0941.HK": 0.0659583852794782,
        "6288.HK": 0.0388330503929045
    }
}