{
    "portfolio_876": {
        "BCH": 0.05,
        "TEO": 0.05,
        "TLK": 0.0576515218156246,
        "DG.PA": 0.05,
        "ULVR.L": 0.0522145745991001,
        "AD.AS": 0.0441839027231137,
        "KPN.AS": 0.1244444939950592,
        "REN.AS": 0.05,
        "600900.SS": 0.0514947950676128,
        "601398.SS": 0.1597982969276062,
        "2914.T": 0.0474515021858169,
        "4063.T": 0.05,
        "9432.T": 0.0614327290062303,
        "9434.T": 0.1190491609017871,
        "6288.HK": 0.0322790227780489
    }
}