{
    "portfolio_936": {
        "PEP": 0.0737560214149443,
        "TLK": 0.0928207147556296,
        "DG.PA": 0.01,
        "ULVR.L": 0.0434173921823726,
        "AD.AS": 0.0683291558442327,
        "KPN.AS": 0.1659783271397561,
        "600519.SS": 0.0408322732493899,
        "601398.SS": 0.1738838204024093,
        "601988.SS": 0.01,
        "2914.T": 0.0629734988796617,
        "9432.T": 0.071128798023481,
        "9434.T": 0.1275687759225715,
        "9984.T": 0.01,
        "1088.HK": 0.01,
        "6288.HK": 0.0393112221855512
    }
}