{
    "portfolio_229": {
        "PEP": 0.074396036878119,
        "TLK": 0.0866318797618344,
        "AXSM": 0.01,
        "BPE.F": 0.0118631505801014,
        "HSBA.L": 0.01,
        "ULVR.L": 0.0477753724147026,
        "AD.AS": 0.0662844254580629,
        "KPN.AS": 0.1570869019844246,
        "600519.SS": 0.039162654738957,
        "601398.SS": 0.1815812242820041,
        "2914.T": 0.0617696901160188,
        "9432.T": 0.0789648637029032,
        "9434.T": 0.1241714219767684,
        "0883.HK": 0.0104942335885953,
        "6288.HK": 0.0398181445175083
    }
}