{
    "portfolio_231": {
        "LIN": 0.05,
        "TLK": 0.0648839400922323,
        "AI.PA": 0.05,
        "8GC.F": 0.05,
        "ULVR.L": 0.0504521800141013,
        "AD.AS": 0.0379997864948084,
        "CCEP.AS": 0.05,
        "KPN.AS": 0.1380142593699317,
        "601398.SS": 0.1178373669031074,
        "601939.SS": 0.05,
        "2914.T": 0.0629013311963347,
        "9432.T": 0.0729722406717804,
        "9434.T": 0.1190144746725846,
        "0941.HK": 0.0529335541183216,
        "6288.HK": 0.0329908664667975
    }
}