{
    "portfolio_554": {
        "PEP": 0.0740337593307159,
        "TMUS": 0.01,
        "TLK": 0.0875705966640343,
        "0K9E.L": 0.0242579533228083,
        "HSBA.L": 0.01,
        "AD.AS": 0.0753872605267584,
        "KPN.AS": 0.1627791727100549,
        "600519.SS": 0.0412293892461119,
        "601398.SS": 0.1626416422074672,
        "2914.T": 0.0571523448847639,
        "9432.T": 0.067985797012169,
        "9434.T": 0.1293578635983536,
        "0941.HK": 0.050569798310528,
        "3988.HK": 0.01,
        "6288.HK": 0.0370344221862347
    }
}