{
    "portfolio_658": {
        "PEP": 0.084038015228095,
        "TLK": 0.0835694338061036,
        "SHEL.L": 0.0282104196903546,
        "ULVR.L": 0.0484722090527439,
        "AD.AS": 0.0759671530379539,
        "KPN.AS": 0.1445661326129358,
        "600900.SS": 0.0725987035059639,
        "601988.SS": 0.05,
        "2914.T": 0.0665074843943324,
        "4519.T": 0.05,
        "9433.T": 0.0579230120789757,
        "9434.T": 0.0881474365925412,
        "1288.HK": 0.05,
        "3988.HK": 0.05,
        "6288.HK": 0.05
    }
}