{
    "portfolio_553": {
        "PEP": 0.0747291610985205,
        "TLK": 0.0688469621854478,
        "AI.PA": 0.05,
        "SHEL.L": 0.05,
        "ULVR.L": 0.0537268998005547,
        "AD.AS": 0.0504756097703471,
        "KPN.AS": 0.1177368971426486,
        "SHELL.AS": 0.05,
        "600900.SS": 0.047714482640461,
        "601398.SS": 0.1344462527540488,
        "2914.T": 0.0603190578492731,
        "8001.T": 0.05,
        "9434.T": 0.1213048457823136,
        "0941.HK": 0.0447478190678602,
        "6288.HK": 0.0259520119085243
    }
}