{
    "portfolio_409": {
        "CRESY": 0.05,
        "ADMA": 0.05,
        "LNTH": 0.05,
        "TTE.PA": 0.05,
        "RICO.L": 0.0282672055073951,
        "ULVR.L": 0.087615821797287,
        "AD.AS": 0.0577895684467883,
        "KPN.AS": 0.1400028168523658,
        "601138.SS": 0.0139561420634429,
        "601398.SS": 0.1587015945374956,
        "4519.T": 0.05,
        "9432.T": 0.0585590084063358,
        "9434.T": 0.1405705170838248,
        "0941.HK": 0.0364041945472171,
        "6288.HK": 0.0281331307578473
    }
}