{
    "portfolio_71": {
        "PEP": 0.0950495945122244,
        "TGS": 0.01,
        "TLK": 0.1009986047942192,
        "0DH.F": 0.01,
        "0YXG.L": 0.01,
        "ULVR.L": 0.0570739321004169,
        "AD.AS": 0.0750982580528971,
        "KPN.AS": 0.1560309482628957,
        "600519.SS": 0.0575810955718108,
        "600941.SS": 0.01,
        "601088.SS": 0.01,
        "601398.SS": 0.1753005480228341,
        "7974.T": 0.0647612594674182,
        "9432.T": 0.1243547955606668,
        "6288.HK": 0.0437509636546166
    }
}