{
    "portfolio_239": {
        "TEO": 0.05,
        "PRCT": 0.05,
        "VERX": 0.05,
        "RICO.L": 0.0233177602303325,
        "TTE.L": 0.05,
        "ULVR.L": 0.0707814352842991,
        "AD.AS": 0.0525944468487113,
        "KPN.AS": 0.1890432937142632,
        "600900.SS": 0.0745115073775691,
        "601398.SS": 0.1342054614692485,
        "2914.T": 0.0475222846822599,
        "6857.T": 0.05,
        "9433.T": 0.0464272754110698,
        "9434.T": 0.093330964983491,
        "6288.HK": 0.0182655699987553
    }
}