{
    "portfolio_102": {
        "PEP": 0.0747864649769213,
        "KT": 0.04576723462982,
        "TLK": 0.0696321189968762,
        "AXSM": 0.01,
        "LPS1.F": 0.01,
        "SHEL.L": 0.0330106316885841,
        "KPN.AS": 0.1688127209372233,
        "UNA.AS": 0.0628033079763314,
        "600519.SS": 0.0504492017780571,
        "601398.SS": 0.1741916049888112,
        "2914.T": 0.0473758516089015,
        "4519.T": 0.01,
        "9432.T": 0.0881296225776137,
        "9434.T": 0.1148705509759029,
        "6288.HK": 0.0401706888649573
    }
}