{
    "portfolio_125": {
        "TLK": 0.0582038649018156,
        "IESC": 0.05,
        "BSD2.F": 0.05,
        "0YXG.L": 0.05,
        "ULVR.L": 0.0441359306033399,
        "AD.AS": 0.0506846261028154,
        "KPN.AS": 0.1492918237093363,
        "WKL.AS": 0.05,
        "600900.SS": 0.0447085567244342,
        "601398.SS": 0.1351258498401421,
        "2914.T": 0.0725912465636451,
        "9432.T": 0.0617484952172918,
        "9434.T": 0.097835837391277,
        "0386.HK": 0.05,
        "6288.HK": 0.0356737689459024
    }
}