{
    "portfolio_868": {
        "PEP": 0.0800439908159311,
        "BCH": 0.05,
        "TLK": 0.0617626627516551,
        "HSBA.L": 0.05,
        "TTE.L": 0.05,
        "ULVR.L": 0.0541877493662322,
        "AD.AS": 0.0547073452724488,
        "KPN.AS": 0.1375531435071172,
        "600519.SS": 0.0256319610898145,
        "601398.SS": 0.1370817572534798,
        "8031.T": 0.05,
        "9432.T": 0.0731871843546159,
        "9434.T": 0.0953032406628357,
        "0728.HK": 0.05,
        "6288.HK": 0.0305409649258697
    }
}