{
    "portfolio_595": {
        "PEP": 0.0706130778332082,
        "TAK": 0.0330604433741162,
        "TLK": 0.0801332357051515,
        "SHEL.L": 0.05,
        "ULVR.L": 0.048995781212301,
        "AD.AS": 0.0718923637017574,
        "KPN.AS": 0.1365394419829068,
        "600519.SS": 0.0343903856526074,
        "601088.SS": 0.05,
        "601398.SS": 0.1017767029953832,
        "601939.SS": 0.05,
        "2914.T": 0.0664432957726586,
        "9433.T": 0.0640115547100578,
        "9434.T": 0.1063893948772698,
        "6288.HK": 0.035754322182582
    }
}