{
    "portfolio_272": {
        "PEP": 0.0567281353712129,
        "TLK": 0.0701420390020078,
        "TTE.PA": 0.05,
        "0YXG.L": 0.05,
        "ULVR.L": 0.0518179605070082,
        "AD.AS": 0.0605462010119696,
        "KPN.AS": 0.1403433983871917,
        "600900.SS": 0.0487066339008131,
        "601398.SS": 0.0838188376244065,
        "601988.SS": 0.05,
        "2914.T": 0.0662450707008251,
        "9432.T": 0.0752218585452148,
        "9434.T": 0.1052504709943059,
        "0941.HK": 0.0515608766078205,
        "6288.HK": 0.0396185173472235
    }
}