{
    "portfolio_468": {
        "PEP": 0.067173259087303,
        "TLK": 0.080229812808418,
        "IESC": 0.0175749000877197,
        "0TDD.L": 0.05,
        "AD.AS": 0.0464238019160454,
        "CCEP.AS": 0.05,
        "KPN.AS": 0.168187127984327,
        "600519.SS": 0.0361331794630473,
        "601288.SS": 0.05,
        "601398.SS": 0.1289788222615416,
        "4519.T": 0.05,
        "8001.T": 0.05,
        "9432.T": 0.0595889012095132,
        "9434.T": 0.097875268178026,
        "0941.HK": 0.0478349270040585
    }
}