{
    "portfolio_808": {
        "PEP": 0.0722683174287103,
        "CIB": 0.01,
        "TLK": 0.0895684512061941,
        "ADMA": 0.01,
        "SMMT": 0.01,
        "AIR.PA": 0.01,
        "SHEL.L": 0.0300206960478877,
        "ULVR.L": 0.048250957218235,
        "AD.AS": 0.060057049507829,
        "KPN.AS": 0.1467459368899349,
        "601398.SS": 0.1660846281699718,
        "2914.T": 0.0860392773230154,
        "9434.T": 0.1565907013705705,
        "0941.HK": 0.0673301404011877,
        "6288.HK": 0.0370438444364634
    }
}