{
    "portfolio_70": {
        "PEP": 0.0347596291049415,
        "BSAC": 0.05,
        "TLK": 0.0658840014403875,
        "APPF": 0.05,
        "SAN.PA": 0.0304907740931398,
        "ULVR.L": 0.0490305018032642,
        "AD.AS": 0.0672934532633576,
        "KPN.AS": 0.143360281501102,
        "600519.SS": 0.0274345647483719,
        "600941.SS": 0.05,
        "601398.SS": 0.1224250186941221,
        "2914.T": 0.0731278940579143,
        "9434.T": 0.1520298139456025,
        "0941.HK": 0.05,
        "6288.HK": 0.0341640673477964
    }
}