{
    "portfolio_953": {
        "PEP": 0.0553486839421205,
        "PKX": 0.05,
        "TLK": 0.0637878395685157,
        "AXSM": 0.05,
        "SAN.PA": 0.036035311746247,
        "ULVR.L": 0.0529324064365251,
        "AD.AS": 0.0456448224901736,
        "KPN.AS": 0.1363871520880628,
        "601398.SS": 0.1626284458998198,
        "6857.T": 0.05,
        "8031.T": 0.05,
        "9432.T": 0.1127962122183673,
        "9434.T": 0.064053759854823,
        "0728.HK": 0.05,
        "6288.HK": 0.0203853657553452
    }
}