{
    "portfolio_101": {
        "CRESY": 0.01,
        "PEP": 0.059727518188113,
        "TLK": 0.0837063108187018,
        "IESC": 0.0177502770278861,
        "0TDD.L": 0.01,
        "ULVR.L": 0.054851649284559,
        "AD.AS": 0.0657645495610055,
        "KPN.AS": 0.1621950289044326,
        "601398.SS": 0.1725854618025537,
        "2914.T": 0.0677477988346322,
        "4063.T": 0.0163090024280835,
        "9432.T": 0.0674520779291597,
        "9434.T": 0.1139953177777302,
        "0941.HK": 0.0615713111427824,
        "6288.HK": 0.0363436963003604
    }
}