{
    "portfolio_988": {
        "PEP": 0.0538401579177148,
        "BCH": 0.05,
        "TLK": 0.0751051976496604,
        "AXSM": 0.05,
        "SAN.PA": 0.0313980658646055,
        "ULVR.L": 0.0712593362815857,
        "AD.AS": 0.0462090736220781,
        "KPN.AS": 0.1290930577389978,
        "601398.SS": 0.1467540180948332,
        "7974.T": 0.05,
        "8031.T": 0.05,
        "9432.T": 0.0840755584286418,
        "9434.T": 0.0839575856990431,
        "0857.HK": 0.05,
        "6288.HK": 0.0283079487028394
    }
}