{
    "portfolio_697": {
        "PEP": 0.0448253651595075,
        "TLK": 0.0390874204532675,
        "PRCT": 0.05,
        "BHP.L": 0.05,
        "HSBA.L": 0.05,
        "TYT.L": 0.05,
        "ULVR.L": 0.061362637071183,
        "AD.AS": 0.0558339320976059,
        "KPN.AS": 0.1671518142639035,
        "600900.SS": 0.0316032767909369,
        "601088.SS": 0.05,
        "601398.SS": 0.1471912647780394,
        "9432.T": 0.0662572708995443,
        "9434.T": 0.1086487532120007,
        "6288.HK": 0.028038265274011
    }
}