{
    "portfolio_444": {
        "PEP": 0.0572008810588082,
        "HMC": 0.05,
        "TLK": 0.0803689115442096,
        "SAN.PA": 0.0225021593358328,
        "ULVR.L": 0.0397493731697365,
        "AD.AS": 0.0684933994865871,
        "KPN.AS": 0.1574977671768142,
        "600900.SS": 0.0373070368619152,
        "601398.SS": 0.1752082253120663,
        "2914.T": 0.037805914015776,
        "9432.T": 0.066685143842482,
        "9434.T": 0.0571811881957717,
        "9983.T": 0.05,
        "9984.T": 0.05,
        "6288.HK": 0.05
    }
}