{
    "portfolio_661": {
        "PEP": 0.0737966322116099,
        "TLK": 0.0920491205266238,
        "0YXG.L": 0.01,
        "ULVR.L": 0.045154683617525,
        "AD.AS": 0.0720328699330902,
        "KPN.AS": 0.1576001867968328,
        "600519.SS": 0.0368193475974418,
        "601398.SS": 0.1601352775199243,
        "2914.T": 0.0614911505257466,
        "7974.T": 0.0203637410582473,
        "9432.T": 0.0464109251421989,
        "9433.T": 0.032243172771039,
        "9434.T": 0.1056406136971446,
        "0941.HK": 0.0508641639108081,
        "6288.HK": 0.0353981146917674
    }
}