{
    "portfolio_955": {
        "PEP": 0.0536861691088442,
        "TLK": 0.0703507278571701,
        "AXSM": 0.05,
        "BPE.F": 0.05,
        "ULVR.L": 0.0556982186425039,
        "AD.AS": 0.0419593274807649,
        "CCEP.AS": 0.05,
        "KPN.AS": 0.1294622312654067,
        "600028.SS": 0.05,
        "601398.SS": 0.1556833022124488,
        "2914.T": 0.0504619876004163,
        "4519.T": 0.05,
        "9432.T": 0.0886146926016443,
        "9434.T": 0.0745265967936235,
        "6288.HK": 0.0295499542583338
    }
}