{
    "portfolio_494": {
        "PEP": 0.0614091587741361,
        "BCH": 0.01,
        "TLK": 0.0963000923936488,
        "ADMA": 0.01,
        "OL5.F": 0.01,
        "AZN.L": 0.01,
        "ULVR.L": 0.0613743656430161,
        "AD.AS": 0.0767027320971121,
        "KPN.AS": 0.1496939858889786,
        "601398.SS": 0.1597428356134846,
        "2914.T": 0.0809364006022954,
        "9434.T": 0.1619693260924838,
        "0386.HK": 0.01,
        "0941.HK": 0.0628527592847115,
        "6288.HK": 0.0390183436101329
    }
}