{
    "portfolio_516": {
        "PEP": 0.0767554102904224,
        "TLK": 0.0848608067518293,
        "CS.PA": 0.01,
        "ULVR.L": 0.0489714814356023,
        "AD.AS": 0.0658577331899081,
        "KPN.AS": 0.1540133156961025,
        "SHELL.AS": 0.0238138335888804,
        "600519.SS": 0.0429749363816278,
        "600941.SS": 0.01,
        "601398.SS": 0.1689712783403926,
        "601988.SS": 0.01,
        "2914.T": 0.0623583723764972,
        "9432.T": 0.0700354482142214,
        "9434.T": 0.1311831318454247,
        "6288.HK": 0.0402042518890912
    }
}