{
    "portfolio_895": {
        "AVGO": 0.05,
        "TLK": 0.0639466794190637,
        "AXSM": 0.05,
        "0K9E.L": 0.05,
        "RICO.L": 0.019249066832517,
        "ULVR.L": 0.0504475186667822,
        "AD.AS": 0.0371030171178474,
        "INGA.AS": 0.05,
        "KPN.AS": 0.1399880712379242,
        "600900.SS": 0.0354115382884947,
        "601398.SS": 0.1696743022070237,
        "2914.T": 0.05,
        "9432.T": 0.0931538673303291,
        "9434.T": 0.0996752679386339,
        "6288.HK": 0.0413506709613836
    }
}