{
    "portfolio_72": {
        "CRESY": 0.05,
        "PEP": 0.0684860868896144,
        "BPE.F": 0.05,
        "BSD2.F": 0.05,
        "ULVR.L": 0.0756847310796576,
        "AD.AS": 0.0702620898326135,
        "KPN.AS": 0.0853765240254719,
        "SHELL.AS": 0.05,
        "600900.SS": 0.0597312600074713,
        "601398.SS": 0.1207896736318034,
        "2914.T": 0.0685929628217377,
        "9433.T": 0.0801724131478902,
        "9434.T": 0.0930554867404221,
        "1288.HK": 0.05,
        "6288.HK": 0.0278487718233179
    }
}