{
    "portfolio_49": {
        "PEP": 0.0795442720642038,
        "TLK": 0.1000339485777558,
        "SKFA.F": 0.01,
        "AD.AS": 0.0826669955347287,
        "KPN.AS": 0.1670574709880038,
        "600519.SS": 0.0457179637507873,
        "600941.SS": 0.01,
        "601398.SS": 0.1652820569112527,
        "2914.T": 0.0609672389079449,
        "7974.T": 0.0222510302224855,
        "9433.T": 0.063227169826481,
        "9434.T": 0.1280694636820896,
        "0857.HK": 0.0209046470022043,
        "1088.HK": 0.01,
        "6288.HK": 0.0342777425320626
    }
}