{
    "portfolio_841": {
        "PEP": 0.0449920154116112,
        "TMUS": 0.05,
        "TLK": 0.0850095508170201,
        "CS.PA": 0.05,
        "ULVR.L": 0.0459635859899341,
        "AD.AS": 0.0674551859004046,
        "KPN.AS": 0.1261753210679275,
        "600519.SS": 0.0358230220153901,
        "601088.SS": 0.05,
        "601398.SS": 0.1153188584478836,
        "2914.T": 0.0573392824973133,
        "9433.T": 0.0554721317486993,
        "9434.T": 0.1328134730760347,
        "0857.HK": 0.05,
        "6288.HK": 0.0336375730277816
    }
}