{
    "portfolio_940": {
        "PEP": 0.0458180340218625,
        "PKX": 0.05,
        "TLK": 0.054900997688273,
        "ADMA": 0.05,
        "SAN.PA": 0.0292567197303449,
        "ULVR.L": 0.0490773518124202,
        "AD.AS": 0.0576621838833978,
        "KPN.AS": 0.1466028678878,
        "600028.SS": 0.05,
        "601088.SS": 0.05,
        "601398.SS": 0.1083589424232008,
        "4519.T": 0.05,
        "9432.T": 0.0819663517620741,
        "9434.T": 0.1374368684167912,
        "6288.HK": 0.0389196823738352
    }
}