{
    "portfolio_650": {
        "PKX": 0.05,
        "TLK": 0.0782299815694112,
        "AXSM": 0.05,
        "SAN.PA": 0.0322359118721198,
        "ULVR.L": 0.0561162118084707,
        "AD.AS": 0.0469218977211877,
        "KPN.AS": 0.1285028976717902,
        "REN.AS": 0.05,
        "601088.SS": 0.05,
        "601398.SS": 0.1339325849209104,
        "2914.T": 0.0497978839208931,
        "9432.T": 0.10198382291205,
        "9434.T": 0.0916863156136298,
        "0386.HK": 0.05,
        "6288.HK": 0.0305924919895372
    }
}