{
    "portfolio_823": {
        "PEP": 0.0505301655191731,
        "TMUS": 0.05,
        "TLK": 0.0573684042006857,
        "8GC.F": 0.05,
        "BSD2.F": 0.05,
        "ULVR.L": 0.0561784251395728,
        "AD.AS": 0.0651102005641076,
        "KPN.AS": 0.1226277176789064,
        "601328.SS": 0.05,
        "601398.SS": 0.1151725558677218,
        "2914.T": 0.0505497400693593,
        "9432.T": 0.07180099253882,
        "9434.T": 0.1236418346431607,
        "0941.HK": 0.0470067156130582,
        "6288.HK": 0.0400132481654343
    }
}