{
    "portfolio_545": {
        "AVGO": 0.05,
        "PEP": 0.0516091009410696,
        "TLK": 0.0596219767769108,
        "HSBA.L": 0.05,
        "SHEL.L": 0.05,
        "ULVR.L": 0.0463472981353894,
        "AD.AS": 0.0609341749964678,
        "KPN.AS": 0.1340260265629395,
        "601088.SS": 0.05,
        "601398.SS": 0.1189862430070724,
        "2914.T": 0.0658782817574208,
        "9432.T": 0.0683271811897914,
        "9434.T": 0.1078144241871272,
        "0728.HK": 0.05,
        "6288.HK": 0.036455292445811
    }
}