{
    "portfolio_948": {
        "TMUS": 0.05,
        "TLK": 0.0727833909881264,
        "VERX": 0.05,
        "TTE.PA": 0.05,
        "RICO.L": 0.0289067141837428,
        "ULVR.L": 0.0598245289604273,
        "AD.AS": 0.0633623847282997,
        "KPN.AS": 0.1412799235524924,
        "601398.SS": 0.1107460691094164,
        "2914.T": 0.0540956928243389,
        "9433.T": 0.0717548220003451,
        "9434.T": 0.1182611170558574,
        "0857.HK": 0.05,
        "1288.HK": 0.05,
        "6288.HK": 0.0289853565969535
    }
}