{
    "portfolio_60": {
        "PEP": 0.0509134798080974,
        "TLK": 0.0830631058855158,
        "AIR.PA": 0.05,
        "0A4J.L": 0.05,
        "ULVR.L": 0.0318815765874634,
        "AD.AS": 0.0452672639071796,
        "KPN.AS": 0.1271233900648274,
        "REN.AS": 0.05,
        "600519.SS": 0.0286565645233919,
        "601398.SS": 0.1610834082414797,
        "2914.T": 0.057478887540049,
        "9432.T": 0.0710536044000053,
        "9434.T": 0.1141236623391362,
        "0386.HK": 0.05,
        "6288.HK": 0.0293550567028544
    }
}