{
    "portfolio_652": {
        "PEP": 0.0632753126777238,
        "TLK": 0.0719296090563237,
        "BPE.F": 0.05,
        "ULVR.L": 0.0707376028991313,
        "AD.AS": 0.0513462557043675,
        "ASM.AS": 0.05,
        "KPN.AS": 0.1581519322103336,
        "601328.SS": 0.05,
        "601398.SS": 0.0961057415372292,
        "2914.T": 0.044973289277296,
        "8001.T": 0.05,
        "9432.T": 0.0623713411004589,
        "9434.T": 0.1092966924918632,
        "0857.HK": 0.05,
        "6288.HK": 0.0218122230452724
    }
}