{
    "portfolio_806": {
        "PEP": 0.0626036589902121,
        "BSAC": 0.05,
        "TLK": 0.0599656604653994,
        "AI.PA": 0.05,
        "BSD2.F": 0.05,
        "ULVR.L": 0.0448711692363466,
        "AD.AS": 0.046451543391465,
        "KPN.AS": 0.1373227787716042,
        "600900.SS": 0.0624102975898682,
        "601288.SS": 0.0861144759452522,
        "2914.T": 0.0717668522590184,
        "9432.T": 0.0661508527960446,
        "9434.T": 0.1198758398536268,
        "3988.HK": 0.05,
        "6288.HK": 0.0424668707011621
    }
}