{
    "portfolio_241": {
        "CRESY": 0.01,
        "KT": 0.0539157410878073,
        "TLK": 0.0778791574635876,
        "RMS.PA": 0.01,
        "PJXC.F": 0.01,
        "SKFA.F": 0.01,
        "ULVR.L": 0.0628538831809376,
        "AD.AS": 0.0769413298949326,
        "KPN.AS": 0.1732715483503684,
        "601288.SS": 0.0567078048244608,
        "601398.SS": 0.133126646834936,
        "2914.T": 0.0606517003397228,
        "9432.T": 0.0907985089668243,
        "9434.T": 0.1303336825003562,
        "6288.HK": 0.0435199965560663
    }
}