{
    "portfolio_891": {
        "CRESY": 0.05,
        "PEP": 0.0438798234024194,
        "TLK": 0.0337793593580421,
        "CS.PA": 0.05,
        "SAF.PA": 0.05,
        "BPE5.F": 0.05,
        "ULVR.L": 0.0730948908805675,
        "AD.AS": 0.046269222272297,
        "KPN.AS": 0.1044529249979623,
        "601398.SS": 0.1753144129433271,
        "601728.SS": 0.05,
        "2914.T": 0.067085625540744,
        "9432.T": 0.0730379101085305,
        "9434.T": 0.1015477883143619,
        "6288.HK": 0.0315380421817484
    }
}