{
    "portfolio_127": {
        "AVGO": 0.0116153100643463,
        "PEP": 0.058794869700189,
        "TLK": 0.0897664080143958,
        "LNTH": 0.01,
        "ULVR.L": 0.049997813174908,
        "AD.AS": 0.0707055564244495,
        "KPN.AS": 0.1688679271719227,
        "600519.SS": 0.0406998449614636,
        "600941.SS": 0.01,
        "601328.SS": 0.01,
        "601398.SS": 0.1588458742186221,
        "601857.SS": 0.0156021324828709,
        "2914.T": 0.0815008724038763,
        "9434.T": 0.1827242266218596,
        "6288.HK": 0.0408791647610962
    }
}