{
    "portfolio_178": {
        "PEP": 0.0621974415470482,
        "TLK": 0.0659737835990514,
        "ADMA": 0.05,
        "TTE.L": 0.05,
        "ULVR.L": 0.070011211602366,
        "AD.AS": 0.0574676151098347,
        "KPN.AS": 0.139813984499481,
        "601288.SS": 0.05,
        "601398.SS": 0.0738128881501968,
        "601728.SS": 0.05,
        "2914.T": 0.0497065653328908,
        "9432.T": 0.0680302427001629,
        "9434.T": 0.1264781906976653,
        "0883.HK": 0.05,
        "6288.HK": 0.0365080767613029
    }
}