{
    "portfolio_373": {
        "PEP": 0.0930557398774045,
        "TLK": 0.0768706129741182,
        "IESC": 0.0104255202071093,
        "SMMT": 0.01,
        "CS.PA": 0.01,
        "WK0.F": 0.01,
        "TYT.L": 0.0595891648477468,
        "ULVR.L": 0.0470545980448995,
        "AD.AS": 0.043758308896132,
        "KPN.AS": 0.1989636474471676,
        "600519.SS": 0.0588146557555427,
        "601398.SS": 0.1570833565052385,
        "601939.SS": 0.01,
        "9432.T": 0.0847000511594645,
        "9434.T": 0.1296843442851762
    }
}