{
    "portfolio_532": {
        "AVGO": 0.05,
        "TMUS": 0.05,
        "TLK": 0.0748163384341419,
        "SHEL.L": 0.0239341253962704,
        "ULVR.L": 0.0559335104840097,
        "AD.AS": 0.0727195269553015,
        "KPN.AS": 0.142243190507055,
        "600900.SS": 0.0505029420538776,
        "601398.SS": 0.123659655113555,
        "2914.T": 0.0568942078324736,
        "8001.T": 0.05,
        "9433.T": 0.0458645262387585,
        "9434.T": 0.1169011249851744,
        "3988.HK": 0.05,
        "6288.HK": 0.0365308519993821
    }
}