{
    "portfolio_391": {
        "PEP": 0.0810076856168789,
        "TGS": 0.01,
        "TLK": 0.0909369377554857,
        "2B5.F": 0.01,
        "8GC.F": 0.01,
        "SKFA.F": 0.01,
        "ULVR.L": 0.0532756439676041,
        "AD.AS": 0.0711154846930547,
        "KPN.AS": 0.1473610023877626,
        "SHELL.AS": 0.014175853512758,
        "601398.SS": 0.1699702838286066,
        "2914.T": 0.0841396108455075,
        "9434.T": 0.1383362015831614,
        "0941.HK": 0.0703977962934944,
        "6288.HK": 0.0392834995156861
    }
}