{
    "portfolio_704": {
        "LIN": 0.05,
        "PEP": 0.0564573380421745,
        "TLK": 0.0729943632750295,
        "BSD2.F": 0.05,
        "ULVR.L": 0.0465402124223961,
        "AD.AS": 0.0584214128222493,
        "KPN.AS": 0.1387129444074092,
        "601398.SS": 0.0885583464119774,
        "601728.SS": 0.05,
        "601939.SS": 0.05,
        "2914.T": 0.0587323336538459,
        "9432.T": 0.0657158307098264,
        "9434.T": 0.1253577407695015,
        "3988.HK": 0.05,
        "6288.HK": 0.0385094774855904
    }
}