{
    "portfolio_549": {
        "PEP": 0.0963929349452007,
        "TLK": 0.0778172337072925,
        "OLLI": 0.01,
        "SMMT": 0.01,
        "WK0.F": 0.01,
        "SHEL.L": 0.0348645860354351,
        "TYT.L": 0.0389125568935786,
        "AD.AS": 0.0581988103702508,
        "KPN.AS": 0.1949413795682728,
        "600519.SS": 0.0535767312857064,
        "600941.SS": 0.01,
        "601398.SS": 0.1627928332623082,
        "2914.T": 0.0751490833162241,
        "4519.T": 0.0103223920489608,
        "9434.T": 0.15703145856677
    }
}