{
    "portfolio_744": {
        "PEP": 0.062128428992116,
        "TLK": 0.0814948188666586,
        "IESC": 0.0152406815238856,
        "RYTM": 0.01,
        "SHEL.L": 0.0310852828717298,
        "ULVR.L": 0.0522119200412876,
        "AD.AS": 0.0724333234751554,
        "KPN.AS": 0.1544821949758536,
        "601398.SS": 0.1660103255500845,
        "601988.SS": 0.01,
        "2914.T": 0.0830760106347997,
        "7974.T": 0.0247437435947095,
        "9434.T": 0.1437124329488012,
        "0941.HK": 0.0588690585858456,
        "6288.HK": 0.0345117779390728
    }
}