{
    "portfolio_369": {
        "TGS": 0.05,
        "TLK": 0.0546371140814214,
        "APPF": 0.05,
        "SAF.PA": 0.05,
        "RICO.L": 0.023577183235981,
        "ULVR.L": 0.0596506220260409,
        "AD.AS": 0.0655324663191068,
        "KPN.AS": 0.1514903156507518,
        "600519.SS": 0.0236698143847291,
        "600941.SS": 0.05,
        "601398.SS": 0.1098258501509682,
        "601988.SS": 0.05,
        "2914.T": 0.0636349658230712,
        "9434.T": 0.1603517235574752,
        "6288.HK": 0.037629944770454
    }
}