{
    "portfolio_311": {
        "PEP": 0.0683130269613212,
        "TLK": 0.1071311956226148,
        "SAN.PA": 0.0304732401373702,
        "ULVR.L": 0.0491794956381047,
        "AD.AS": 0.0716480870495769,
        "KPN.AS": 0.1441553249133636,
        "601398.SS": 0.0849532916492682,
        "601988.SS": 0.05,
        "2914.T": 0.05,
        "8031.T": 0.05,
        "9433.T": 0.0617062713672538,
        "9434.T": 0.1033598199622553,
        "0883.HK": 0.05,
        "1088.HK": 0.05,
        "6288.HK": 0.0290802466988712
    }
}