{
    "portfolio_262": {
        "PEP": 0.0354856152325173,
        "TLK": 0.0719933971465912,
        "OLLI": 0.05,
        "SAF.PA": 0.05,
        "ULVR.L": 0.0406932470334674,
        "AD.AS": 0.0605292775703122,
        "KPN.AS": 0.1436357197629484,
        "SHELL.AS": 0.05,
        "601398.SS": 0.1584818836607487,
        "2914.T": 0.0588823188264615,
        "9432.T": 0.0509011569044877,
        "9434.T": 0.1092068494728653,
        "9983.T": 0.05,
        "1088.HK": 0.05,
        "6288.HK": 0.0201905343895999
    }
}