{
    "portfolio_613": {
        "AVGO": 0.0115808067528549,
        "PEP": 0.0761807535679122,
        "TLK": 0.0952531578413265,
        "2B5.F": 0.01,
        "SKFA.F": 0.01,
        "ULVR.L": 0.0517636888768631,
        "AD.AS": 0.0694259447510891,
        "KPN.AS": 0.149361242947093,
        "SHELL.AS": 0.022076102055951,
        "601398.SS": 0.1649471493785038,
        "2914.T": 0.0877664653458156,
        "9434.T": 0.1395344842108522,
        "0857.HK": 0.01,
        "0941.HK": 0.0633351377256985,
        "6288.HK": 0.0387750665460399
    }
}