{
    "portfolio_980": {
        "PEP": 0.0532675397312394,
        "TLK": 0.0356640728755748,
        "RYTM": 0.05,
        "TTE.PA": 0.05,
        "BSD2.F": 0.05,
        "TTE.L": 0.05,
        "ULVR.L": 0.0428309199300704,
        "AD.AS": 0.0672138471686537,
        "KPN.AS": 0.1296803915286795,
        "600900.SS": 0.0616686225504852,
        "601398.SS": 0.1513312840258544,
        "2914.T": 0.0627056596511843,
        "9433.T": 0.0615939170093144,
        "9434.T": 0.0840437455289437,
        "6288.HK": 0.05
    }
}