{
    "portfolio_43": {
        "CRESY": 0.01,
        "PEP": 0.090045511574376,
        "TLK": 0.0731078037539285,
        "WK0.F": 0.01,
        "TYT.L": 0.0495146778082246,
        "ULVR.L": 0.0535488899138754,
        "AD.AS": 0.0553833514756609,
        "KPN.AS": 0.1961786803154914,
        "600028.SS": 0.01,
        "600519.SS": 0.0609644630274459,
        "601398.SS": 0.1456183405896324,
        "601857.SS": 0.01,
        "8001.T": 0.01,
        "9432.T": 0.0907684761522696,
        "9434.T": 0.1348698053890953
    }
}