{
    "portfolio_876": {
        "PEP": 0.0981960007649952,
        "TLK": 0.0746229195404714,
        "WK0.F": 0.01,
        "0TDD.L": 0.01,
        "SHEL.L": 0.0353805120145367,
        "AD.AS": 0.0667859323910528,
        "KPN.AS": 0.1806005392323338,
        "REN.AS": 0.01,
        "600519.SS": 0.0602372950536812,
        "601328.SS": 0.01,
        "601398.SS": 0.148351447762267,
        "601857.SS": 0.01,
        "2914.T": 0.0870807447834678,
        "9433.T": 0.075967640381454,
        "9434.T": 0.12277696807574
    }
}