{
    "portfolio_678": {
        "PEP": 0.0664359541027173,
        "BSAC": 0.01,
        "EC": 0.01,
        "TLK": 0.0887808507528308,
        "SAF.PA": 0.01,
        "ULVR.L": 0.0566395542357342,
        "AD.AS": 0.062229044841286,
        "KPN.AS": 0.1595490315139899,
        "601138.SS": 0.0128880852742529,
        "601398.SS": 0.1765245716082664,
        "2914.T": 0.0750369990205394,
        "9432.T": 0.0662970525472771,
        "9434.T": 0.1390162001042241,
        "0857.HK": 0.0251541088334392,
        "6288.HK": 0.0414485471654426
    }
}