{
    "portfolio_149": {
        "AVGO": 0.0140763436082753,
        "PEP": 0.1115994316783658,
        "TLK": 0.0846060962591441,
        "0DH.F": 0.01,
        "WK0.F": 0.01,
        "SHEL.L": 0.0411784403344432,
        "AD.AS": 0.0717258688844145,
        "KPN.AS": 0.1698385031720576,
        "600519.SS": 0.0670071861051253,
        "600941.SS": 0.01,
        "601288.SS": 0.1294641835865762,
        "2914.T": 0.0931670693560747,
        "6857.T": 0.01,
        "9433.T": 0.1130290212351636,
        "0941.HK": 0.0643078557803596
    }
}