{
    "portfolio_164": {
        "TGS": 0.05,
        "TLK": 0.0523927383112072,
        "IESC": 0.05,
        "TYT.L": 0.0296066353843614,
        "ULVR.L": 0.0600605511785234,
        "AD.AS": 0.062768225105886,
        "KPN.AS": 0.1532654689830612,
        "WKL.AS": 0.05,
        "600519.SS": 0.0348748513050564,
        "600941.SS": 0.05,
        "601398.SS": 0.16827757226063,
        "2914.T": 0.0423242659712091,
        "9432.T": 0.0570872241880196,
        "9434.T": 0.1081959349780136,
        "6288.HK": 0.0311465323340319
    }
}