{
    "portfolio_141": {
        "PEP": 0.0616858275977149,
        "TGS": 0.05,
        "TLK": 0.0450186489832918,
        "8GC.F": 0.05,
        "ULVR.L": 0.0584582500936765,
        "AD.AS": 0.0626702441170772,
        "KPN.AS": 0.1332689806327402,
        "REN.AS": 0.05,
        "600519.SS": 0.0262166684132839,
        "600941.SS": 0.05,
        "601398.SS": 0.1566744297812028,
        "9432.T": 0.0844505404987414,
        "9434.T": 0.1056972802143697,
        "9983.T": 0.05,
        "6288.HK": 0.0158591296679017
    }
}