{
    "portfolio_733": {
        "PEP": 0.0847371153888139,
        "TLK": 0.080833926162305,
        "0TDD.L": 0.05,
        "SHEL.L": 0.0223637100911343,
        "ULVR.L": 0.0306238211294765,
        "AD.AS": 0.0665663462796767,
        "KPN.AS": 0.1505282371742822,
        "600519.SS": 0.0291676156620133,
        "601088.SS": 0.05,
        "601398.SS": 0.1485055137353451,
        "4519.T": 0.05,
        "6857.T": 0.05,
        "9432.T": 0.0821578846076684,
        "9434.T": 0.0852029265279641,
        "6288.HK": 0.0193096963274477
    }
}