{
    "portfolio_896": {
        "PEP": 0.0446405800551939,
        "BSAC": 0.05,
        "EC": 0.05,
        "TEO": 0.05,
        "8GC.F": 0.05,
        "ULVR.L": 0.0646705433783796,
        "AD.AS": 0.0477456367234256,
        "CCEP.AS": 0.05,
        "KPN.AS": 0.1060953278993332,
        "601398.SS": 0.157928942325607,
        "2914.T": 0.0444431874958842,
        "9432.T": 0.0886910713803809,
        "9434.T": 0.1144939612491173,
        "0941.HK": 0.049537383086027,
        "6288.HK": 0.0317533664066511
    }
}