{
    "portfolio_271": {
        "AVGO": 0.05,
        "TEO": 0.05,
        "TLK": 0.0606002364305565,
        "AI.PA": 0.05,
        "SAN.PA": 0.024762260390448,
        "ULVR.L": 0.0558067401932131,
        "AD.AS": 0.0546109480319811,
        "KPN.AS": 0.134778177452982,
        "601088.SS": 0.05,
        "601398.SS": 0.1245379256402108,
        "2914.T": 0.064301679962123,
        "9432.T": 0.058358431374654,
        "9434.T": 0.1360347508929914,
        "0728.HK": 0.05,
        "6288.HK": 0.03620884963084
    }
}