{
    "portfolio_467": {
        "PEP": 0.0449720453694028,
        "TLK": 0.056695401311681,
        "ADMA": 0.05,
        "AI.PA": 0.05,
        "ULVR.L": 0.0614237303209885,
        "AD.AS": 0.0418824087012092,
        "KPN.AS": 0.125671365140648,
        "SHELL.AS": 0.05,
        "601138.SS": 0.05,
        "601328.SS": 0.05,
        "601398.SS": 0.1197893124312442,
        "2914.T": 0.0659543313001948,
        "9432.T": 0.0705173036472892,
        "9434.T": 0.13432654264299,
        "6288.HK": 0.0287675591343521
    }
}