{
    "portfolio_936": {
        "LIN": 0.05,
        "PEP": 0.0377222153361373,
        "BSAC": 0.05,
        "TLK": 0.0603218720656973,
        "0TDD.L": 0.05,
        "HSBA.L": 0.05,
        "ULVR.L": 0.0402969176394337,
        "AD.AS": 0.0447705279171378,
        "KPN.AS": 0.1361995134937132,
        "601398.SS": 0.1479689823624764,
        "2914.T": 0.0581647680806333,
        "9432.T": 0.0772733487191467,
        "9434.T": 0.1139407205829818,
        "0857.HK": 0.05,
        "6288.HK": 0.0333411338026421
    }
}