{
    "portfolio_26": {
        "PEP": 0.0394100590005838,
        "TLK": 0.0458967911525432,
        "RYTM": 0.05,
        "AZN.L": 0.05,
        "SHEL.L": 0.05,
        "AD.AS": 0.0593101609898415,
        "KPN.AS": 0.1407345706727359,
        "REN.AS": 0.05,
        "600900.SS": 0.0548601211767186,
        "601398.SS": 0.1623867762548258,
        "2914.T": 0.0818200145570673,
        "9432.T": 0.0592819662859037,
        "9434.T": 0.079972139246025,
        "0941.HK": 0.0492714054785329,
        "6288.HK": 0.0270559951852219
    }
}