{
    "portfolio_242": {
        "PEP": 0.0483057504041868,
        "TLK": 0.0616622473399404,
        "ADMA": 0.05,
        "TTE.PA": 0.05,
        "ULVR.L": 0.0473806448556659,
        "AD.AS": 0.0599432253153678,
        "KPN.AS": 0.1241446022651931,
        "WKL.AS": 0.05,
        "601398.SS": 0.1482294814269168,
        "2914.T": 0.0412473385612926,
        "6857.T": 0.05,
        "9432.T": 0.0843643278341405,
        "9434.T": 0.1037160641969211,
        "0883.HK": 0.05,
        "6288.HK": 0.0310063178003749
    }
}