{
    "portfolio_384": {
        "PEP": 0.055618186569653,
        "PKX": 0.05,
        "TEO": 0.05,
        "TLK": 0.0555889728224509,
        "ULVR.L": 0.0588172260720227,
        "AD.AS": 0.0584179553928698,
        "KPN.AS": 0.1475700210879697,
        "601398.SS": 0.0766231648646224,
        "601988.SS": 0.05,
        "2914.T": 0.046571777544257,
        "9432.T": 0.0734215711083016,
        "9434.T": 0.1439560004870435,
        "0857.HK": 0.05,
        "3988.HK": 0.05,
        "6288.HK": 0.0334151240508092
    }
}