{
    "portfolio_903": {
        "LIN": 0.01,
        "PEP": 0.0549770286663925,
        "BSAC": 0.01,
        "TLK": 0.0887362427981935,
        "IESC": 0.015220521978981,
        "AI.PA": 0.01,
        "ULVR.L": 0.0506644685316315,
        "AD.AS": 0.0685966454266324,
        "KPN.AS": 0.1624408984786482,
        "601398.SS": 0.1733733726069574,
        "2914.T": 0.0833804046400965,
        "4519.T": 0.0187436681314256,
        "9434.T": 0.152985995082458,
        "0941.HK": 0.0635165851589063,
        "6288.HK": 0.0373641684996772
    }
}