{
    "portfolio_150": {
        "TLK": 0.0487196188389122,
        "RYTM": 0.05,
        "TTE.PA": 0.05,
        "0YXG.L": 0.05,
        "ULVR.L": 0.0516289583949048,
        "AD.AS": 0.06590087084123,
        "KPN.AS": 0.1643670484157456,
        "600900.SS": 0.0554432306495412,
        "601328.SS": 0.05,
        "601398.SS": 0.125957646473231,
        "2914.T": 0.0467337793544843,
        "8031.T": 0.05,
        "9432.T": 0.0630696577620308,
        "9434.T": 0.0975798800017226,
        "6288.HK": 0.0305993092681971
    }
}