{
    "portfolio_234": {
        "PEP": 0.0735507867015671,
        "TLK": 0.0808906038333055,
        "IESC": 0.0180223729671874,
        "TTE.L": 0.05,
        "ULVR.L": 0.0584680634036225,
        "AD.AS": 0.0659333692688747,
        "KPN.AS": 0.1546613412651102,
        "600519.SS": 0.0415451587443249,
        "601328.SS": 0.05,
        "601398.SS": 0.0898148617013194,
        "601988.SS": 0.05,
        "8058.T": 0.05,
        "9433.T": 0.0797705597430867,
        "9434.T": 0.1068510654577726,
        "6288.HK": 0.030491816913829
    }
}