{
    "portfolio_479": {
        "TLK": 0.0508873379376716,
        "RYTM": 0.05,
        "VERX": 0.05,
        "TTE.PA": 0.05,
        "RICO.L": 0.0268472416319818,
        "ULVR.L": 0.0461567930709823,
        "AD.AS": 0.060654268145001,
        "KPN.AS": 0.1768315618174123,
        "601138.SS": 0.0183127216297567,
        "601398.SS": 0.161452574658105,
        "2914.T": 0.0522212966668171,
        "4063.T": 0.05,
        "9433.T": 0.0683695113236822,
        "9434.T": 0.0882666931185896,
        "1088.HK": 0.05
    }
}