{
    "portfolio_684": {
        "AVGO": 0.01,
        "PEP": 0.0718570179233754,
        "KT": 0.0517839460897286,
        "TLK": 0.0805007637113071,
        "LPS1.F": 0.01,
        "OL5.F": 0.01,
        "ULVR.L": 0.066678825908923,
        "KPN.AS": 0.1882345328589757,
        "600519.SS": 0.0557499477954798,
        "601398.SS": 0.1725164759824002,
        "8001.T": 0.01,
        "8031.T": 0.01,
        "9432.T": 0.0827704358953008,
        "9434.T": 0.1396089825422124,
        "6288.HK": 0.040299071292297
    }
}