{
    "portfolio_299": {
        "PEP": 0.0667675762186279,
        "TLK": 0.0871324461549148,
        "BPE5.F": 0.05,
        "0TDD.L": 0.05,
        "ULVR.L": 0.0503194000332283,
        "AD.AS": 0.0671930188323029,
        "KPN.AS": 0.1219387632023254,
        "600028.SS": 0.05,
        "601088.SS": 0.05,
        "601398.SS": 0.0938310787311897,
        "2914.T": 0.0679482595880925,
        "9433.T": 0.0719673553748869,
        "9434.T": 0.094635465298125,
        "1288.HK": 0.05,
        "6288.HK": 0.0282666365663065
    }
}