{
    "portfolio_352": {
        "PEP": 0.0725661663066778,
        "TLK": 0.0802351277782326,
        "ADMA": 0.01,
        "LNTH": 0.01,
        "TTE.PA": 0.0111736702588998,
        "ULVR.L": 0.0491166445628997,
        "AD.AS": 0.0657313290326952,
        "KPN.AS": 0.1683902434075759,
        "600519.SS": 0.0461046582802213,
        "601398.SS": 0.1792420754188044,
        "8001.T": 0.01,
        "9432.T": 0.0849241456958003,
        "9434.T": 0.1537360427926026,
        "0728.HK": 0.0186979070085687,
        "6288.HK": 0.0400819894570217
    }
}