{
    "portfolio_472": {
        "PEP": 0.0565603962496675,
        "TLK": 0.0659253783599004,
        "ADMA": 0.05,
        "SHEL.L": 0.0335353535278434,
        "ULVR.L": 0.0685929471262901,
        "AD.AS": 0.0580163006325815,
        "KPN.AS": 0.1452446673347931,
        "600941.SS": 0.05,
        "601328.SS": 0.05,
        "601398.SS": 0.0629907755182822,
        "601988.SS": 0.05,
        "8058.T": 0.05,
        "9432.T": 0.078596756843049,
        "9434.T": 0.1416941762942737,
        "6288.HK": 0.038843248113319
    }
}