{
    "portfolio_151": {
        "PEP": 0.0819185324642817,
        "BCH": 0.01,
        "TLK": 0.0907003809384699,
        "2B5.F": 0.01,
        "0YXG.L": 0.01,
        "SHEL.L": 0.0282900914973328,
        "ULVR.L": 0.0521164781696143,
        "AD.AS": 0.0665157837055097,
        "KPN.AS": 0.1467743534148822,
        "600941.SS": 0.01,
        "601398.SS": 0.1685942514850474,
        "2914.T": 0.0896744913867834,
        "9434.T": 0.136222791564807,
        "0941.HK": 0.058157368615639,
        "6288.HK": 0.0410354767576324
    }
}