{
    "portfolio_832": {
        "PEP": 0.0563895117762406,
        "TGS": 0.05,
        "TLK": 0.0715812888560565,
        "AI.PA": 0.05,
        "ULVR.L": 0.053849197069481,
        "AD.AS": 0.0669590209978346,
        "KPN.AS": 0.1434108309191054,
        "601398.SS": 0.1031723796937425,
        "2914.T": 0.0486281091600499,
        "9432.T": 0.0537521183925581,
        "9434.T": 0.1252289319201276,
        "0386.HK": 0.05,
        "0941.HK": 0.05,
        "1088.HK": 0.05,
        "6288.HK": 0.0270286112148035
    }
}