{
    "portfolio_324": {
        "PEP": 0.0658907641001594,
        "TLK": 0.0791678520793576,
        "IESC": 0.0170955003500585,
        "SKFA.F": 0.05,
        "ULVR.L": 0.0520928910340784,
        "AD.AS": 0.064681696585766,
        "KPN.AS": 0.1440423140124044,
        "SHELL.AS": 0.05,
        "600900.SS": 0.0553537712826092,
        "601398.SS": 0.1290011153415436,
        "7974.T": 0.05,
        "8001.T": 0.05,
        "9432.T": 0.063275279752309,
        "9434.T": 0.0828254971752389,
        "0941.HK": 0.0465733182864749
    }
}