{
    "portfolio_275": {
        "PEP": 0.0840021273418402,
        "TLK": 0.0805423633762687,
        "ADMA": 0.01,
        "AI.PA": 0.01,
        "SKFA.F": 0.01,
        "SHEL.L": 0.0334329817149044,
        "AD.AS": 0.0718675565433762,
        "KPN.AS": 0.1683209695766166,
        "600519.SS": 0.0496080058092328,
        "601398.SS": 0.1783448286910934,
        "601939.SS": 0.01,
        "9432.T": 0.0922635445897361,
        "9434.T": 0.153477418349533,
        "1288.HK": 0.01,
        "6288.HK": 0.0381402040073987
    }
}