{
    "portfolio_636": {
        "PEP": 0.0879476384110039,
        "TLK": 0.0760504135236686,
        "ADMA": 0.0101575186981102,
        "LPS1.F": 0.01,
        "HSBA.L": 0.01,
        "SHEL.L": 0.0361505764546235,
        "KPN.AS": 0.164117741378863,
        "UNA.AS": 0.0608418606945226,
        "600519.SS": 0.0563342523374976,
        "601398.SS": 0.1773317578184821,
        "601728.SS": 0.01,
        "2914.T": 0.0585974441418099,
        "9433.T": 0.0857938620830992,
        "9434.T": 0.1191740495032402,
        "6288.HK": 0.0375028849550792
    }
}