{
    "portfolio_80": {
        "PEP": 0.0788347532778314,
        "TLK": 0.0717795340192401,
        "ADMA": 0.0120587148827075,
        "SHEL.L": 0.05,
        "TTE.L": 0.05,
        "ULVR.L": 0.0684952460324453,
        "AD.AS": 0.0579067770621439,
        "KPN.AS": 0.1366776351350696,
        "600941.SS": 0.05,
        "601398.SS": 0.1104661286923801,
        "2914.T": 0.0529185293852418,
        "9432.T": 0.050952512461225,
        "9434.T": 0.1259497114945094,
        "0857.HK": 0.05,
        "6288.HK": 0.0339604575572054
    }
}