{
    "portfolio_698": {
        "PEP": 0.0514065741695652,
        "TLK": 0.0632835326202572,
        "ADMA": 0.05,
        "RICO.L": 0.0211948720185035,
        "ULVR.L": 0.0613674150131852,
        "AD.AS": 0.0660333978588453,
        "KPN.AS": 0.133762260085108,
        "SHELL.AS": 0.05,
        "601328.SS": 0.05,
        "601398.SS": 0.1062378676225848,
        "2914.T": 0.0563476636506434,
        "9432.T": 0.0617083748144827,
        "9434.T": 0.1410799853202399,
        "1088.HK": 0.05,
        "6288.HK": 0.0375780568265845
    }
}