{
    "portfolio_724": {
        "PEP": 0.0634603069229289,
        "TAK": 0.043085325326742,
        "TLK": 0.0874270524099029,
        "OL5.F": 0.01,
        "0TDD.L": 0.01,
        "SHEL.L": 0.0316310441665211,
        "ULVR.L": 0.0603253655787296,
        "AD.AS": 0.0721682473520964,
        "KPN.AS": 0.1433811918589304,
        "601398.SS": 0.1627917911494258,
        "2914.T": 0.0727091971530083,
        "8001.T": 0.01,
        "9434.T": 0.1347124025779613,
        "0941.HK": 0.0630912839207188,
        "6288.HK": 0.0352167915830346
    }
}