{
    "portfolio_640": {
        "COST": 0.01,
        "PEP": 0.0760009400004542,
        "TLK": 0.0876060320404782,
        "IESC": 0.0120102902330254,
        "2B5.F": 0.01,
        "SHEL.L": 0.0301243199833169,
        "ULVR.L": 0.0515273415929256,
        "AD.AS": 0.0662252977754426,
        "KPN.AS": 0.15067237846069,
        "601398.SS": 0.1726561022299771,
        "601728.SS": 0.01,
        "2914.T": 0.0902567934185589,
        "9434.T": 0.1331494114359681,
        "0941.HK": 0.060623589133109,
        "6288.HK": 0.0391475036960536
    }
}