{
    "portfolio_918": {
        "CRESY": 0.05,
        "PEP": 0.0515259828267086,
        "TLK": 0.0609844521090868,
        "SHEL.L": 0.05,
        "ULVR.L": 0.0789795940417811,
        "AD.AS": 0.0712516576684802,
        "KPN.AS": 0.1197604466888428,
        "601088.SS": 0.05,
        "601328.SS": 0.05,
        "601398.SS": 0.0836465190506164,
        "2914.T": 0.07215811631293,
        "9433.T": 0.0755635869695096,
        "9434.T": 0.1086237198918842,
        "0857.HK": 0.05,
        "6288.HK": 0.0275059244401599
    }
}