{
    "portfolio_417": {
        "KT": 0.0607937808838766,
        "TLK": 0.0829994168367076,
        "AI.PA": 0.01,
        "PJXC.F": 0.01,
        "ULVR.L": 0.0587641287499878,
        "AD.AS": 0.076455699299026,
        "CCEP.AS": 0.01,
        "KPN.AS": 0.1741930287782753,
        "601398.SS": 0.1851538509201364,
        "2914.T": 0.0563780925871236,
        "8001.T": 0.01,
        "9432.T": 0.082952133869681,
        "9434.T": 0.1303186993207978,
        "9983.T": 0.01,
        "6288.HK": 0.0419911687543878
    }
}