{
    "portfolio_727": {
        "PEP": 0.0737557726327874,
        "TLK": 0.0904657824707497,
        "OLLI": 0.01,
        "0YXG.L": 0.01,
        "AD.AS": 0.0760924816619942,
        "KPN.AS": 0.1773985668068086,
        "600519.SS": 0.0442734608694878,
        "600941.SS": 0.01,
        "601398.SS": 0.1648216756149258,
        "2914.T": 0.0570510419376698,
        "8031.T": 0.01,
        "9432.T": 0.0663303415331517,
        "9434.T": 0.1293403466180495,
        "0941.HK": 0.0420309693487011,
        "6288.HK": 0.0384395605056742
    }
}