{
    "portfolio_241": {
        "CRESY": 0.05,
        "TLK": 0.0426482919846319,
        "LNTH": 0.05,
        "AZN.L": 0.05,
        "RICO.L": 0.0265666962578697,
        "ULVR.L": 0.0643805699162066,
        "AD.AS": 0.0505307056583177,
        "KPN.AS": 0.137244733198843,
        "REN.AS": 0.05,
        "600519.SS": 0.0310223466644729,
        "601398.SS": 0.1707782284802056,
        "8031.T": 0.05,
        "9433.T": 0.0695731796480537,
        "9434.T": 0.1090171571829008,
        "0941.HK": 0.0482380910084979
    }
}