{
    "portfolio_530": {
        "CRESY": 0.05,
        "TLK": 0.0691275581477486,
        "SAN.PA": 0.0270818279818254,
        "0YXG.L": 0.05,
        "ULVR.L": 0.0704728099001164,
        "AD.AS": 0.0717421457789665,
        "KPN.AS": 0.132323555748733,
        "601398.SS": 0.1354523483599828,
        "2914.T": 0.0682739416201599,
        "9432.T": 0.05,
        "9433.T": 0.046278136043046,
        "9434.T": 0.0991347695716532,
        "0883.HK": 0.05,
        "1088.HK": 0.05,
        "6288.HK": 0.0301129068477679
    }
}