{
    "portfolio_637": {
        "PEP": 0.0764226866016214,
        "TLK": 0.0973366693228938,
        "SAN.PA": 0.0317787444259847,
        "ULVR.L": 0.0462727066859408,
        "AD.AS": 0.068363175592371,
        "KPN.AS": 0.1430280613619326,
        "600519.SS": 0.0404440699172087,
        "601088.SS": 0.05,
        "601288.SS": 0.0812778807687635,
        "601857.SS": 0.05,
        "2914.T": 0.05,
        "8058.T": 0.05,
        "9433.T": 0.0762918175145903,
        "9434.T": 0.10646284118466,
        "6288.HK": 0.0323213466240329
    }
}