{
    "portfolio_681": {
        "PEP": 0.0584101514615422,
        "TLK": 0.0852369027305877,
        "ADMA": 0.01,
        "RYTM": 0.01,
        "ULVR.L": 0.0532059374882106,
        "AD.AS": 0.0707317830072173,
        "KPN.AS": 0.1487904612676548,
        "REN.AS": 0.01,
        "SHELL.AS": 0.0267243439081519,
        "601288.SS": 0.0147694652614044,
        "601398.SS": 0.1594948488348872,
        "2914.T": 0.0881748820771917,
        "9434.T": 0.1622718441619372,
        "0941.HK": 0.0645267051966428,
        "6288.HK": 0.037662674604572
    }
}