{
    "portfolio_682": {
        "PEP": 0.0683344091818179,
        "TLK": 0.0952565265423721,
        "SAN.PA": 0.03309387205485,
        "ULVR.L": 0.0526553577455167,
        "AD.AS": 0.0633482154175518,
        "KPN.AS": 0.1474332375770946,
        "601088.SS": 0.05,
        "601138.SS": 0.05,
        "601398.SS": 0.0621799984170617,
        "601988.SS": 0.05,
        "2914.T": 0.0647910163060749,
        "9432.T": 0.0690853776547943,
        "9434.T": 0.117613222401424,
        "0386.HK": 0.05,
        "6288.HK": 0.0262087667014419
    }
}