{
    "portfolio_815": {
        "TLK": 0.0767665208447154,
        "LNTH": 0.05,
        "DG.PA": 0.05,
        "SKFA.F": 0.05,
        "ULVR.L": 0.0409228241060179,
        "AD.AS": 0.0645138846353907,
        "KPN.AS": 0.1535583470535051,
        "600519.SS": 0.0265157274043893,
        "601088.SS": 0.05,
        "601398.SS": 0.1228823667631563,
        "2914.T": 0.0441739429469153,
        "9433.T": 0.0734705086928056,
        "9434.T": 0.1249975802186872,
        "0941.HK": 0.0500327109780185,
        "6288.HK": 0.0221655863563985
    }
}