{
    "portfolio_38": {
        "PEP": 0.0526195759929165,
        "BSAC": 0.05,
        "ADMA": 0.05,
        "DG.PA": 0.05,
        "TTE.PA": 0.05,
        "BPE.F": 0.05,
        "ULVR.L": 0.0568804787408462,
        "AD.AS": 0.0544835303026389,
        "KPN.AS": 0.1031398408887422,
        "601398.SS": 0.1442114097354967,
        "2914.T": 0.0438231234683955,
        "9432.T": 0.0837311743230899,
        "9434.T": 0.1258464091306263,
        "0941.HK": 0.0505246222840016,
        "6288.HK": 0.034739835133246
    }
}