{
    "portfolio_336": {
        "PEP": 0.0738583321012278,
        "TLK": 0.0825957027439727,
        "IESC": 0.019585992711084,
        "0TDD.L": 0.05,
        "ULVR.L": 0.0350938312810396,
        "AD.AS": 0.0619106278110255,
        "KPN.AS": 0.1584630391736219,
        "600519.SS": 0.0286239730141857,
        "601398.SS": 0.1234030479123418,
        "601857.SS": 0.05,
        "2914.T": 0.0481067069952421,
        "9432.T": 0.074575307935356,
        "9434.T": 0.093783438320903,
        "9983.T": 0.05,
        "0941.HK": 0.05
    }
}