{
    "portfolio_723": {
        "PEP": 0.0655943877283847,
        "TLK": 0.0927531471413065,
        "CS.PA": 0.01,
        "0A7R.L": 0.01,
        "ULVR.L": 0.057178516099855,
        "AD.AS": 0.0634291369285082,
        "ASM.AS": 0.01,
        "KPN.AS": 0.1656262981576735,
        "600028.SS": 0.01,
        "601398.SS": 0.1609243222350795,
        "2914.T": 0.0825598746145737,
        "8001.T": 0.01,
        "9434.T": 0.1644270595510292,
        "0941.HK": 0.0605718626354662,
        "6288.HK": 0.0369353949081234
    }
}