{
    "portfolio_672": {
        "PEP": 0.0676778231554847,
        "TEO": 0.01,
        "TLK": 0.0960977336538558,
        "DG.PA": 0.01,
        "0TDD.L": 0.01,
        "ULVR.L": 0.0520991815794368,
        "AD.AS": 0.0702385181260469,
        "KPN.AS": 0.1522913678346385,
        "601398.SS": 0.1698588493369754,
        "2914.T": 0.0747423029242592,
        "7974.T": 0.028781863720533,
        "8058.T": 0.01,
        "9434.T": 0.152315314967409,
        "0941.HK": 0.0601760862043242,
        "6288.HK": 0.0357209584970364
    }
}