{
    "portfolio_234": {
        "PEP": 0.0855329426039839,
        "TLK": 0.106244234388428,
        "0DH.F": 0.01,
        "0YXG.L": 0.01,
        "ULVR.L": 0.0517288284405447,
        "AD.AS": 0.0698426024264642,
        "KPN.AS": 0.1509273385389356,
        "600519.SS": 0.0560324418608591,
        "601398.SS": 0.1717281155868956,
        "7974.T": 0.0532644330659913,
        "8031.T": 0.01,
        "9432.T": 0.0820927238126097,
        "9434.T": 0.0929581373726073,
        "0857.HK": 0.0117747823278653,
        "6288.HK": 0.0378734195748153
    }
}