{
    "portfolio_130": {
        "TMUS": 0.05,
        "BCH": 0.05,
        "TLK": 0.0641657466744896,
        "AXSM": 0.05,
        "SAN.PA": 0.0297863323818634,
        "ULVR.L": 0.0585669914044579,
        "AD.AS": 0.0589500245134494,
        "KPN.AS": 0.1259297110152159,
        "600028.SS": 0.05,
        "600519.SS": 0.0265044189612964,
        "601398.SS": 0.1449196133249218,
        "6857.T": 0.05,
        "9432.T": 0.1189698987107322,
        "9434.T": 0.0927149124563612,
        "6288.HK": 0.029492350557212
    }
}