{
    "portfolio_605": {
        "LIN": 0.01,
        "PEP": 0.0736029787773325,
        "TLK": 0.0810357058121531,
        "IESC": 0.0143496334302374,
        "8GC.F": 0.01,
        "AD.AS": 0.0750296608723553,
        "KPN.AS": 0.1784958810849428,
        "600519.SS": 0.0460054197824156,
        "601398.SS": 0.1884704363440292,
        "2914.T": 0.0589044048045161,
        "6857.T": 0.01,
        "9432.T": 0.0750614338013657,
        "9434.T": 0.1301852995734584,
        "1088.HK": 0.01,
        "6288.HK": 0.038859145717194
    }
}