{
    "portfolio_454": {
        "PEP": 0.0796449806925755,
        "TLK": 0.0920982003481352,
        "IESC": 0.0175430286574187,
        "SAN.PA": 0.0278266349155415,
        "ULVR.L": 0.0473275704906882,
        "AD.AS": 0.0774483151634593,
        "KPN.AS": 0.1450790550827416,
        "600519.SS": 0.033373651570876,
        "601088.SS": 0.05,
        "601398.SS": 0.1525533006927014,
        "7974.T": 0.05,
        "8031.T": 0.05,
        "8058.T": 0.05,
        "9433.T": 0.0771052623858626,
        "9983.T": 0.05
    }
}