{
    "portfolio_395": {
        "AVGO": 0.01,
        "PEP": 0.0805683113269697,
        "TLK": 0.0937109886544233,
        "ADMA": 0.01,
        "LNTH": 0.01,
        "AIR.PA": 0.01,
        "0DH.F": 0.01,
        "AD.AS": 0.0740177481426079,
        "KPN.AS": 0.1645129482960632,
        "600519.SS": 0.0579509372144977,
        "601398.SS": 0.1609427076468005,
        "9432.T": 0.0930819809914314,
        "9434.T": 0.1154121194646009,
        "0941.HK": 0.071113373052979,
        "6288.HK": 0.0386888852096262
    }
}