{
    "portfolio_323": {
        "PEP": 0.0417090478710254,
        "TLK": 0.0697440555217842,
        "OLLI": 0.05,
        "SAN.PA": 0.0368460220426734,
        "8GC.F": 0.05,
        "ULVR.L": 0.0602791461838631,
        "AD.AS": 0.0548060113637321,
        "KPN.AS": 0.1490139572310116,
        "600028.SS": 0.05,
        "601398.SS": 0.1117551305630808,
        "8058.T": 0.05,
        "9432.T": 0.0785454354158394,
        "9434.T": 0.1100046210661028,
        "0883.HK": 0.05,
        "6288.HK": 0.0372965727408868
    }
}