{
    "portfolio_308": {
        "PEP": 0.0457841423426731,
        "TLK": 0.0775185052606847,
        "AI.PA": 0.05,
        "SKFA.F": 0.05,
        "SHEL.L": 0.05,
        "AD.AS": 0.0627045804064162,
        "INPST.AS": 0.05,
        "KPN.AS": 0.1269277410892749,
        "600900.SS": 0.0408058882272242,
        "601398.SS": 0.1361942101100154,
        "2914.T": 0.0670254856033339,
        "9433.T": 0.0798599192081498,
        "9434.T": 0.090999616488838,
        "1288.HK": 0.05,
        "6288.HK": 0.02217991126339
    }
}