{
    "portfolio_11": {
        "PEP": 0.0709808696604353,
        "PKX": 0.05,
        "TLK": 0.07276931565562,
        "SAN.PA": 0.0280121225676229,
        "ULVR.L": 0.0385710177418684,
        "AD.AS": 0.063970589478246,
        "KPN.AS": 0.1569586691330464,
        "601088.SS": 0.05,
        "601398.SS": 0.1432625110578587,
        "4519.T": 0.05,
        "6857.T": 0.05,
        "8001.T": 0.05,
        "9432.T": 0.0681355129151066,
        "9434.T": 0.0845060685725456,
        "6288.HK": 0.02283332321765
    }
}