{
    "portfolio_762": {
        "TEO": 0.05,
        "TLK": 0.0428971384731174,
        "OLLI": 0.05,
        "8GC.F": 0.05,
        "SKFA.F": 0.05,
        "0K9E.L": 0.05,
        "ULVR.L": 0.0529874776743161,
        "AD.AS": 0.0541357733008306,
        "KPN.AS": 0.1393546039801824,
        "600900.SS": 0.0612480448254085,
        "601398.SS": 0.1291161991019354,
        "601728.SS": 0.0209965434156218,
        "9432.T": 0.0920337117153773,
        "9434.T": 0.1233569468803164,
        "6288.HK": 0.0338735606328935
    }
}