{
    "portfolio_550": {
        "PEP": 0.0520650291937381,
        "TGS": 0.05,
        "TLK": 0.0499987792740425,
        "AXSM": 0.05,
        "SAF.PA": 0.05,
        "RICO.L": 0.0252198940825723,
        "ULVR.L": 0.0620590007547097,
        "AD.AS": 0.0463002910311872,
        "KPN.AS": 0.1427899366885753,
        "600028.SS": 0.05,
        "601398.SS": 0.1650003979813321,
        "9432.T": 0.1038491478580654,
        "9434.T": 0.0843752391219012,
        "9983.T": 0.05,
        "6288.HK": 0.0183422840138758
    }
}