{
    "portfolio_600": {
        "PEP": 0.0556708771835024,
        "TLK": 0.0755117476441311,
        "ADMA": 0.05,
        "ULVR.L": 0.0588272291245255,
        "AD.AS": 0.066665818048883,
        "KPN.AS": 0.1452127287814827,
        "600028.SS": 0.05,
        "601088.SS": 0.05,
        "601398.SS": 0.0619381471202903,
        "2914.T": 0.059696910624061,
        "9432.T": 0.0666373944080895,
        "9434.T": 0.1231907158980648,
        "0728.HK": 0.05,
        "0941.HK": 0.05,
        "6288.HK": 0.0366484311669698
    }
}