{
    "portfolio_399": {
        "PEP": 0.0861897905752769,
        "PKX": 0.01,
        "TLK": 0.0679443305500918,
        "PRCT": 0.01,
        "LPS1.F": 0.01,
        "SHEL.L": 0.0327830538979917,
        "ULVR.L": 0.0540700552885028,
        "KPN.AS": 0.1871126979525896,
        "WKL.AS": 0.0183315660715534,
        "600519.SS": 0.0597632162864002,
        "601398.SS": 0.183669775989828,
        "9432.T": 0.0995673580735202,
        "9434.T": 0.1346873787743016,
        "0386.HK": 0.01,
        "6288.HK": 0.0358807765399438
    }
}