{
    "portfolio_928": {
        "PEP": 0.0574903279236157,
        "TLK": 0.086858068115101,
        "AXSM": 0.05,
        "SAN.PA": 0.0331711310296796,
        "ULVR.L": 0.0551470055679299,
        "AD.AS": 0.0577540975764938,
        "KPN.AS": 0.12903608315609,
        "601088.SS": 0.05,
        "601398.SS": 0.1361735908164752,
        "2914.T": 0.0585474014102454,
        "9432.T": 0.0705019531200462,
        "9433.T": 0.05,
        "9434.T": 0.0763749900336649,
        "3988.HK": 0.05,
        "6288.HK": 0.0389453512506581
    }
}