{
    "portfolio_719": {
        "PEP": 0.0781042418727685,
        "TGS": 0.01,
        "TLK": 0.0919302244465408,
        "LNTH": 0.01,
        "2B5.F": 0.01,
        "ULVR.L": 0.0541175363670578,
        "AD.AS": 0.0688891764843731,
        "KPN.AS": 0.1590032988759952,
        "600028.SS": 0.01,
        "601328.SS": 0.01,
        "601398.SS": 0.1562392396699843,
        "2914.T": 0.0883310946392402,
        "9434.T": 0.1429250559882315,
        "0941.HK": 0.0683466577750478,
        "6288.HK": 0.042113473880761
    }
}