{
    "portfolio_56": {
        "PEP": 0.0459706786651727,
        "TLK": 0.0748061072537568,
        "RYTM": 0.05,
        "QF9.F": 0.006055239177416,
        "RICO.L": 0.0235423706414108,
        "ULVR.L": 0.0489005449683501,
        "AD.AS": 0.0684729651272917,
        "KPN.AS": 0.1853489691075307,
        "600028.SS": 0.05,
        "601398.SS": 0.1062287542990829,
        "2914.T": 0.0521863713757545,
        "8001.T": 0.05,
        "9434.T": 0.1384879993842334,
        "0857.HK": 0.05,
        "1088.HK": 0.05
    }
}