{
    "portfolio_240": {
        "AVGO": 0.05,
        "TMUS": 0.05,
        "TLK": 0.0691186742835051,
        "SAF.PA": 0.05,
        "ULVR.L": 0.0424986556818358,
        "AD.AS": 0.0638830145235474,
        "KPN.AS": 0.140018467143461,
        "600519.SS": 0.0281394125613912,
        "601398.SS": 0.1586019318775692,
        "2914.T": 0.0651962422983636,
        "9432.T": 0.05,
        "9433.T": 0.05,
        "9434.T": 0.0992094872824707,
        "0941.HK": 0.0460560097118187,
        "6288.HK": 0.0372781046360371
    }
}