{
    "portfolio_620": {
        "KT": 0.0646406724313244,
        "TLK": 0.0881340419182266,
        "APPF": 0.01,
        "DG.PA": 0.01,
        "2B5.F": 0.01,
        "PJXC.F": 0.01,
        "ULVR.L": 0.0608378876093709,
        "AD.AS": 0.0797390656008485,
        "KPN.AS": 0.1681692386117331,
        "601138.SS": 0.0144863074257876,
        "601398.SS": 0.1827450170290639,
        "2914.T": 0.0839548622115368,
        "9434.T": 0.1625658856871496,
        "0857.HK": 0.0108468886520132,
        "6288.HK": 0.0438801328229452
    }
}