{
    "portfolio_613": {
        "TGS": 0.05,
        "TLK": 0.0458025963378852,
        "RYTM": 0.05,
        "QF9.F": 0.0050128405959691,
        "0TDD.L": 0.05,
        "ULVR.L": 0.0510182644125887,
        "AD.AS": 0.0741270115311082,
        "KPN.AS": 0.1567815419027279,
        "601088.SS": 0.05,
        "601398.SS": 0.1577185171836832,
        "2914.T": 0.0589447020419037,
        "9432.T": 0.0649953236693471,
        "9434.T": 0.1086189479790491,
        "0728.HK": 0.05,
        "6288.HK": 0.0269802543457378
    }
}