{
    "portfolio_511": {
        "PEP": 0.0775895350672786,
        "BCH": 0.01,
        "KT": 0.0477296062448023,
        "TLK": 0.0694875905806095,
        "LPS1.F": 0.01,
        "0TDD.L": 0.01,
        "ULVR.L": 0.0583331029827634,
        "KPN.AS": 0.1742877733328819,
        "SHELL.AS": 0.0301479480605689,
        "600028.SS": 0.01,
        "600519.SS": 0.0563288317567825,
        "601398.SS": 0.1683297527922292,
        "9432.T": 0.102357988824254,
        "9434.T": 0.1352490119934878,
        "6288.HK": 0.0401588583643418
    }
}