{
    "portfolio_408": {
        "PEP": 0.052303753998748,
        "TGS": 0.05,
        "TLK": 0.0579096465530798,
        "AXSM": 0.05,
        "ULVR.L": 0.0775028538757275,
        "AD.AS": 0.0566097347953055,
        "KPN.AS": 0.1316978067855558,
        "600900.SS": 0.0442703466493948,
        "601398.SS": 0.1598138411405492,
        "2914.T": 0.05,
        "7974.T": 0.05,
        "8058.T": 0.05,
        "9432.T": 0.0765440022132813,
        "9434.T": 0.0595882225550616,
        "6288.HK": 0.0337597914332961
    }
}