{
    "portfolio_813": {
        "TMUS": 0.05,
        "PKX": 0.05,
        "TLK": 0.0436556115651017,
        "VERX": 0.05,
        "TTE.PA": 0.05,
        "ULVR.L": 0.0518594557765494,
        "AD.AS": 0.0523925230510208,
        "KPN.AS": 0.1513212222205512,
        "600900.SS": 0.0554463773400266,
        "601398.SS": 0.1402455624207958,
        "2914.T": 0.0496529867072857,
        "4519.T": 0.05,
        "9432.T": 0.0617668179878984,
        "9434.T": 0.1097803764971389,
        "6288.HK": 0.0338790664336312
    }
}