{
    "portfolio_562": {
        "PEP": 0.0734198095800409,
        "TLK": 0.0897888353741544,
        "IESC": 0.0188304334074317,
        "ULVR.L": 0.0532315674072023,
        "AD.AS": 0.0669675275872788,
        "KPN.AS": 0.1649763230231106,
        "600519.SS": 0.0341770030047758,
        "601398.SS": 0.1245992271804371,
        "601857.SS": 0.05,
        "2914.T": 0.05,
        "7974.T": 0.05,
        "8031.T": 0.05,
        "9432.T": 0.05,
        "9434.T": 0.0939552079309516,
        "6288.HK": 0.0300540655046166
    }
}