{
    "portfolio_622": {
        "PEP": 0.0629221711141795,
        "BCH": 0.05,
        "TLK": 0.0813316750890002,
        "0TDD.L": 0.05,
        "ULVR.L": 0.0466209530109918,
        "AD.AS": 0.0577893852328441,
        "KPN.AS": 0.1456406281893466,
        "600519.SS": 0.0297879363864662,
        "601398.SS": 0.1035402407994206,
        "601988.SS": 0.05,
        "8058.T": 0.05,
        "9432.T": 0.0822632608859206,
        "9434.T": 0.113779703058769,
        "1088.HK": 0.05,
        "6288.HK": 0.0263240462330611
    }
}