{
    "portfolio_3": {
        "PEP": 0.0438220856279066,
        "TLK": 0.0687039206168628,
        "OLLI": 0.05,
        "SAN.PA": 0.0262815276841402,
        "BSD2.F": 0.05,
        "HSBA.L": 0.05,
        "AD.AS": 0.065470781341249,
        "KPN.AS": 0.1420819203414661,
        "600519.SS": 0.0249168672894331,
        "601398.SS": 0.139945243995633,
        "2914.T": 0.0541799198682375,
        "9432.T": 0.0580601978667634,
        "9434.T": 0.126537535368308,
        "1088.HK": 0.05,
        "6288.HK": 0.05
    }
}