{
    "portfolio_836": {
        "CRESY": 0.05,
        "PEP": 0.0444889622293565,
        "TLK": 0.0395242456740085,
        "8GC.F": 0.05,
        "ULVR.L": 0.082538499740539,
        "AD.AS": 0.065302761076812,
        "INPST.AS": 0.05,
        "KPN.AS": 0.1242703921188224,
        "601398.SS": 0.1861061306818788,
        "7974.T": 0.05,
        "8058.T": 0.05,
        "9432.T": 0.0555313208973508,
        "9433.T": 0.0544564554825174,
        "9434.T": 0.0698699959120531,
        "6288.HK": 0.0279112361866614
    }
}