{
    "portfolio_544": {
        "PEP": 0.0635713203592814,
        "PKX": 0.05,
        "TLK": 0.0639835779816373,
        "TTE.PA": 0.05,
        "ULVR.L": 0.0484802572094244,
        "AD.AS": 0.0642430459214042,
        "KPN.AS": 0.1401237968867225,
        "600900.SS": 0.0497809830385598,
        "601328.SS": 0.05,
        "601398.SS": 0.118189774536342,
        "2914.T": 0.0556306547984004,
        "4519.T": 0.05,
        "9433.T": 0.05,
        "9434.T": 0.1121384568507663,
        "6288.HK": 0.0338581324174615
    }
}