{
    "portfolio_685": {
        "PEP": 0.0793515951297074,
        "TLK": 0.0778009314791486,
        "APPF": 0.0130535095759067,
        "HSBA.L": 0.05,
        "ULVR.L": 0.0446001282355194,
        "AD.AS": 0.0626545966572873,
        "KPN.AS": 0.1370078947926062,
        "601398.SS": 0.1069020108630682,
        "601899.SS": 0.05,
        "2914.T": 0.062628285942572,
        "9432.T": 0.0731072477755275,
        "9434.T": 0.0928937995486567,
        "0728.HK": 0.05,
        "1288.HK": 0.05,
        "6288.HK": 0.05
    }
}