{
    "portfolio_529": {
        "PEP": 0.0733672706695768,
        "TLK": 0.0885030179180854,
        "BPE.F": 0.013620698653685,
        "SKFA.F": 0.01,
        "ULVR.L": 0.0435484399267758,
        "AD.AS": 0.0685039719337164,
        "INGA.AS": 0.01,
        "KPN.AS": 0.1565849186975673,
        "600519.SS": 0.0409307614939431,
        "601398.SS": 0.1770871499468538,
        "601728.SS": 0.0170281382929661,
        "2914.T": 0.059550052028673,
        "9432.T": 0.0754016260939386,
        "9434.T": 0.1283968239628245,
        "6288.HK": 0.037477130381394
    }
}