{
    "portfolio_254": {
        "AVGO": 0.05,
        "BCH": 0.05,
        "TLK": 0.0678098074924677,
        "0TDD.L": 0.05,
        "ULVR.L": 0.0518489832690807,
        "AD.AS": 0.058124323162324,
        "KPN.AS": 0.156073519900354,
        "600028.SS": 0.05,
        "600900.SS": 0.0348931706740108,
        "601398.SS": 0.1145184157955864,
        "2914.T": 0.0566424868206473,
        "6857.T": 0.05,
        "9432.T": 0.0853294384979226,
        "9434.T": 0.0948763763272884,
        "6288.HK": 0.0298834780603182
    }
}