{
    "portfolio_848": {
        "CRESY": 0.05,
        "PEP": 0.0295110230886295,
        "PKX": 0.05,
        "TLK": 0.0424731944643525,
        "SAF.PA": 0.05,
        "PQ9.F": 0.0041563209659459,
        "ULVR.L": 0.0704283227466837,
        "AD.AS": 0.0501258473753938,
        "KPN.AS": 0.139823310959737,
        "600941.SS": 0.05,
        "601398.SS": 0.1639492984829794,
        "2914.T": 0.066897276813276,
        "9432.T": 0.0770576662818411,
        "9434.T": 0.1202338156535965,
        "6288.HK": 0.0353439231675643
    }
}