{
    "portfolio_927": {
        "PEP": 0.0419101280649454,
        "TLK": 0.0670573238229525,
        "LNTH": 0.05,
        "SAF.PA": 0.05,
        "ULVR.L": 0.0564320498211898,
        "AD.AS": 0.0564145697384487,
        "KPN.AS": 0.151409245279534,
        "601088.SS": 0.05,
        "601398.SS": 0.1276130785546607,
        "2914.T": 0.0650351833750514,
        "7974.T": 0.05,
        "9433.T": 0.05,
        "9434.T": 0.1065678349281646,
        "0941.HK": 0.0431003962105594,
        "6288.HK": 0.0344601902044932
    }
}