{
    "portfolio_62": {
        "PEP": 0.0685981942667719,
        "BCH": 0.01,
        "TLK": 0.0869202561985433,
        "ADMA": 0.01,
        "ULVR.L": 0.0489269225817568,
        "AD.AS": 0.068084767029331,
        "KPN.AS": 0.1623730757906164,
        "600519.SS": 0.0390588026995696,
        "601398.SS": 0.1636352331533862,
        "2914.T": 0.062018919260881,
        "9432.T": 0.0687196416457547,
        "9434.T": 0.1409022278278448,
        "0857.HK": 0.020896850259009,
        "1088.HK": 0.01,
        "6288.HK": 0.0398651092865353
    }
}