{
    "portfolio_975": {
        "PEP": 0.0635743711495423,
        "PKX": 0.05,
        "TLK": 0.0672369355400776,
        "TTE.PA": 0.05,
        "0TDD.L": 0.05,
        "ULVR.L": 0.0367511586814645,
        "AD.AS": 0.0572078844070881,
        "KPN.AS": 0.1365572289782214,
        "601398.SS": 0.1572629068505522,
        "2914.T": 0.0370461127013604,
        "4519.T": 0.05,
        "9432.T": 0.0662041208500056,
        "9434.T": 0.1028161599328842,
        "1088.HK": 0.05,
        "6288.HK": 0.0253431209088035
    }
}