{
    "portfolio_551": {
        "AVGO": 0.05,
        "TLK": 0.0374044189363129,
        "PRCT": 0.05,
        "RICO.L": 0.0164621780447732,
        "SHEL.L": 0.05,
        "ULVR.L": 0.0673720940743693,
        "AD.AS": 0.06069419039342,
        "KPN.AS": 0.1794864943545663,
        "600900.SS": 0.0573827420946768,
        "601398.SS": 0.1631458920083218,
        "2914.T": 0.0422891243261866,
        "8031.T": 0.05,
        "9432.T": 0.030944130255716,
        "9434.T": 0.1172287537829061,
        "6288.HK": 0.0275899817287508
    }
}