{
    "portfolio_633": {
        "PEP": 0.0800195340695858,
        "PKX": 0.01,
        "TLK": 0.0844686936639915,
        "BPE5.F": 0.01,
        "TTE.L": 0.01,
        "ULVR.L": 0.0479226491375068,
        "AD.AS": 0.0661090609668567,
        "KPN.AS": 0.1691211632377017,
        "600028.SS": 0.0137483688972834,
        "600519.SS": 0.0475789261188787,
        "601398.SS": 0.1776761133078235,
        "8001.T": 0.01,
        "9432.T": 0.0889238923658334,
        "9434.T": 0.1449491956365099,
        "6288.HK": 0.0394824025980285
    }
}