{
    "portfolio_182": {
        "PEP": 0.0690834165982588,
        "TLK": 0.081117171935581,
        "0K9E.L": 0.05,
        "ULVR.L": 0.0564552578195538,
        "AD.AS": 0.0588087630383246,
        "KPN.AS": 0.1266979451682832,
        "SHELL.AS": 0.05,
        "600900.SS": 0.0545791150854172,
        "601398.SS": 0.1466537784009253,
        "4063.T": 0.05,
        "7974.T": 0.05,
        "8001.T": 0.05,
        "9433.T": 0.0508509521790184,
        "9434.T": 0.0802729378762537,
        "6288.HK": 0.0254806618983835
    }
}