{
    "portfolio_200": {
        "AVGO": 0.05,
        "TLK": 0.0689389837920014,
        "AXSM": 0.05,
        "0K9E.L": 0.05,
        "0TDD.L": 0.05,
        "ULVR.L": 0.0568879153139948,
        "AD.AS": 0.0374306866136452,
        "KPN.AS": 0.1383868389771295,
        "600900.SS": 0.0400531033239226,
        "601398.SS": 0.1223381877582548,
        "601939.SS": 0.05,
        "2914.T": 0.0553191979292446,
        "9432.T": 0.1012024481662032,
        "9434.T": 0.0932554431762648,
        "6288.HK": 0.036187194949339
    }
}