{
    "portfolio_168": {
        "PEP": 0.0686639395279628,
        "TLK": 0.0586559869458612,
        "BNP.PA": 0.05,
        "CS.PA": 0.05,
        "BPE5.F": 0.05,
        "0A4J.L": 0.05,
        "ULVR.L": 0.0387341934952351,
        "AD.AS": 0.0450848069456449,
        "KPN.AS": 0.1193102849157208,
        "601398.SS": 0.1824791986546151,
        "9432.T": 0.0939925170125323,
        "9434.T": 0.0716460856721427,
        "9984.T": 0.05,
        "0941.HK": 0.0422707655332729,
        "6288.HK": 0.0291622212970124
    }
}