{
    "portfolio_794": {
        "PEP": 0.0742679564087172,
        "TLK": 0.0792216309290012,
        "IESC": 0.016086986821998,
        "SHEL.L": 0.0256964965154655,
        "AD.AS": 0.0685065413384405,
        "KPN.AS": 0.1491816499036565,
        "REN.AS": 0.05,
        "600519.SS": 0.0411066980187056,
        "601398.SS": 0.1775560022255766,
        "2914.T": 0.0485575201146697,
        "9432.T": 0.05,
        "9433.T": 0.05,
        "9434.T": 0.0698185177237692,
        "9983.T": 0.05,
        "0941.HK": 0.05
    }
}