{
    "portfolio_918": {
        "PEP": 0.065470823519126,
        "KT": 0.0759404811513865,
        "TLK": 0.0811334699627705,
        "0DH.F": 0.01,
        "LPS1.F": 0.01,
        "PJXC.F": 0.01,
        "ULVR.L": 0.0742386256835729,
        "KPN.AS": 0.1904069120139765,
        "600519.SS": 0.0555144937755156,
        "601288.SS": 0.1680986284101345,
        "7974.T": 0.0475735748245312,
        "8031.T": 0.01,
        "9432.T": 0.14891593231664,
        "0728.HK": 0.01,
        "6288.HK": 0.0427070583423464
    }
}