{
    "portfolio_267": {
        "KT": 0.0522704818708478,
        "TLK": 0.0784546696451567,
        "RYTM": 0.01,
        "SAF.PA": 0.01,
        "PJXC.F": 0.01,
        "ULVR.L": 0.0597169009000973,
        "AD.AS": 0.081443850195985,
        "KPN.AS": 0.1769501131969426,
        "601398.SS": 0.1757164755711678,
        "2914.T": 0.0620964787998114,
        "9432.T": 0.0847088430864083,
        "9434.T": 0.1307359293430987,
        "0386.HK": 0.01,
        "1288.HK": 0.0139119215073049,
        "6288.HK": 0.0439943358831793
    }
}