{
    "portfolio_850": {
        "PEP": 0.0481509999292017,
        "BCH": 0.05,
        "TEO": 0.05,
        "TLK": 0.0546521354381757,
        "AI.PA": 0.05,
        "ULVR.L": 0.0659883420726887,
        "AD.AS": 0.0449744543359047,
        "KPN.AS": 0.1291102033847792,
        "601398.SS": 0.1234924695967575,
        "601728.SS": 0.05,
        "2914.T": 0.0521798779124351,
        "9432.T": 0.0612175462241626,
        "9434.T": 0.1395455704537892,
        "0857.HK": 0.05,
        "6288.HK": 0.0306884006521055
    }
}