{
    "portfolio_843": {
        "PEP": 0.0425057431529386,
        "TLK": 0.0432282877925576,
        "PRCT": 0.05,
        "ULVR.L": 0.0665424178392842,
        "AD.AS": 0.060073646241288,
        "KPN.AS": 0.1653050540104919,
        "SHELL.AS": 0.05,
        "600900.SS": 0.0554570307920117,
        "601328.SS": 0.05,
        "601398.SS": 0.1297309114887247,
        "2914.T": 0.0537896002592716,
        "4063.T": 0.05,
        "9432.T": 0.05,
        "9434.T": 0.1067868101429944,
        "6288.HK": 0.026580498280437
    }
}