{
    "portfolio_375": {
        "PEP": 0.078689499951386,
        "TLK": 0.0821905173745195,
        "IESC": 0.016111252755655,
        "TTE.PA": 0.01,
        "HSBA.L": 0.01,
        "AD.AS": 0.0764116111305782,
        "KPN.AS": 0.1708011026439856,
        "600519.SS": 0.0412317934262733,
        "601088.SS": 0.01,
        "601398.SS": 0.1637399250632575,
        "2914.T": 0.0607984743767563,
        "9432.T": 0.0703047887911799,
        "9434.T": 0.1209925655955004,
        "0941.HK": 0.0523029825334174,
        "6288.HK": 0.036425486357491
    }
}