{
    "portfolio_786": {
        "CRESY": 0.05,
        "PEP": 0.0463453927256576,
        "TLK": 0.0779231010405304,
        "SAN.PA": 0.0269358504874837,
        "ULVR.L": 0.0679189986924551,
        "AD.AS": 0.0757070777985626,
        "KPN.AS": 0.1274025907213042,
        "601398.SS": 0.1340435369576049,
        "2914.T": 0.0440543600157927,
        "8031.T": 0.05,
        "9433.T": 0.0708336403171381,
        "9434.T": 0.1040443372942167,
        "1088.HK": 0.05,
        "1288.HK": 0.05,
        "6288.HK": 0.024791113949254
    }
}