{
    "portfolio_920": {
        "TMUS": 0.05,
        "EC": 0.05,
        "TLK": 0.0635670480343709,
        "OLLI": 0.05,
        "ULVR.L": 0.0510569202976338,
        "AD.AS": 0.0798151701877727,
        "KPN.AS": 0.1242042429396682,
        "600519.SS": 0.0368306403804851,
        "601398.SS": 0.1360707028709705,
        "601939.SS": 0.05,
        "2914.T": 0.0576689789175818,
        "7974.T": 0.0333790827358097,
        "9433.T": 0.05,
        "9434.T": 0.1279790941918358,
        "6288.HK": 0.0394281194438713
    }
}