{
    "portfolio_184": {
        "PEP": 0.0528478231911379,
        "BSAC": 0.05,
        "TLK": 0.0689247588518891,
        "DG.PA": 0.05,
        "0K9E.L": 0.05,
        "ULVR.L": 0.0488288137300897,
        "AD.AS": 0.0475728598063803,
        "KPN.AS": 0.1381726671940626,
        "600900.SS": 0.0497370236625556,
        "601398.SS": 0.1456636244594515,
        "7974.T": 0.05,
        "8001.T": 0.05,
        "9432.T": 0.0539626804656325,
        "9434.T": 0.111228069691215,
        "6288.HK": 0.0330616789475856
    }
}