{
    "portfolio_593": {
        "PEP": 0.0614294010839178,
        "TLK": 0.0865955233058031,
        "SAN.PA": 0.0271703677463682,
        "0YXG.L": 0.05,
        "ULVR.L": 0.0404554980923213,
        "AD.AS": 0.064179331492942,
        "KPN.AS": 0.1517758798974784,
        "600519.SS": 0.0232931020643709,
        "601398.SS": 0.1489727671367791,
        "8031.T": 0.05,
        "8058.T": 0.05,
        "9432.T": 0.0570191616564206,
        "9434.T": 0.0891089675235982,
        "9983.T": 0.05,
        "1088.HK": 0.05
    }
}