{
    "portfolio_901": {
        "PEP": 0.0502350060875756,
        "TLK": 0.069222102748813,
        "RYTM": 0.05,
        "ULVR.L": 0.0515843562837715,
        "AD.AS": 0.0675785469858295,
        "KPN.AS": 0.1819219015028756,
        "601328.SS": 0.05,
        "601398.SS": 0.0890763408281057,
        "601988.SS": 0.05,
        "2914.T": 0.0527422340990103,
        "8001.T": 0.05,
        "9432.T": 0.0556619094909629,
        "9434.T": 0.1036740340942021,
        "0883.HK": 0.05,
        "6288.HK": 0.0283035678788534
    }
}