{
    "portfolio_388": {
        "CRESY": 0.01,
        "PEP": 0.0779947820813732,
        "KT": 0.0468215440621058,
        "TLK": 0.0669959141151082,
        "LPS1.F": 0.01,
        "SHEL.L": 0.0320048055536544,
        "ULVR.L": 0.0600561688651779,
        "KPN.AS": 0.1784159873662018,
        "600519.SS": 0.0533224315433722,
        "601328.SS": 0.01,
        "601398.SS": 0.1656290120535372,
        "9432.T": 0.1011198695068906,
        "9434.T": 0.1385399365636839,
        "1088.HK": 0.01,
        "6288.HK": 0.0390995482888944
    }
}