{
    "portfolio_372": {
        "PEP": 0.1189643012852769,
        "TLK": 0.0742690673050778,
        "AI.PA": 0.01,
        "SAF.PA": 0.01,
        "2B5.F": 0.01,
        "WK0.F": 0.01,
        "SHEL.L": 0.0282421905236425,
        "AD.AS": 0.0591542226792688,
        "KPN.AS": 0.1794961807383483,
        "600519.SS": 0.0486083741727629,
        "601288.SS": 0.1260650429098705,
        "2914.T": 0.0935040869058873,
        "9433.T": 0.073743660892967,
        "9434.T": 0.0891754305133773,
        "0941.HK": 0.0687774420735205
    }
}