{
    "portfolio_269": {
        "CRESY": 0.05,
        "PEP": 0.0652212920112085,
        "TLK": 0.0353389191563471,
        "TTE.PA": 0.05,
        "SHEL.L": 0.05,
        "ULVR.L": 0.0721279959632249,
        "AD.AS": 0.0655911189342931,
        "KPN.AS": 0.1140847792005254,
        "600900.SS": 0.0495484495792536,
        "601328.SS": 0.05,
        "601398.SS": 0.1252532514678934,
        "2914.T": 0.0511669280594119,
        "9432.T": 0.0804778876001974,
        "9434.T": 0.0911893780276442,
        "9983.T": 0.05
    }
}