{
    "portfolio_557": {
        "LIN": 0.05,
        "PEP": 0.050999617474983,
        "TEO": 0.05,
        "TLK": 0.0461457804523087,
        "SHEL.L": 0.05,
        "ULVR.L": 0.0638743672441359,
        "AD.AS": 0.0509090084836584,
        "KPN.AS": 0.1285602418696935,
        "600900.SS": 0.0479364692281833,
        "601398.SS": 0.1415123411756562,
        "601728.SS": 0.05,
        "8058.T": 0.05,
        "9432.T": 0.0734795513924972,
        "9434.T": 0.1177599242348934,
        "6288.HK": 0.0288226984439905
    }
}