{
    "portfolio_933": {
        "CRESY": 0.01,
        "PEP": 0.0929838572584892,
        "TLK": 0.0969276576483288,
        "0DH.F": 0.01,
        "SHEL.L": 0.041831901066825,
        "ULVR.L": 0.0622818636807084,
        "AD.AS": 0.0753242509695789,
        "KPN.AS": 0.1187086768771221,
        "600519.SS": 0.0531196132525007,
        "601088.SS": 0.01,
        "601398.SS": 0.1660223721453722,
        "601728.SS": 0.0379060654244086,
        "2914.T": 0.0656906001502734,
        "7974.T": 0.0608514227851182,
        "9433.T": 0.0983517187412744
    }
}