{
    "portfolio_750": {
        "PKX": 0.05,
        "TLK": 0.0530303132729866,
        "IESC": 0.05,
        "AZN.L": 0.05,
        "TYT.L": 0.0337953958635834,
        "ULVR.L": 0.043436165705476,
        "AD.AS": 0.0344352072721002,
        "KPN.AS": 0.1496834848344066,
        "WKL.AS": 0.05,
        "600900.SS": 0.046460174871722,
        "601138.SS": 0.05,
        "601398.SS": 0.1675351859601532,
        "2914.T": 0.0612249229479664,
        "9432.T": 0.0711290353685702,
        "9434.T": 0.0892701139030353
    }
}