{
    "portfolio_830": {
        "MSFT": 0.05,
        "EC": 0.05,
        "TLK": 0.0441081116258462,
        "SAN.PA": 0.0269692912738682,
        "ULVR.L": 0.062110780845477,
        "AD.AS": 0.0622908550793445,
        "ASM.AS": 0.05,
        "KPN.AS": 0.1442053786202567,
        "601398.SS": 0.1261866528956546,
        "601939.SS": 0.05,
        "2914.T": 0.0549748396750044,
        "9432.T": 0.0790173739360488,
        "9434.T": 0.1022299516614969,
        "9983.T": 0.05,
        "0941.HK": 0.0479067643870027
    }
}