{
    "portfolio_197": {
        "PEP": 0.0529838307804862,
        "TLK": 0.0766678562570356,
        "VERX": 0.05,
        "SAF.PA": 0.05,
        "AD.AS": 0.0393709158471372,
        "KPN.AS": 0.163510112664379,
        "REN.AS": 0.05,
        "600519.SS": 0.0456418269451621,
        "601398.SS": 0.1255247841518935,
        "601857.SS": 0.05,
        "2914.T": 0.0559476718545064,
        "8058.T": 0.05,
        "9433.T": 0.070588277887586,
        "9434.T": 0.0928124042815541,
        "6288.HK": 0.02695231933026
    }
}