{
    "portfolio_331": {
        "PEP": 0.07641152741532,
        "TLK": 0.0930630984489597,
        "OL5.F": 0.01,
        "SHEL.L": 0.0308087311681637,
        "ULVR.L": 0.060731026486444,
        "AD.AS": 0.073717266734703,
        "KPN.AS": 0.1470034093333702,
        "601398.SS": 0.1505351449107933,
        "601857.SS": 0.01,
        "2914.T": 0.0698532536816401,
        "9432.T": 0.0504154282718778,
        "9434.T": 0.1250928068522675,
        "0941.HK": 0.0551072560357622,
        "1088.HK": 0.01,
        "6288.HK": 0.0372610506606984
    }
}