{
    "portfolio_531": {
        "PEP": 0.0551142284649448,
        "TLK": 0.0694274767815508,
        "CS.PA": 0.05,
        "0TDD.L": 0.05,
        "0YXG.L": 0.05,
        "AD.AS": 0.0392865652462607,
        "INGA.AS": 0.05,
        "KPN.AS": 0.1332286811429641,
        "600519.SS": 0.0235876852710637,
        "601398.SS": 0.1578101860970568,
        "2914.T": 0.0533547812212802,
        "9432.T": 0.079133022950322,
        "9434.T": 0.0936314592794,
        "0941.HK": 0.0454259135451568,
        "6288.HK": 0.05
    }
}