{
    "portfolio_113": {
        "PEP": 0.0808454832459862,
        "TLK": 0.0771176258056947,
        "IESC": 0.0151063035219895,
        "SHEL.L": 0.05,
        "ULVR.L": 0.0493463366714655,
        "AD.AS": 0.0625439454549417,
        "KPN.AS": 0.1497348451060625,
        "600519.SS": 0.0343941106384209,
        "600941.SS": 0.05,
        "601398.SS": 0.1528052560315064,
        "4063.T": 0.05,
        "4519.T": 0.05,
        "8031.T": 0.05,
        "9433.T": 0.0558882297967129,
        "9434.T": 0.0722178637272194
    }
}