{
    "portfolio_329": {
        "TMUS": 0.05,
        "TLK": 0.0685799275647573,
        "VERX": 0.05,
        "SHEL.L": 0.05,
        "ULVR.L": 0.0600859776882207,
        "AD.AS": 0.0605656751581531,
        "KPN.AS": 0.1417780745783952,
        "600900.SS": 0.060066173750818,
        "601288.SS": 0.05,
        "601398.SS": 0.0932571327969436,
        "2914.T": 0.0743540392141941,
        "7974.T": 0.05,
        "9433.T": 0.06249404905181,
        "9434.T": 0.0945281502391337,
        "6288.HK": 0.0342907999575738
    }
}