{
    "portfolio_700": {
        "AVGO": 0.05,
        "PEP": 0.0476665189595967,
        "TLK": 0.08051179284877,
        "SAN.PA": 0.0285513208275392,
        "ULVR.L": 0.0479451389883235,
        "AD.AS": 0.0613713177384783,
        "KPN.AS": 0.1666555490303718,
        "600519.SS": 0.0357593369350259,
        "601328.SS": 0.05,
        "601398.SS": 0.081534952542431,
        "601857.SS": 0.05,
        "8031.T": 0.05,
        "9432.T": 0.0783991268278848,
        "9434.T": 0.1372360710041131,
        "6288.HK": 0.0343688742974657
    }
}