{
    "portfolio_611": {
        "KT": 0.0616362644154296,
        "TLK": 0.0845326800549809,
        "PJXC.F": 0.01,
        "ULVR.L": 0.0628052047170943,
        "AD.AS": 0.0806955454896392,
        "KPN.AS": 0.1761218214026195,
        "600028.SS": 0.01,
        "601138.SS": 0.0131610035029665,
        "601398.SS": 0.165007902983626,
        "601939.SS": 0.01,
        "2914.T": 0.0601555187810325,
        "9432.T": 0.0851181217566681,
        "9434.T": 0.1305434656903687,
        "9983.T": 0.01,
        "6288.HK": 0.0402224712055744
    }
}