{
    "portfolio_427": {
        "PEP": 0.0686413154504592,
        "TLK": 0.0964260360601001,
        "0YXG.L": 0.0112382946453265,
        "ULVR.L": 0.052414931153472,
        "AD.AS": 0.0680238920515348,
        "KPN.AS": 0.1640851757503244,
        "600028.SS": 0.01,
        "601398.SS": 0.1542482618699054,
        "2914.T": 0.0735750774672145,
        "9432.T": 0.0650977977090597,
        "9434.T": 0.1268234024024576,
        "0883.HK": 0.01,
        "0941.HK": 0.0486408461219988,
        "1088.HK": 0.01,
        "6288.HK": 0.0407849693181472
    }
}