{
    "portfolio_606": {
        "PEP": 0.0765073537181966,
        "TLK": 0.0912469336946801,
        "LNTH": 0.01,
        "SAF.PA": 0.01,
        "AD.AS": 0.0782997239926103,
        "KPN.AS": 0.1686710355315064,
        "600519.SS": 0.0434120771586218,
        "601398.SS": 0.1636408327031254,
        "2914.T": 0.0650568687199886,
        "8001.T": 0.01,
        "9433.T": 0.0563900309101109,
        "9434.T": 0.1290042865622971,
        "0941.HK": 0.0532575180887415,
        "1288.HK": 0.01,
        "6288.HK": 0.0345133389201211
    }
}