{
    "portfolio_646": {
        "AVGO": 0.05,
        "PEP": 0.0336480681932986,
        "TLK": 0.0814813054860185,
        "AI.PA": 0.05,
        "ULVR.L": 0.0496198056473036,
        "AD.AS": 0.0529906355722671,
        "KPN.AS": 0.1567211012391926,
        "600900.SS": 0.0468418622495583,
        "601398.SS": 0.1313610774389255,
        "2914.T": 0.0627032945673867,
        "8001.T": 0.05,
        "9433.T": 0.05,
        "9434.T": 0.1052356872877842,
        "0941.HK": 0.0458858990853563,
        "6288.HK": 0.0335112632329085
    }
}