{
    "portfolio_254": {
        "PEP": 0.0738175950118558,
        "TEO": 0.01,
        "TLK": 0.0805940458433142,
        "PRCT": 0.01,
        "ULVR.L": 0.0477543832056853,
        "AD.AS": 0.0690403480367575,
        "KPN.AS": 0.1747619030198006,
        "600519.SS": 0.04476739862984,
        "601398.SS": 0.1766280193163446,
        "6857.T": 0.01,
        "9432.T": 0.0829988897389574,
        "9434.T": 0.1511977248014882,
        "9983.T": 0.01,
        "0857.HK": 0.0269584847934362,
        "6288.HK": 0.0314812076025201
    }
}