{
    "portfolio_208": {
        "PEP": 0.0718847845989538,
        "PKX": 0.05,
        "TLK": 0.077014971762925,
        "SAN.PA": 0.0299261892050989,
        "ULVR.L": 0.045966710706404,
        "AD.AS": 0.0622147269927019,
        "KPN.AS": 0.151574093326869,
        "601398.SS": 0.1218895367789237,
        "601857.SS": 0.05,
        "6857.T": 0.05,
        "7974.T": 0.05,
        "8031.T": 0.05,
        "9432.T": 0.0755328589506312,
        "9434.T": 0.0907224490872074,
        "6288.HK": 0.0232736785902851
    }
}