{
    "portfolio_828": {
        "PEP": 0.0978689724037009,
        "TLK": 0.1135324644773938,
        "SAF.PA": 0.01,
        "0DH.F": 0.01,
        "AD.AS": 0.0874166154838773,
        "KPN.AS": 0.1485718053531109,
        "600519.SS": 0.0554702411767921,
        "600941.SS": 0.01,
        "601398.SS": 0.1579664995068391,
        "2914.T": 0.0695390395654186,
        "7974.T": 0.0523938161756569,
        "9433.T": 0.0902406464661393,
        "0857.HK": 0.01,
        "0941.HK": 0.0512060837518326,
        "6288.HK": 0.0357938156392388
    }
}