{
    "portfolio_943": {
        "LIN": 0.01,
        "PEP": 0.0808498797803632,
        "TLK": 0.0853137950080166,
        "BPE5.F": 0.01,
        "TTE.L": 0.01,
        "AD.AS": 0.0723668675392864,
        "INGA.AS": 0.01,
        "KPN.AS": 0.1713029850688449,
        "600028.SS": 0.0151154059795065,
        "600519.SS": 0.0481750799174198,
        "601398.SS": 0.1794619184610638,
        "2914.T": 0.0605792212742556,
        "9432.T": 0.0725702963546088,
        "9434.T": 0.1328946612181391,
        "6288.HK": 0.0413698893984952
    }
}