{
    "portfolio_30": {
        "PEP": 0.0913192535156736,
        "TLK": 0.0771248242249287,
        "ULVR.L": 0.0531841262396938,
        "AD.AS": 0.0672863128030252,
        "KPN.AS": 0.1397620393623275,
        "SHELL.AS": 0.05,
        "600519.SS": 0.0302223179335888,
        "601398.SS": 0.067056516425808,
        "601857.SS": 0.05,
        "601988.SS": 0.05,
        "2914.T": 0.046057548364427,
        "9432.T": 0.0703844430948804,
        "9434.T": 0.1076026180356471,
        "9983.T": 0.05,
        "0728.HK": 0.05
    }
}