{
    "portfolio_586": {
        "PEP": 0.0671442011686162,
        "TLK": 0.0846072403388545,
        "ADMA": 0.01,
        "VERX": 0.01,
        "SHEL.L": 0.0343545357049506,
        "ULVR.L": 0.0522851352320084,
        "AD.AS": 0.067956334765694,
        "KPN.AS": 0.1532035534677077,
        "601328.SS": 0.01,
        "601398.SS": 0.158821008032564,
        "2914.T": 0.082719190590429,
        "4519.T": 0.015502817407838,
        "9434.T": 0.1575967499425692,
        "0941.HK": 0.0590216586915056,
        "6288.HK": 0.0367875746572627
    }
}