{
    "portfolio_887": {
        "PEP": 0.089380583411579,
        "TLK": 0.0712136604338403,
        "ADMA": 0.0107191470371674,
        "TTE.PA": 0.01,
        "WK0.F": 0.01,
        "TYT.L": 0.049688352189898,
        "ULVR.L": 0.0489065793188575,
        "AD.AS": 0.0571299336124057,
        "KPN.AS": 0.1890597730508987,
        "600519.SS": 0.0536315465663478,
        "601328.SS": 0.01,
        "601398.SS": 0.1326256116406573,
        "9432.T": 0.0906136081334582,
        "9434.T": 0.1319774983891679,
        "0941.HK": 0.0450537062157219
    }
}