{
    "portfolio_93": {
        "PEP": 0.0594731687924864,
        "TLK": 0.0894007356255419,
        "SAN.PA": 0.0283436987149181,
        "0YXG.L": 0.05,
        "ULVR.L": 0.0499024420948102,
        "AD.AS": 0.0569745692745085,
        "KPN.AS": 0.1545109309161122,
        "601288.SS": 0.05,
        "601398.SS": 0.0912165180826801,
        "8031.T": 0.05,
        "9432.T": 0.0744616759927349,
        "9434.T": 0.115083289176219,
        "0883.HK": 0.05,
        "0941.HK": 0.05,
        "6288.HK": 0.0306329713299885
    }
}