{
    "portfolio_16": {
        "BSAC": 0.05,
        "TLK": 0.04259302523716,
        "IESC": 0.05,
        "OLLI": 0.05,
        "SAN.PA": 0.0324599152498944,
        "AD.AS": 0.0603748722502277,
        "KPN.AS": 0.1593316820625425,
        "WKL.AS": 0.05,
        "600519.SS": 0.0403113449014408,
        "601398.SS": 0.1752503630050433,
        "2914.T": 0.0519585025073077,
        "6857.T": 0.05,
        "9432.T": 0.0757640545111722,
        "9434.T": 0.080943259895824,
        "6288.HK": 0.0310129803793872
    }
}