{
    "portfolio_794": {
        "PEP": 0.1167927518273212,
        "EC": 0.0428078570415859,
        "PKX": 0.01,
        "APPF": 0.0429404145404459,
        "IESC": 0.01,
        "TTE.PA": 0.0170963678971769,
        "LFU2.F": 0.01,
        "0YXG.L": 0.01,
        "ULVR.L": 0.1065998411850526,
        "KPN.AS": 0.0958438850949827,
        "601288.SS": 0.1318262335037117,
        "601728.SS": 0.0571927650857403,
        "7974.T": 0.227703309398177,
        "9433.T": 0.1113188767835141
    }
}