{
    "portfolio_745": {
        "PEP": 0.0771220974631522,
        "TLK": 0.0886830185528882,
        "8GC.F": 0.01,
        "ULVR.L": 0.0481635684098519,
        "AD.AS": 0.0694845388944605,
        "KPN.AS": 0.16214448147,
        "600519.SS": 0.0377409553850288,
        "600941.SS": 0.01,
        "601398.SS": 0.1512727799260537,
        "601857.SS": 0.01,
        "2914.T": 0.0616335456194163,
        "9432.T": 0.0702991214187314,
        "9434.T": 0.1260234590470798,
        "0941.HK": 0.0397795232645024,
        "6288.HK": 0.0376529105488344
    }
}