{
    "portfolio_525": {
        "COST": 0.05,
        "CRESY": 0.05,
        "TGS": 0.05,
        "TLK": 0.0339592975767655,
        "ULVR.L": 0.0833525630627035,
        "AD.AS": 0.0679971662309939,
        "KPN.AS": 0.1440937560021859,
        "601138.SS": 0.0166894164576013,
        "601328.SS": 0.05,
        "601398.SS": 0.1109749096409185,
        "2914.T": 0.0611556031757261,
        "9432.T": 0.0741963283199906,
        "9434.T": 0.1273810778748658,
        "1088.HK": 0.05,
        "6288.HK": 0.0301998816582489
    }
}