{
    "portfolio_956": {
        "CRESY": 0.05,
        "PEP": 0.0547166291681143,
        "TLK": 0.0722117237206343,
        "SAN.PA": 0.0270475838207298,
        "ULVR.L": 0.073037447161629,
        "AD.AS": 0.068094327116669,
        "KPN.AS": 0.1262413799385136,
        "600519.SS": 0.0290099145551262,
        "601398.SS": 0.1234771425013089,
        "8031.T": 0.05,
        "8058.T": 0.05,
        "9433.T": 0.0781891988467174,
        "9434.T": 0.0979746531705574,
        "0857.HK": 0.05,
        "1288.HK": 0.05
    }
}