{
    "portfolio_971": {
        "TMUS": 0.05,
        "TLK": 0.0593124076161093,
        "RYTM": 0.05,
        "ULVR.L": 0.0537252606056177,
        "AD.AS": 0.0726742333330492,
        "KPN.AS": 0.1614438796415637,
        "600900.SS": 0.0574958562704658,
        "601138.SS": 0.0188781973611165,
        "601398.SS": 0.1267917251260278,
        "601988.SS": 0.05,
        "2914.T": 0.054549717970549,
        "8058.T": 0.05,
        "9432.T": 0.0558894272799918,
        "9434.T": 0.1094311489476939,
        "6288.HK": 0.0298081458478153
    }
}