{
    "portfolio_32": {
        "PEP": 0.0545432400915278,
        "TLK": 0.062331063330171,
        "RYTM": 0.05,
        "QF9.F": 0.0064495656668802,
        "ULVR.L": 0.0433501046940827,
        "AD.AS": 0.0686125213093779,
        "KPN.AS": 0.1835405222690708,
        "600900.SS": 0.0516835371937341,
        "601398.SS": 0.1475072301462191,
        "2914.T": 0.0388074666369146,
        "6857.T": 0.05,
        "8001.T": 0.05,
        "9432.T": 0.0600363207245629,
        "9434.T": 0.083138427937459,
        "0883.HK": 0.05
    }
}