{
    "portfolio_996": {
        "PEP": 0.0533842235222187,
        "TMUS": 0.05,
        "TLK": 0.0675075025033972,
        "HSBA.L": 0.05,
        "ULVR.L": 0.0456386777240499,
        "AD.AS": 0.0706412573966172,
        "KPN.AS": 0.1081865610509358,
        "SHELL.AS": 0.05,
        "600519.SS": 0.0345909468389846,
        "600941.SS": 0.05,
        "601398.SS": 0.1493666617872573,
        "2914.T": 0.0565803291123801,
        "9433.T": 0.0641829499966749,
        "9434.T": 0.1152757896560818,
        "6288.HK": 0.0346451004114024
    }
}