{
    "portfolio_816": {
        "AVGO": 0.05,
        "PEP": 0.0403559961430434,
        "TLK": 0.0769201786334509,
        "SHEL.L": 0.0264786742690672,
        "ULVR.L": 0.0607895631721233,
        "AD.AS": 0.0652007874709639,
        "KPN.AS": 0.1565851744643025,
        "600941.SS": 0.05,
        "601088.SS": 0.05,
        "601328.SS": 0.05,
        "601398.SS": 0.0743922452098346,
        "2914.T": 0.0700262179987577,
        "9432.T": 0.0618802200976446,
        "9434.T": 0.1272056459710054,
        "6288.HK": 0.0401652965698063
    }
}