{
    "portfolio_491": {
        "MSFT": 0.05,
        "PKX": 0.05,
        "TLK": 0.0492690590371726,
        "DG.PA": 0.05,
        "SAN.PA": 0.0236634506949243,
        "RICO.L": 0.05,
        "ULVR.L": 0.0432410477534542,
        "AD.AS": 0.0510990648418623,
        "KPN.AS": 0.147369817133617,
        "600900.SS": 0.05,
        "601398.SS": 0.1583215371897742,
        "2914.T": 0.0518277897200518,
        "9432.T": 0.0653844664427436,
        "9434.T": 0.1236557835125215,
        "6288.HK": 0.0361679836738783
    }
}