{
    "portfolio_610": {
        "AVGO": 0.01,
        "PEP": 0.0783413719968602,
        "TLK": 0.0821868754091636,
        "ULVR.L": 0.046746723313209,
        "AD.AS": 0.0681481574409103,
        "KPN.AS": 0.1648408508465014,
        "SHELL.AS": 0.0237517158370612,
        "600028.SS": 0.0132738157194648,
        "600519.SS": 0.0461566591617862,
        "601398.SS": 0.1768168547792959,
        "4519.T": 0.0155596197637615,
        "6857.T": 0.01,
        "9432.T": 0.0870331151083137,
        "9434.T": 0.1399940350640989,
        "6288.HK": 0.0371502055595731
    }
}