{
    "portfolio_69": {
        "LIN": 0.05,
        "TLK": 0.0666005773177861,
        "ADMA": 0.05,
        "SHEL.L": 0.0266166413431023,
        "TYT.L": 0.0223277352161963,
        "ULVR.L": 0.0610021136724624,
        "AD.AS": 0.0638716591016305,
        "KPN.AS": 0.140638343028118,
        "601088.SS": 0.05,
        "601398.SS": 0.1349690357646889,
        "2914.T": 0.0505525910555366,
        "9432.T": 0.0665712058064251,
        "9434.T": 0.1326618616714328,
        "0941.HK": 0.0341882360226208,
        "6288.HK": 0.05
    }
}