{
    "portfolio_264": {
        "PEP": 0.0781858084319673,
        "TLK": 0.0763209329730626,
        "IESC": 0.0181890345125548,
        "BPE.F": 0.05,
        "ULVR.L": 0.0530642596658166,
        "AD.AS": 0.0711651510614045,
        "KPN.AS": 0.1431573215371837,
        "600519.SS": 0.0394786038255908,
        "601398.SS": 0.173967897289342,
        "7974.T": 0.05,
        "8001.T": 0.05,
        "9432.T": 0.05,
        "9433.T": 0.05,
        "9434.T": 0.0700032612615354,
        "6288.HK": 0.0264677294415421
    }
}