{
    "portfolio_619": {
        "PEP": 0.076503678518597,
        "TLK": 0.080322579839814,
        "TTE.PA": 0.05,
        "AD.AS": 0.0696476194420168,
        "KPN.AS": 0.1361661685076578,
        "REN.AS": 0.05,
        "600519.SS": 0.0360846617559129,
        "600900.SS": 0.0472434509878296,
        "601398.SS": 0.1173568837498906,
        "601939.SS": 0.05,
        "2914.T": 0.0561268756840965,
        "4519.T": 0.05,
        "9433.T": 0.0571374905693558,
        "9434.T": 0.0916268029155836,
        "6288.HK": 0.0317837880292455
    }
}