{
    "portfolio_496": {
        "PEP": 0.074043604520455,
        "TLK": 0.0797603964377325,
        "IESC": 0.0173605478390218,
        "0TDD.L": 0.05,
        "ULVR.L": 0.0374244681039405,
        "AD.AS": 0.0601576507862709,
        "KPN.AS": 0.1579088684453951,
        "600519.SS": 0.0359383197530726,
        "601398.SS": 0.1194681243156204,
        "601988.SS": 0.05,
        "6857.T": 0.05,
        "8058.T": 0.05,
        "9432.T": 0.0906208018819976,
        "9434.T": 0.08349271409604,
        "0941.HK": 0.0438245038204536
    }
}