{
    "portfolio_898": {
        "AVGO": 0.05,
        "PEP": 0.0455014103175289,
        "TLK": 0.0583774505814548,
        "TTE.PA": 0.05,
        "BPE5.F": 0.05,
        "ULVR.L": 0.0666637799290112,
        "AD.AS": 0.0658312792850856,
        "KPN.AS": 0.1160601050253072,
        "600941.SS": 0.05,
        "601398.SS": 0.1342639859817663,
        "601899.SS": 0.05,
        "2914.T": 0.0612140679361192,
        "9433.T": 0.0722566525014154,
        "9434.T": 0.098769561500381,
        "6288.HK": 0.0310617069419302
    }
}