{
    "portfolio_606": {
        "TLK": 0.0642792663826708,
        "IESC": 0.05,
        "SAF.PA": 0.05,
        "0A4J.L": 0.05,
        "TYT.L": 0.05,
        "ULVR.L": 0.037727337132691,
        "AD.AS": 0.0398642773223931,
        "INGA.AS": 0.05,
        "KPN.AS": 0.141927894081913,
        "601398.SS": 0.1854198590250836,
        "2914.T": 0.0430735241594453,
        "9432.T": 0.0652549417407289,
        "9434.T": 0.0919931541749945,
        "0941.HK": 0.051065567712203,
        "6288.HK": 0.0293941782678768
    }
}