{
    "portfolio_792": {
        "CRESY": 0.05,
        "APPF": 0.05,
        "VERX": 0.05,
        "TTE.PA": 0.05,
        "RICO.L": 0.0293974416947468,
        "ULVR.L": 0.0793065132813556,
        "AD.AS": 0.0503506232624887,
        "KPN.AS": 0.1549776082787676,
        "600900.SS": 0.0612361670748687,
        "601288.SS": 0.05,
        "601398.SS": 0.096793093214919,
        "2914.T": 0.0749608445350014,
        "9433.T": 0.0753416828709085,
        "9434.T": 0.0955971825421976,
        "6288.HK": 0.0320388432447459
    }
}