{
    "portfolio_93": {
        "CRESY": 0.01,
        "PEP": 0.0689128437803602,
        "TLK": 0.0881392463353336,
        "BPE.F": 0.0139722908565185,
        "ULVR.L": 0.0590812128317298,
        "AD.AS": 0.0698691273358545,
        "KPN.AS": 0.1538410419388508,
        "601398.SS": 0.1685548027818766,
        "2914.T": 0.0677217672026374,
        "8058.T": 0.01,
        "9432.T": 0.0674445229813765,
        "9434.T": 0.1218844180300816,
        "0728.HK": 0.01,
        "0941.HK": 0.0519386233383417,
        "6288.HK": 0.0386401025870389
    }
}