{
    "portfolio_957": {
        "AVGO": 0.05,
        "TLK": 0.0978053534499978,
        "SAN.PA": 0.0334786553626524,
        "ULVR.L": 0.0571867610308704,
        "AD.AS": 0.0712160479100222,
        "KPN.AS": 0.1558975879933823,
        "600941.SS": 0.05,
        "601398.SS": 0.0866407290306668,
        "2914.T": 0.046690150792944,
        "8001.T": 0.05,
        "9433.T": 0.0451274933017383,
        "9434.T": 0.1278831265107937,
        "0857.HK": 0.05,
        "1088.HK": 0.05,
        "6288.HK": 0.0280740946169316
    }
}