{
    "portfolio_131": {
        "PEP": 0.0767386997725616,
        "TEO": 0.05,
        "TLK": 0.0690354654428988,
        "SHEL.L": 0.05,
        "ULVR.L": 0.0598769700664295,
        "AD.AS": 0.062602607068843,
        "KPN.AS": 0.1347894696721815,
        "600519.SS": 0.0272159026189884,
        "601398.SS": 0.0975621844260369,
        "601857.SS": 0.05,
        "8031.T": 0.05,
        "9433.T": 0.0711875297582576,
        "9434.T": 0.1276758874168081,
        "0857.HK": 0.05,
        "6288.HK": 0.0233152837569945
    }
}