{
    "portfolio_417": {
        "PEP": 0.0633221113342355,
        "TLK": 0.0871921252412804,
        "AXSM": 0.05,
        "SAN.PA": 0.0371082560898918,
        "ULVR.L": 0.0624262672944044,
        "AD.AS": 0.0452495158523279,
        "KPN.AS": 0.1405024254920276,
        "600028.SS": 0.05,
        "601398.SS": 0.0721332347848532,
        "601857.SS": 0.05,
        "2914.T": 0.0579650424206244,
        "9432.T": 0.09284506591666,
        "9434.T": 0.1063504213554387,
        "0857.HK": 0.05,
        "6288.HK": 0.0349055342182562
    }
}