{
    "portfolio_780": {
        "PEP": 0.0794552659192537,
        "TLK": 0.0916995283162565,
        "SAN.PA": 0.0251677861959231,
        "ULVR.L": 0.0378485527487171,
        "AD.AS": 0.0586451660077594,
        "INGA.AS": 0.05,
        "KPN.AS": 0.1365197024682306,
        "601398.SS": 0.1113071379163809,
        "8058.T": 0.05,
        "9432.T": 0.075524570873189,
        "9434.T": 0.1071307292329855,
        "0883.HK": 0.05,
        "0941.HK": 0.05,
        "1288.HK": 0.05,
        "6288.HK": 0.0267015603213039
    }
}