{
    "portfolio_806": {
        "PEP": 0.0939026912657286,
        "TLK": 0.104526321545941,
        "0DH.F": 0.01,
        "HSBA.L": 0.01,
        "AD.AS": 0.0755804046460304,
        "KPN.AS": 0.155517545076055,
        "WKL.AS": 0.0293135796730361,
        "600519.SS": 0.0558198250064137,
        "601398.SS": 0.1630199784792126,
        "2914.T": 0.0681884186992073,
        "4063.T": 0.01,
        "4519.T": 0.01,
        "9432.T": 0.1034372742143072,
        "0941.HK": 0.0728511664298106,
        "6288.HK": 0.0378427949642576
    }
}