{
    "portfolio_59": {
        "PEP": 0.0567505866708294,
        "BCH": 0.05,
        "TLK": 0.045847762319177,
        "ADMA": 0.05,
        "BPE.F": 0.05,
        "ULVR.L": 0.0584096036175203,
        "AD.AS": 0.0655149116526541,
        "KPN.AS": 0.1281110691875932,
        "600519.SS": 0.024366248771464,
        "601398.SS": 0.1528621979553493,
        "8001.T": 0.05,
        "9432.T": 0.0741444746584047,
        "9434.T": 0.1105255588124497,
        "9983.T": 0.05,
        "0941.HK": 0.0334675863545582
    }
}