{
    "portfolio_482": {
        "PEP": 0.0536585308951995,
        "BCH": 0.05,
        "PKX": 0.05,
        "TLK": 0.0585630692975718,
        "SAN.PA": 0.0297716417138815,
        "ULVR.L": 0.0526760984318765,
        "AD.AS": 0.0534642161582382,
        "KPN.AS": 0.1409957349297036,
        "600519.SS": 0.0310495119735354,
        "600941.SS": 0.05,
        "601398.SS": 0.1439290235593387,
        "8058.T": 0.05,
        "9432.T": 0.0838088355749431,
        "9434.T": 0.1199285213677734,
        "6288.HK": 0.032154816097938
    }
}