{
    "portfolio_470": {
        "TMUS": 0.05,
        "TLK": 0.0686590198361621,
        "OLLI": 0.05,
        "DG.PA": 0.05,
        "SHEL.L": 0.0244541744411982,
        "TYT.L": 0.0358561953423215,
        "ULVR.L": 0.0422370559007275,
        "AD.AS": 0.0572629955842765,
        "KPN.AS": 0.1428494689342686,
        "600519.SS": 0.0395095765732303,
        "601328.SS": 0.05,
        "601398.SS": 0.1404895425951504,
        "9432.T": 0.0658296748431816,
        "9434.T": 0.147502097121437,
        "6288.HK": 0.0353501988280462
    }
}