{
    "portfolio_870": {
        "PEP": 0.0775905697970761,
        "PKX": 0.01,
        "TLK": 0.09464050376166,
        "ADMA": 0.01,
        "2B5.F": 0.01,
        "SKFA.F": 0.01,
        "ULVR.L": 0.0471582470556465,
        "AD.AS": 0.0697233196681776,
        "KPN.AS": 0.1566571127064292,
        "601398.SS": 0.1720378106821877,
        "2914.T": 0.0809122468942769,
        "4519.T": 0.0217519721723235,
        "9434.T": 0.1356592867589938,
        "0941.HK": 0.0649457053060752,
        "6288.HK": 0.0389232251971536
    }
}