{
    "portfolio_966": {
        "PEP": 0.0623402336633991,
        "TLK": 0.0929995426102094,
        "SAF.PA": 0.05,
        "SKFA.F": 0.05,
        "AD.AS": 0.0655456591448512,
        "KPN.AS": 0.1594852226712373,
        "600519.SS": 0.040392354816368,
        "601398.SS": 0.0869272040412077,
        "601857.SS": 0.05,
        "601988.SS": 0.05,
        "2914.T": 0.0521199268844269,
        "9432.T": 0.0539365658952872,
        "9433.T": 0.0564071842846548,
        "9434.T": 0.099997121189419,
        "6288.HK": 0.0298489847989399
    }
}