{
    "portfolio_711": {
        "AVGO": 0.01,
        "PEP": 0.0717479713138952,
        "TLK": 0.0868466351950088,
        "BPE5.F": 0.01,
        "AD.AS": 0.0740950588034905,
        "KPN.AS": 0.1641464923041551,
        "WKL.AS": 0.0271158708377507,
        "600519.SS": 0.0430757807702387,
        "601398.SS": 0.1575876747077781,
        "601939.SS": 0.01,
        "2914.T": 0.0666051955710834,
        "9432.T": 0.0674390771449048,
        "9434.T": 0.1203953735604989,
        "0941.HK": 0.0552011743418998,
        "6288.HK": 0.0357436954492961
    }
}