{
    "portfolio_188": {
        "TEO": 0.05,
        "TLK": 0.0479648456147926,
        "LNTH": 0.05,
        "RICO.L": 0.0251371360530118,
        "ULVR.L": 0.0504385320126687,
        "AD.AS": 0.0485741705657443,
        "KPN.AS": 0.1396387190630872,
        "REN.AS": 0.05,
        "WKL.AS": 0.05,
        "600900.SS": 0.0381237002843632,
        "601398.SS": 0.1537428331508748,
        "2914.T": 0.0603223669641575,
        "9434.T": 0.1343643132805906,
        "9983.T": 0.05,
        "0941.HK": 0.0516933830107093
    }
}