{
    "portfolio_202": {
        "TMUS": 0.05,
        "LNTH": 0.05,
        "PRCT": 0.05,
        "RICO.L": 0.0397315222632811,
        "SHEL.L": 0.0214563609489636,
        "ULVR.L": 0.0649851731345014,
        "AD.AS": 0.0602222970619194,
        "KPN.AS": 0.1892605324908665,
        "600519.SS": 0.0305557782597024,
        "601328.SS": 0.05,
        "601398.SS": 0.1356206208030109,
        "4568.T": 0.05,
        "9434.T": 0.1599231097184176,
        "0857.HK": 0.0249450739614747,
        "6288.HK": 0.0232995313578619
    }
}