{
    "portfolio_489": {
        "PEP": 0.0396931672373963,
        "BCH": 0.05,
        "TLK": 0.0568853583406849,
        "LNTH": 0.05,
        "SAN.PA": 0.0289649486080973,
        "ULVR.L": 0.0555989977343356,
        "AD.AS": 0.0560698321481298,
        "KPN.AS": 0.1590305056152378,
        "600519.SS": 0.0319130670207333,
        "601398.SS": 0.1400825965115616,
        "8031.T": 0.05,
        "9432.T": 0.0537339805538702,
        "9434.T": 0.1470285791959745,
        "1088.HK": 0.05,
        "6288.HK": 0.0309989670339786
    }
}