{
    "portfolio_596": {
        "PEP": 0.0666330996907878,
        "TEO": 0.05,
        "TLK": 0.0664736969655401,
        "ULVR.L": 0.0616080549423398,
        "AD.AS": 0.0640160601964427,
        "KPN.AS": 0.141552848091618,
        "600900.SS": 0.0448611342721182,
        "601328.SS": 0.05,
        "601398.SS": 0.0677578032850833,
        "601728.SS": 0.05,
        "2914.T": 0.0591516948818243,
        "9432.T": 0.0697284253892997,
        "9434.T": 0.1255521500729979,
        "1288.HK": 0.05,
        "6288.HK": 0.0326650322119482
    }
}