{
    "portfolio_559": {
        "PEP": 0.0407621254847781,
        "TLK": 0.066651938995585,
        "ADMA": 0.05,
        "SKFA.F": 0.05,
        "ULVR.L": 0.0575946191449511,
        "AD.AS": 0.0622739335530311,
        "KPN.AS": 0.1324435848923964,
        "SHELL.AS": 0.05,
        "601328.SS": 0.05,
        "601398.SS": 0.0969013615925476,
        "2914.T": 0.0426255926730292,
        "9432.T": 0.0823091479193155,
        "9434.T": 0.1388119593954606,
        "0857.HK": 0.05,
        "6288.HK": 0.029625736348905
    }
}