{
    "portfolio_922": {
        "PEP": 0.065220532503718,
        "TLK": 0.092755833146381,
        "OLLI": 0.01,
        "DG.PA": 0.01,
        "OL5.F": 0.01,
        "SHEL.L": 0.0316863867270434,
        "ULVR.L": 0.0581132228335053,
        "AD.AS": 0.0746919753053218,
        "KPN.AS": 0.143857996637413,
        "601398.SS": 0.1598860602313161,
        "2914.T": 0.080069194850676,
        "9434.T": 0.1538720481764041,
        "0941.HK": 0.0629459525692435,
        "3988.HK": 0.01,
        "6288.HK": 0.0369007970189779
    }
}