{
    "portfolio_22": {
        "BCH": 0.05,
        "TEO": 0.05,
        "TLK": 0.0297960551910653,
        "AXSM": 0.05,
        "0YXG.L": 0.05,
        "SHEL.L": 0.05,
        "ULVR.L": 0.077259823159542,
        "AD.AS": 0.0404368789197713,
        "KPN.AS": 0.1169254582493694,
        "600900.SS": 0.047014764071175,
        "601398.SS": 0.1564508977477945,
        "2914.T": 0.0508945404117951,
        "9432.T": 0.1026140905477487,
        "9434.T": 0.0914550019928214,
        "6288.HK": 0.0371524897089169
    }
}