{
    "portfolio_435": {
        "PEP": 0.0751047171145741,
        "TGS": 0.01,
        "TLK": 0.0781822963192061,
        "LNTH": 0.01,
        "ULVR.L": 0.0516757217244454,
        "AD.AS": 0.0668165057453846,
        "KPN.AS": 0.1661151932370096,
        "SHELL.AS": 0.0179616564534362,
        "600519.SS": 0.0468111114587267,
        "601398.SS": 0.1830969242581571,
        "8001.T": 0.01,
        "9432.T": 0.0837016389447735,
        "9434.T": 0.1512707634494342,
        "0883.HK": 0.01,
        "6288.HK": 0.0392634712948527
    }
}