{
    "portfolio_671": {
        "PEP": 0.0728752550574284,
        "TMUS": 0.01,
        "TLK": 0.0831432662702907,
        "RYTM": 0.01,
        "SHEL.L": 0.0328287919133502,
        "AD.AS": 0.0813696575268458,
        "KPN.AS": 0.1593725468321459,
        "600519.SS": 0.0449240668607966,
        "601328.SS": 0.01,
        "601398.SS": 0.1844365770265133,
        "2914.T": 0.0708138653668265,
        "9433.T": 0.0606662949057313,
        "9434.T": 0.1329195090057592,
        "1088.HK": 0.01,
        "6288.HK": 0.036650169234312
    }
}