{
    "portfolio_439": {
        "PEP": 0.0871084419648003,
        "TLK": 0.0973194544709674,
        "2B5.F": 0.01,
        "BPE.F": 0.0112819968101213,
        "HSBA.L": 0.01,
        "ULVR.L": 0.0486584887376677,
        "AD.AS": 0.0702243041358386,
        "KPN.AS": 0.1509737120855813,
        "601288.SS": 0.0229528858403382,
        "601398.SS": 0.1502327461528852,
        "2914.T": 0.0888902040279657,
        "8035.T": 0.01,
        "9434.T": 0.134187135940011,
        "0941.HK": 0.0687109883037883,
        "6288.HK": 0.039459641530035
    }
}