{
    "portfolio_807": {
        "TLK": 0.0696378489323141,
        "RYTM": 0.05,
        "QF9.F": 0.0052922549850801,
        "SKFA.F": 0.05,
        "0TDD.L": 0.05,
        "SHEL.L": 0.0289876543123469,
        "AD.AS": 0.0748159003986395,
        "KPN.AS": 0.1590911389912687,
        "600900.SS": 0.0605128225522171,
        "601398.SS": 0.1608502066045572,
        "2914.T": 0.0487522079941481,
        "4063.T": 0.05,
        "9433.T": 0.0755012252140587,
        "9434.T": 0.0703833842128886,
        "0941.HK": 0.0461753558024807
    }
}