{
    "portfolio_510": {
        "PEP": 0.0563741531420095,
        "TGS": 0.05,
        "TLK": 0.0600368506671341,
        "SAF.PA": 0.05,
        "ULVR.L": 0.0569737941419024,
        "AD.AS": 0.0593985693932025,
        "KPN.AS": 0.139930634809622,
        "600900.SS": 0.0446440146115424,
        "601398.SS": 0.1344606071566186,
        "2914.T": 0.038339262804007,
        "8058.T": 0.05,
        "9432.T": 0.0653761599671638,
        "9434.T": 0.1086684512381491,
        "1288.HK": 0.05,
        "6288.HK": 0.0357975020686485
    }
}