{
    "portfolio_483": {
        "PEP": 0.0714243166254083,
        "TGS": 0.05,
        "TLK": 0.0472292585695422,
        "TTE.L": 0.05,
        "ULVR.L": 0.0769947722261132,
        "AD.AS": 0.0637585235204467,
        "KPN.AS": 0.1239173826985256,
        "SHELL.AS": 0.05,
        "600900.SS": 0.0378723332637104,
        "601398.SS": 0.118348168503892,
        "2914.T": 0.0478946781227124,
        "9432.T": 0.0577634868752817,
        "9434.T": 0.1191842774282792,
        "0857.HK": 0.05,
        "6288.HK": 0.0356128021660878
    }
}