{
    "portfolio_423": {
        "PEP": 0.0505795106060941,
        "TMUS": 0.05,
        "TGS": 0.05,
        "TLK": 0.0435442435910525,
        "SHEL.L": 0.05,
        "ULVR.L": 0.0539087087589761,
        "AD.AS": 0.0770860406523883,
        "KPN.AS": 0.1241690101381216,
        "600519.SS": 0.0300681163266277,
        "600941.SS": 0.05,
        "601398.SS": 0.1473525221277955,
        "6857.T": 0.05,
        "9432.T": 0.0779872964016492,
        "9434.T": 0.1179292148956801,
        "6288.HK": 0.0273753365016149
    }
}