{
    "portfolio_536": {
        "TLK": 0.0689879754898338,
        "RYTM": 0.05,
        "SKFA.F": 0.05,
        "SHEL.L": 0.0347912752254307,
        "ULVR.L": 0.0346511218230277,
        "AD.AS": 0.0714633276851234,
        "KPN.AS": 0.1390001655551304,
        "REN.AS": 0.05,
        "600900.SS": 0.0419100027855721,
        "601088.SS": 0.05,
        "601398.SS": 0.1336948438600504,
        "601728.SS": 0.05,
        "2914.T": 0.0711155543145265,
        "9433.T": 0.0702829517875444,
        "9434.T": 0.0841027814737603
    }
}