{
    "portfolio_243": {
        "PEP": 0.046960179379135,
        "TLK": 0.0650837255195677,
        "RDNT": 0.05,
        "SAN.PA": 0.021451538667398,
        "BHP.L": 0.05,
        "ULVR.L": 0.0545020557046622,
        "AD.AS": 0.0449898961685614,
        "KPN.AS": 0.157314238811934,
        "600900.SS": 0.032056361713658,
        "601138.SS": 0.05,
        "601398.SS": 0.141773786015881,
        "2914.T": 0.0716121963684376,
        "9432.T": 0.066817059877442,
        "9434.T": 0.1143594811331384,
        "6288.HK": 0.0330794806401844
    }
}