{
    "portfolio_160": {
        "PEP": 0.0847111392340962,
        "TLK": 0.0824203176315312,
        "SAN.PA": 0.026938798594955,
        "ULVR.L": 0.0367436218036905,
        "AD.AS": 0.0728063524723539,
        "KPN.AS": 0.1457348598946604,
        "600519.SS": 0.0262549695779789,
        "600941.SS": 0.05,
        "601398.SS": 0.1287022622176878,
        "2914.T": 0.05,
        "6857.T": 0.05,
        "9432.T": 0.0669991832018685,
        "9434.T": 0.0786884953711777,
        "9983.T": 0.05,
        "0728.HK": 0.05
    }
}