{
    "portfolio_840": {
        "PEP": 0.0801177655531939,
        "TLK": 0.0812693847366518,
        "PRCT": 0.01,
        "TTE.PA": 0.01,
        "BSD2.F": 0.01,
        "AD.AS": 0.0754619440839856,
        "KPN.AS": 0.1773390024119576,
        "600028.SS": 0.0173188187302715,
        "600519.SS": 0.048085956313714,
        "601398.SS": 0.1794758046420328,
        "2914.T": 0.0579407089360265,
        "6857.T": 0.01,
        "9432.T": 0.0700198119672484,
        "9434.T": 0.1341000065499486,
        "6288.HK": 0.0388707960749691
    }
}