{
    "portfolio_106": {
        "PEP": 0.0535827277967054,
        "TLK": 0.0738042687380231,
        "ADMA": 0.05,
        "0TDD.L": 0.05,
        "SHEL.L": 0.0266120971202914,
        "ULVR.L": 0.0549056975106924,
        "AD.AS": 0.0528550894833876,
        "KPN.AS": 0.1419972883270964,
        "600028.SS": 0.05,
        "601088.SS": 0.05,
        "601398.SS": 0.1084851506160116,
        "8031.T": 0.05,
        "9432.T": 0.0795675056819106,
        "9434.T": 0.1247915851444211,
        "6288.HK": 0.0333985895814599
    }
}