{
    "portfolio_522": {
        "PEP": 0.0814879418497478,
        "TLK": 0.0846653504173215,
        "SHEL.L": 0.05,
        "ULVR.L": 0.0496434077208496,
        "AD.AS": 0.0763553149336062,
        "KPN.AS": 0.1382910922728456,
        "600519.SS": 0.0314149650677195,
        "601088.SS": 0.05,
        "601328.SS": 0.05,
        "601988.SS": 0.05,
        "2914.T": 0.0692060443448167,
        "9433.T": 0.0747609979219492,
        "9434.T": 0.1110166739821269,
        "3988.HK": 0.05,
        "6288.HK": 0.0331582114890168
    }
}