{
    "portfolio_371": {
        "CRESY": 0.01,
        "PEP": 0.0566648386749097,
        "TLK": 0.0938678065449232,
        "DG.PA": 0.01,
        "RMS.PA": 0.01,
        "ULVR.L": 0.0512330919758645,
        "AD.AS": 0.0675545102862634,
        "KPN.AS": 0.1539191935911778,
        "WKL.AS": 0.0135341759967169,
        "601398.SS": 0.1732031565449185,
        "2914.T": 0.0862498401797678,
        "4063.T": 0.0155216581224081,
        "9434.T": 0.1586595531482978,
        "0941.HK": 0.0638809957439634,
        "6288.HK": 0.0357111791907888
    }
}