{
    "portfolio_302": {
        "PEP": 0.0754871115394113,
        "TLK": 0.0853505036183345,
        "IESC": 0.0175202568013842,
        "ULVR.L": 0.0498180485756231,
        "AD.AS": 0.0592611114239036,
        "KPN.AS": 0.170598988612533,
        "600519.SS": 0.0401044036712692,
        "601288.SS": 0.05,
        "601398.SS": 0.0889397425976651,
        "601857.SS": 0.05,
        "4063.T": 0.05,
        "8058.T": 0.05,
        "9432.T": 0.0741879971254642,
        "9434.T": 0.1112305742954602,
        "6288.HK": 0.0275012617389517
    }
}