{
    "portfolio_611": {
        "PEP": 0.0681372173426343,
        "TLK": 0.0820348604355927,
        "0YXG.L": 0.05,
        "ULVR.L": 0.0469811192085498,
        "AD.AS": 0.0647955198364952,
        "KPN.AS": 0.1603000985594192,
        "600519.SS": 0.0278746214542833,
        "601398.SS": 0.1210173931518554,
        "601857.SS": 0.05,
        "2914.T": 0.050640514550864,
        "4519.T": 0.05,
        "7974.T": 0.05,
        "9432.T": 0.05,
        "9434.T": 0.0957123247698386,
        "6288.HK": 0.0325063306904675
    }
}