{
    "portfolio_221": {
        "PEP": 0.0884903088607284,
        "TLK": 0.0859117541861186,
        "TTE.PA": 0.05,
        "ULVR.L": 0.0513462063272301,
        "AD.AS": 0.074965720656674,
        "KPN.AS": 0.1354970812176204,
        "600519.SS": 0.0312948716673658,
        "601857.SS": 0.05,
        "601939.SS": 0.0511273221947773,
        "2914.T": 0.059489219043785,
        "9433.T": 0.0760706471106504,
        "9434.T": 0.1136985326962302,
        "0728.HK": 0.05,
        "3988.HK": 0.05,
        "6288.HK": 0.0321083360388199
    }
}