{
    "portfolio_446": {
        "PEP": 0.0825497145730948,
        "TLK": 0.0778151301552291,
        "IESC": 0.0147545911622254,
        "ULVR.L": 0.0578316060338901,
        "AD.AS": 0.0601141137291888,
        "KPN.AS": 0.154184261480018,
        "SHELL.AS": 0.05,
        "600519.SS": 0.037287346585228,
        "601398.SS": 0.0958324320434681,
        "601857.SS": 0.05,
        "8001.T": 0.05,
        "9432.T": 0.0632928161073882,
        "9434.T": 0.1303975331038671,
        "0857.HK": 0.05,
        "6288.HK": 0.0259404550264026
    }
}