{
    "portfolio_67": {
        "PEP": 0.140607317903502,
        "EC": 0.049311552669358,
        "APPF": 0.0467094500196606,
        "2B5.F": 0.01,
        "4AH1.F": 0.0126552489189936,
        "LFU2.F": 0.01,
        "SHEL.L": 0.01,
        "ULVR.L": 0.1025010828346837,
        "KPN.AS": 0.0916071910775067,
        "601288.SS": 0.1277731820720335,
        "601728.SS": 0.0604936210170287,
        "7974.T": 0.2167460920092034,
        "9433.T": 0.1015952614780299,
        "0941.HK": 0.01,
        "1088.HK": 0.01
    }
}