{
    "portfolio_158": {
        "PEP": 0.0656491401231963,
        "TLK": 0.0784421858030591,
        "SAF.PA": 0.05,
        "HSBA.L": 0.05,
        "AD.AS": 0.0504034119114066,
        "KPN.AS": 0.1417320780670743,
        "WKL.AS": 0.05,
        "600519.SS": 0.0341142617658827,
        "601398.SS": 0.1672245423051714,
        "2914.T": 0.0438504051456415,
        "8031.T": 0.05,
        "9432.T": 0.0614691001462279,
        "9434.T": 0.0904604162656752,
        "0941.HK": 0.0371395696348714,
        "6288.HK": 0.0295148888317932
    }
}