{
    "portfolio_145": {
        "PEP": 0.0767117451995777,
        "TLK": 0.1000052516803863,
        "SAN.PA": 0.0326534252357517,
        "ULVR.L": 0.0473571809618295,
        "AD.AS": 0.0745340339492259,
        "KPN.AS": 0.1442555450652858,
        "600519.SS": 0.0305228545628219,
        "601088.SS": 0.05,
        "601328.SS": 0.05,
        "601857.SS": 0.05,
        "2914.T": 0.0686552951254254,
        "9433.T": 0.0774645678422485,
        "9434.T": 0.114988654970764,
        "0883.HK": 0.05,
        "6288.HK": 0.0328514454066831
    }
}