{
    "portfolio_695": {
        "AVGO": 0.05,
        "BCH": 0.05,
        "TLK": 0.0469590485440329,
        "AXSM": 0.05,
        "SAN.PA": 0.0337240883291603,
        "0YXG.L": 0.05,
        "ULVR.L": 0.0637344970719923,
        "AD.AS": 0.0400458363682439,
        "KPN.AS": 0.1288723667424183,
        "601088.SS": 0.05,
        "601398.SS": 0.1384812406514959,
        "2914.T": 0.060550148506904,
        "9432.T": 0.1080413502406744,
        "9434.T": 0.0875068539681805,
        "6288.HK": 0.042084569576897
    }
}