{
    "portfolio_825": {
        "TLK": 0.0489665096274319,
        "PRCT": 0.05,
        "BPE5.F": 0.05,
        "RICO.L": 0.0256216910931526,
        "ULVR.L": 0.0570142583077553,
        "AD.AS": 0.0676703468971355,
        "KPN.AS": 0.1580323965867372,
        "REN.AS": 0.05,
        "600519.SS": 0.0301396528339936,
        "601088.SS": 0.05,
        "601398.SS": 0.1747400368280452,
        "2914.T": 0.0555886886917738,
        "9432.T": 0.05,
        "9434.T": 0.1068910576074367,
        "6288.HK": 0.0253353615265379
    }
}