{
    "portfolio_6": {
        "TMUS": 0.05,
        "TLK": 0.0879691353968299,
        "AIR.PA": 0.05,
        "SKFA.F": 0.05,
        "ULVR.L": 0.0235425841088746,
        "AD.AS": 0.0535988286772022,
        "CCEP.AS": 0.05,
        "KPN.AS": 0.1364411186706166,
        "600519.SS": 0.0265209694032051,
        "601398.SS": 0.162469798203677,
        "8001.T": 0.05,
        "9432.T": 0.0698611645417193,
        "9434.T": 0.121088838189567,
        "0941.HK": 0.0499776628698892,
        "6288.HK": 0.0185298999384187
    }
}