{
    "portfolio_833": {
        "COST": 0.05,
        "TLK": 0.0716848083521724,
        "SAN.PA": 0.0355809817737538,
        "ULVR.L": 0.0641426406976124,
        "AD.AS": 0.0492219468385675,
        "ASM.AS": 0.05,
        "KPN.AS": 0.160366400001066,
        "601088.SS": 0.05,
        "601398.SS": 0.0720994456022826,
        "601728.SS": 0.05,
        "601988.SS": 0.05,
        "2914.T": 0.070713583463829,
        "9432.T": 0.0777776276906864,
        "9434.T": 0.1163724197600456,
        "6288.HK": 0.0320401458199844
    }
}