{
    "portfolio_740": {
        "PEP": 0.0850305939378453,
        "TLK": 0.0913079072459595,
        "0TDD.L": 0.01,
        "HSBA.L": 0.01,
        "AD.AS": 0.0754740558512951,
        "KPN.AS": 0.1692083661810213,
        "600519.SS": 0.0400911906641633,
        "601398.SS": 0.1609639520413213,
        "2914.T": 0.061183027096887,
        "9432.T": 0.0712935430066285,
        "9434.T": 0.1249949403494184,
        "0883.HK": 0.01,
        "0941.HK": 0.0445568542675748,
        "1288.HK": 0.01,
        "6288.HK": 0.0358955693578852
    }
}