{
    "portfolio_670": {
        "TLK": 0.0593018172772231,
        "PRCT": 0.05,
        "SHEL.L": 0.0288996795390981,
        "ULVR.L": 0.0585499187888648,
        "AD.AS": 0.0638308289839797,
        "KPN.AS": 0.1580371689363269,
        "WKL.AS": 0.05,
        "600900.SS": 0.0476282052499883,
        "601288.SS": 0.05,
        "601398.SS": 0.0897952382270576,
        "2914.T": 0.0849281020057304,
        "9434.T": 0.1354924626073172,
        "0728.HK": 0.05,
        "1288.HK": 0.05,
        "6288.HK": 0.0235365783844137
    }
}