{
    "portfolio_692": {
        "PEP": 0.0765484034188089,
        "BSAC": 0.01,
        "TLK": 0.0888978670461908,
        "SMMT": 0.01,
        "SHEL.L": 0.0337799268550189,
        "ULVR.L": 0.049343160344597,
        "AD.AS": 0.0616905803897277,
        "KPN.AS": 0.1491273642478185,
        "600900.SS": 0.0544111825758116,
        "601398.SS": 0.1293144065267736,
        "601939.SS": 0.01,
        "2914.T": 0.0901193968859773,
        "9434.T": 0.1430159393144746,
        "0941.HK": 0.0561989605696971,
        "6288.HK": 0.0375528118251038
    }
}