{
    "portfolio_804": {
        "CRESY": 0.01,
        "KT": 0.0547925471647113,
        "TLK": 0.0776327590819823,
        "OLLI": 0.01,
        "PJXC.F": 0.01,
        "ULVR.L": 0.0663404214930725,
        "AD.AS": 0.0797209322255298,
        "KPN.AS": 0.1751981727867246,
        "601398.SS": 0.1774147215405657,
        "2914.T": 0.0572224750616016,
        "8001.T": 0.01,
        "9432.T": 0.0831597313800599,
        "9434.T": 0.1326078499749932,
        "0857.HK": 0.01,
        "6288.HK": 0.0459103892907586
    }
}