{
    "portfolio_2": {
        "PEP": 0.0394224268787362,
        "TLK": 0.0621830838086454,
        "APPF": 0.05,
        "AXSM": 0.05,
        "0TDD.L": 0.05,
        "BHP.L": 0.05,
        "ULVR.L": 0.063636027262479,
        "AD.AS": 0.0395858764826633,
        "KPN.AS": 0.1411744683300772,
        "601398.SS": 0.1544860416175786,
        "2914.T": 0.0436620513569633,
        "9432.T": 0.095331056774303,
        "9434.T": 0.0822892387544616,
        "0386.HK": 0.05,
        "6288.HK": 0.0282297287340922
    }
}