{
    "portfolio_826": {
        "PEP": 0.0712193923691186,
        "TGS": 0.05,
        "TLK": 0.0486641850861568,
        "APPF": 0.0132465444130112,
        "ULVR.L": 0.0692013460148594,
        "AD.AS": 0.0707511429047746,
        "KPN.AS": 0.1275590184386917,
        "SHELL.AS": 0.05,
        "600900.SS": 0.0510367006048081,
        "601398.SS": 0.1569002474507518,
        "7974.T": 0.05,
        "8058.T": 0.05,
        "9432.T": 0.0541301854807118,
        "9434.T": 0.0872912372371156,
        "9983.T": 0.05
    }
}