{
    "portfolio_944": {
        "PEP": 0.0641227982757215,
        "TLK": 0.0882383944999781,
        "TTE.PA": 0.05,
        "ULVR.L": 0.0460272628912992,
        "AD.AS": 0.0594632703891176,
        "KPN.AS": 0.1264354867688497,
        "REN.AS": 0.05,
        "600900.SS": 0.0568606104435853,
        "601398.SS": 0.1260088950977895,
        "2914.T": 0.0525586000456221,
        "8001.T": 0.05,
        "9433.T": 0.0560411137291922,
        "9434.T": 0.0925428994798559,
        "1288.HK": 0.05,
        "6288.HK": 0.0317006683789891
    }
}