{
    "portfolio_352": {
        "PEP": 0.0368418074763673,
        "TLK": 0.0814251635126263,
        "IESC": 0.05,
        "SKFA.F": 0.05,
        "0TDD.L": 0.05,
        "SHEL.L": 0.0235252963656243,
        "ULVR.L": 0.0325738529822841,
        "AD.AS": 0.0629271846305831,
        "KPN.AS": 0.1489701562302585,
        "600519.SS": 0.0342890144053216,
        "601088.SS": 0.05,
        "601398.SS": 0.1599563097465217,
        "8031.T": 0.05,
        "9433.T": 0.0901397877572324,
        "9434.T": 0.0793514268931804
    }
}