{
    "portfolio_494": {
        "BSAC": 0.05,
        "PKX": 0.05,
        "TLK": 0.0324816454963059,
        "ADMA": 0.05,
        "TTE.PA": 0.05,
        "ULVR.L": 0.0653512041835249,
        "AD.AS": 0.0590835273804467,
        "KPN.AS": 0.1318218683420776,
        "600900.SS": 0.0407646942812377,
        "601398.SS": 0.0984719080771798,
        "601988.SS": 0.05,
        "2914.T": 0.048770684157203,
        "9432.T": 0.0888006178004574,
        "9434.T": 0.1392548572764242,
        "6288.HK": 0.0451989930051426
    }
}