{
    "portfolio_642": {
        "PEP": 0.0464601550277543,
        "BCH": 0.05,
        "PRCT": 0.05,
        "TTE.PA": 0.05,
        "HSBA.L": 0.05,
        "ULVR.L": 0.0592533252082292,
        "AD.AS": 0.0569370108821512,
        "KPN.AS": 0.1555074297765128,
        "600900.SS": 0.0520267696689698,
        "601398.SS": 0.1325596485393008,
        "2914.T": 0.0471208673960841,
        "9432.T": 0.0629355008469957,
        "9434.T": 0.1078139694762498,
        "0386.HK": 0.05,
        "6288.HK": 0.0293853231777521
    }
}