{
    "portfolio_81": {
        "AVGO": 0.0114147322122008,
        "PEP": 0.1111076874545155,
        "TLK": 0.0742891296876436,
        "2B5.F": 0.01,
        "WK0.F": 0.01,
        "SHEL.L": 0.030820466171964,
        "AD.AS": 0.068107666830731,
        "KPN.AS": 0.1812987167118265,
        "600519.SS": 0.0492888974891517,
        "601398.SS": 0.1429529803104124,
        "2914.T": 0.0838230804120372,
        "8031.T": 0.01,
        "9433.T": 0.0709208800209514,
        "9434.T": 0.0900582189409661,
        "0941.HK": 0.0559175437575995
    }
}