{
    "portfolio_285": {
        "AVGO": 0.05,
        "PEP": 0.0500162918300488,
        "TLK": 0.0729832942515271,
        "ULVR.L": 0.0413726279283765,
        "AD.AS": 0.073738376303305,
        "KPN.AS": 0.1636955247232012,
        "600900.SS": 0.0409786662638424,
        "601398.SS": 0.1308738574671914,
        "2914.T": 0.0496619089624845,
        "4519.T": 0.05,
        "9432.T": 0.0525479085847211,
        "9434.T": 0.0741315436853017,
        "9983.T": 0.05,
        "0941.HK": 0.05,
        "6288.HK": 0.05
    }
}