{
    "portfolio_984": {
        "CRESY": 0.01,
        "PEP": 0.0611674483498758,
        "TLK": 0.0745768999915301,
        "PRCT": 0.01,
        "SHEL.L": 0.0330881534871174,
        "ULVR.L": 0.058409179648703,
        "AD.AS": 0.0686216929179807,
        "KPN.AS": 0.1547609335672811,
        "600900.SS": 0.0597880159157251,
        "601328.SS": 0.01,
        "601398.SS": 0.1605594765129418,
        "2914.T": 0.0871167989781503,
        "4519.T": 0.0204243922606054,
        "9434.T": 0.152428701892672,
        "6288.HK": 0.039058306477417
    }
}