{
    "portfolio_660": {
        "PEP": 0.0710020605863335,
        "TMUS": 0.01,
        "TLK": 0.0869479475997947,
        "0TDD.L": 0.01,
        "SHEL.L": 0.0331623848344457,
        "ULVR.L": 0.0501822474789521,
        "AD.AS": 0.0671555308146837,
        "KPN.AS": 0.1471999278253542,
        "601398.SS": 0.1627432875271694,
        "2914.T": 0.0699754341256111,
        "9432.T": 0.0646423585418906,
        "9434.T": 0.1204975594289259,
        "0941.HK": 0.0588354692924058,
        "3988.HK": 0.01,
        "6288.HK": 0.0376557919444332
    }
}