{
    "portfolio_442": {
        "PEP": 0.047946811319205,
        "TLK": 0.0545009684348739,
        "RYTM": 0.05,
        "0TDD.L": 0.05,
        "ULVR.L": 0.043994284670782,
        "AD.AS": 0.058542825733507,
        "KPN.AS": 0.1476723662548694,
        "SHELL.AS": 0.05,
        "600900.SS": 0.0482205977628759,
        "601288.SS": 0.05,
        "601398.SS": 0.1155207983744836,
        "2914.T": 0.0664388685174634,
        "8001.T": 0.05,
        "9434.T": 0.115362848876354,
        "0941.HK": 0.0517996300555854
    }
}