{
    "portfolio_134": {
        "CRESY": 0.01,
        "PEP": 0.0768773124418916,
        "TLK": 0.0783505689182276,
        "AXSM": 0.01,
        "SHEL.L": 0.0301070748959644,
        "ULVR.L": 0.0530784513391017,
        "AD.AS": 0.0646584360445549,
        "KPN.AS": 0.1571840284894107,
        "600519.SS": 0.0427262712700138,
        "601398.SS": 0.1856637832754752,
        "8031.T": 0.01,
        "9432.T": 0.0946294447896377,
        "9434.T": 0.1381745502820246,
        "1288.HK": 0.011608962144813,
        "6288.HK": 0.0369411161088846
    }
}