{
    "portfolio_368": {
        "PEP": 0.0804655768208516,
        "TLK": 0.0703573117644459,
        "IESC": 0.0162124665121804,
        "ULVR.L": 0.0477554312125126,
        "AD.AS": 0.0672159361025694,
        "KPN.AS": 0.1449263445937345,
        "SHELL.AS": 0.05,
        "600519.SS": 0.0321537236771135,
        "601288.SS": 0.05,
        "601398.SS": 0.1244638443084392,
        "2914.T": 0.05,
        "9432.T": 0.0677380847554603,
        "9434.T": 0.1004527311518787,
        "9983.T": 0.05,
        "0941.HK": 0.0482585491008136
    }
}