{
    "portfolio_554": {
        "CRESY": 0.05,
        "IESC": 0.05,
        "BPE5.F": 0.05,
        "TYT.L": 0.0301181459796055,
        "ULVR.L": 0.079608350090292,
        "AD.AS": 0.0569810072969735,
        "KPN.AS": 0.1348116130236479,
        "REN.AS": 0.05,
        "600900.SS": 0.056296626586312,
        "601398.SS": 0.1658837418422505,
        "2914.T": 0.0628085641325307,
        "9432.T": 0.0734103279525265,
        "9434.T": 0.0746223497492489,
        "0941.HK": 0.0410968528318639,
        "6288.HK": 0.0243624205147486
    }
}