{
    "portfolio_775": {
        "PEP": 0.0778630180248793,
        "TLK": 0.0818301679402986,
        "IESC": 0.0148899126946165,
        "ULVR.L": 0.0617688264338759,
        "AD.AS": 0.06665198866479,
        "KPN.AS": 0.1379383804695154,
        "SHELL.AS": 0.05,
        "600900.SS": 0.0415577754854606,
        "601398.SS": 0.1422730912524083,
        "8031.T": 0.05,
        "8058.T": 0.05,
        "9433.T": 0.0564477357446605,
        "9434.T": 0.0687791032894945,
        "9983.T": 0.05,
        "0883.HK": 0.05
    }
}