{
    "portfolio_516": {
        "TMUS": 0.05,
        "TLK": 0.0476222249185355,
        "PRCT": 0.05,
        "RICO.L": 0.0261368288213498,
        "SHEL.L": 0.0294221873686861,
        "ULVR.L": 0.0526241369774857,
        "AD.AS": 0.0639999971709518,
        "KPN.AS": 0.1489018635831487,
        "REN.AS": 0.05,
        "600519.SS": 0.0328608763452312,
        "600941.SS": 0.05,
        "601398.SS": 0.1745241808457412,
        "2914.T": 0.0583696067734492,
        "9434.T": 0.1412531481833519,
        "6288.HK": 0.0242849490120692
    }
}