{
    "portfolio_548": {
        "PEP": 0.0490216621732888,
        "TMUS": 0.05,
        "TLK": 0.0730506614061283,
        "SAF.PA": 0.05,
        "ULVR.L": 0.0385591274797697,
        "AD.AS": 0.0644138946289696,
        "KPN.AS": 0.1451299160355504,
        "600519.SS": 0.0352116662211163,
        "600941.SS": 0.05,
        "601328.SS": 0.05,
        "601398.SS": 0.1109718562868474,
        "6857.T": 0.05,
        "9432.T": 0.0841593822774317,
        "9434.T": 0.1215636220187948,
        "6288.HK": 0.0279182114721029
    }
}