{
    "portfolio_743": {
        "BCH": 0.05,
        "TLK": 0.0516159270701575,
        "MDB": 0.05,
        "SAN.PA": 0.0263399055826649,
        "SHEL.L": 0.0221729626831452,
        "TYT.L": 0.05,
        "ULVR.L": 0.0768294932840246,
        "AD.AS": 0.0619225079800794,
        "KPN.AS": 0.1643924587302563,
        "601398.SS": 0.1399898683541572,
        "2914.T": 0.05,
        "9432.T": 0.0619270668661737,
        "9434.T": 0.115868003358365,
        "0386.HK": 0.05,
        "6288.HK": 0.028941806090976
    }
}