{
    "portfolio_772": {
        "AVGO": 0.05,
        "TLK": 0.0944464396563824,
        "ULVR.L": 0.0508118387307558,
        "AD.AS": 0.0656665607374103,
        "KPN.AS": 0.154694747497382,
        "REN.AS": 0.05,
        "600519.SS": 0.0310587075958173,
        "600941.SS": 0.05,
        "601088.SS": 0.05,
        "601398.SS": 0.1130242952388771,
        "2914.T": 0.0518639473539828,
        "8001.T": 0.05,
        "9433.T": 0.0500559853267838,
        "9434.T": 0.1071671730851368,
        "6288.HK": 0.0312103047774718
    }
}