{
    "portfolio_970": {
        "PEP": 0.049820773978655,
        "TLK": 0.0713102755260962,
        "IESC": 0.05,
        "ULVR.L": 0.0433662658490307,
        "AD.AS": 0.0540758994620502,
        "KPN.AS": 0.1661912075869882,
        "WKL.AS": 0.05,
        "600519.SS": 0.0438283496457656,
        "601398.SS": 0.1238355975272598,
        "601988.SS": 0.05,
        "8001.T": 0.05,
        "9432.T": 0.0708330228047623,
        "9434.T": 0.1004184130017534,
        "0728.HK": 0.05,
        "6288.HK": 0.0263201946176384
    }
}