{
    "portfolio_837": {
        "CRESY": 0.01,
        "PEP": 0.0739175270962953,
        "TLK": 0.0886352374772784,
        "SKFA.F": 0.01,
        "ULVR.L": 0.0492519604157088,
        "AD.AS": 0.0687105251341142,
        "KPN.AS": 0.1700084253195393,
        "600519.SS": 0.0479375971301015,
        "601398.SS": 0.1730211748095164,
        "601857.SS": 0.0168913489514065,
        "8031.T": 0.01,
        "8058.T": 0.01,
        "9432.T": 0.0906982233904961,
        "9434.T": 0.1439879386233415,
        "6288.HK": 0.0369400416522021
    }
}