{
    "portfolio_132": {
        "TMUS": 0.05,
        "BCH": 0.05,
        "TLK": 0.0784161089580563,
        "SAN.PA": 0.0241360313195941,
        "ULVR.L": 0.062078637678805,
        "AD.AS": 0.0569042993515329,
        "KPN.AS": 0.1327887638694529,
        "UMG.AS": 0.0184139410667255,
        "600028.SS": 0.05,
        "601138.SS": 0.05,
        "601398.SS": 0.13186532567037,
        "2914.T": 0.070418333274102,
        "9432.T": 0.0652352677200585,
        "9434.T": 0.1286988230500309,
        "6288.HK": 0.0310444680412717
    }
}