{
    "portfolio_903": {
        "TLK": 0.0632341014560901,
        "RYTM": 0.05,
        "CS.PA": 0.05,
        "SKFA.F": 0.05,
        "ULVR.L": 0.0365609744811765,
        "AD.AS": 0.0646163981500714,
        "KPN.AS": 0.1696378214898834,
        "600900.SS": 0.0631119532992697,
        "601288.SS": 0.0904175661387179,
        "601328.SS": 0.05,
        "2914.T": 0.0654306283364767,
        "9432.T": 0.0728469847733026,
        "9434.T": 0.0981973091150021,
        "0941.HK": 0.0530657172489426,
        "6288.HK": 0.022880545511067
    }
}