{
    "portfolio_235": {
        "PEP": 0.0817081434372867,
        "TLK": 0.0918090238839301,
        "0YXG.L": 0.01,
        "AD.AS": 0.0759570036098812,
        "KPN.AS": 0.1754759507644492,
        "600519.SS": 0.0432123089260036,
        "601288.SS": 0.01,
        "601398.SS": 0.1536511177953758,
        "2914.T": 0.0574365660391762,
        "8031.T": 0.01,
        "9432.T": 0.0671313264450951,
        "9434.T": 0.1300830523670968,
        "0857.HK": 0.0115583228072696,
        "0941.HK": 0.0456393784096565,
        "6288.HK": 0.0363378055147792
    }
}