{
    "portfolio_952": {
        "AVGO": 0.05,
        "PEP": 0.0475121423748514,
        "TLK": 0.0756073134309411,
        "SHEL.L": 0.0254232975019497,
        "ULVR.L": 0.0569236064749657,
        "AD.AS": 0.0674812326758257,
        "KPN.AS": 0.1533259178349548,
        "601328.SS": 0.05,
        "601398.SS": 0.1104333238456735,
        "2914.T": 0.0661693528054659,
        "7974.T": 0.05,
        "9432.T": 0.0554123507038287,
        "9434.T": 0.1069677715846674,
        "0941.HK": 0.05,
        "6288.HK": 0.0347436907668758
    }
}