{
    "portfolio_684": {
        "PEP": 0.0786840511471262,
        "TLK": 0.0912324265858175,
        "SHEL.L": 0.05,
        "ULVR.L": 0.0559297172576229,
        "AD.AS": 0.0686348687301872,
        "KPN.AS": 0.1396775827858388,
        "600028.SS": 0.05,
        "601088.SS": 0.05,
        "601398.SS": 0.082444819605098,
        "2914.T": 0.0482780408164052,
        "4063.T": 0.05,
        "9433.T": 0.0685021202543468,
        "9434.T": 0.0906984696873862,
        "0386.HK": 0.05,
        "6288.HK": 0.0259179031301709
    }
}