{
    "portfolio_730": {
        "PKX": 0.05,
        "TLK": 0.053789540411713,
        "LNTH": 0.05,
        "SAN.PA": 0.0334612928814126,
        "ULVR.L": 0.0647256099377529,
        "AD.AS": 0.0535989256690582,
        "KPN.AS": 0.1596998480732032,
        "600941.SS": 0.05,
        "601328.SS": 0.05,
        "601398.SS": 0.0904776573593929,
        "2914.T": 0.0535585218054421,
        "9432.T": 0.0542778733216411,
        "9434.T": 0.1516417062828714,
        "0728.HK": 0.05,
        "6288.HK": 0.0347690242575125
    }
}