{
    "portfolio_177": {
        "BSAC": 0.05,
        "TLK": 0.0512494595174168,
        "LNTH": 0.05,
        "AZN.L": 0.05,
        "RICO.L": 0.0268208001679246,
        "ULVR.L": 0.0588894342458861,
        "AD.AS": 0.0566262539046745,
        "KPN.AS": 0.1616957843245048,
        "601328.SS": 0.05,
        "601398.SS": 0.1115104443004066,
        "2914.T": 0.0600849954689447,
        "9432.T": 0.0504837795880813,
        "9434.T": 0.1321354619080698,
        "0941.HK": 0.054298679566469,
        "6288.HK": 0.0362049070076216
    }
}