{
    "portfolio_937": {
        "PEP": 0.0943823199887782,
        "TLK": 0.0953899236665184,
        "ADMA": 0.01,
        "0DH.F": 0.01,
        "0TDD.L": 0.01,
        "AD.AS": 0.0753792563476058,
        "KPN.AS": 0.1497011150852554,
        "SHELL.AS": 0.0299807666204132,
        "600028.SS": 0.01,
        "600519.SS": 0.0569889246983664,
        "601398.SS": 0.1551424808242949,
        "9432.T": 0.0968872775250007,
        "9434.T": 0.1030210943482896,
        "0941.HK": 0.0669874739410795,
        "6288.HK": 0.0361393669543977
    }
}