{
    "portfolio_332": {
        "PEP": 0.1232463815277658,
        "EC": 0.0513614923013284,
        "APPF": 0.0479629582202613,
        "4AH1.F": 0.0105338845849801,
        "LFU2.F": 0.01,
        "ULVR.L": 0.1071631570564792,
        "KPN.AS": 0.0950013240938304,
        "601288.SS": 0.1241999039902426,
        "601728.SS": 0.0507778944860763,
        "2914.T": 0.031326225753745,
        "7974.T": 0.2196887907056533,
        "8058.T": 0.01,
        "9433.T": 0.0987379872796377,
        "0728.HK": 0.01,
        "0883.HK": 0.01
    }
}