{
    "portfolio_595": {
        "PEP": 0.1145301942134187,
        "TLK": 0.1046851940057712,
        "0DH.F": 0.01,
        "SHEL.L": 0.0426777569090103,
        "AD.AS": 0.0877065801435255,
        "KPN.AS": 0.1416737621258462,
        "600519.SS": 0.0665994669105333,
        "601088.SS": 0.01,
        "601398.SS": 0.175618382236049,
        "601728.SS": 0.0352754182628462,
        "4063.T": 0.0112640172116886,
        "6857.T": 0.01,
        "7974.T": 0.0598464634656395,
        "9433.T": 0.1201227645156716,
        "1088.HK": 0.01
    }
}