{
    "portfolio_641": {
        "PEP": 0.072883593480984,
        "BSAC": 0.05,
        "EC": 0.05,
        "TLK": 0.0329330483943394,
        "TTE.PA": 0.05,
        "BSD2.F": 0.05,
        "ULVR.L": 0.056878683127078,
        "AD.AS": 0.0581204376345112,
        "KPN.AS": 0.0960339561967588,
        "601398.SS": 0.1573365345967491,
        "601899.SS": 0.05,
        "2914.T": 0.0494344025413218,
        "9432.T": 0.0822492314392754,
        "9434.T": 0.1083578845618991,
        "6288.HK": 0.0357722280270828
    }
}