{
    "portfolio_747": {
        "PEP": 0.0445025716023039,
        "BSAC": 0.05,
        "PKX": 0.05,
        "TLK": 0.0596352733921109,
        "AI.PA": 0.05,
        "ULVR.L": 0.0536089974092974,
        "AD.AS": 0.0456270951855536,
        "KPN.AS": 0.1481942232401048,
        "601328.SS": 0.05,
        "601398.SS": 0.107172994166524,
        "2914.T": 0.0584858614821597,
        "9432.T": 0.0780209775638472,
        "9434.T": 0.1209633100609122,
        "0883.HK": 0.05,
        "6288.HK": 0.0337886958971859
    }
}