{
    "portfolio_498": {
        "TLK": 0.0399331475709238,
        "APPF": 0.05,
        "IESC": 0.05,
        "CS.PA": 0.05,
        "SAF.PA": 0.05,
        "BPE.F": 0.05,
        "TYT.L": 0.0333582525519962,
        "ULVR.L": 0.0538501273574989,
        "AD.AS": 0.0429695282206859,
        "KPN.AS": 0.1322088652551172,
        "600900.SS": 0.0468025094202797,
        "601398.SS": 0.1726716864192547,
        "2914.T": 0.072144809674811,
        "9434.T": 0.1248206962263829,
        "6288.HK": 0.0312403773030498
    }
}