{
    "portfolio_657": {
        "PEP": 0.0655187128653044,
        "BSAC": 0.05,
        "TLK": 0.0675599850012486,
        "SAN.PA": 0.0265227126217906,
        "BSD2.F": 0.05,
        "ULVR.L": 0.0463061128922757,
        "AD.AS": 0.0637079366179192,
        "KPN.AS": 0.1285112107104335,
        "600941.SS": 0.05,
        "601398.SS": 0.125347093470806,
        "2914.T": 0.0566071801206347,
        "4519.T": 0.05,
        "9434.T": 0.1348326518704944,
        "0728.HK": 0.05,
        "6288.HK": 0.0350864038290927
    }
}