{
    "portfolio_180": {
        "PEP": 0.0852663201097071,
        "TLK": 0.0849754824707642,
        "SKFA.F": 0.01,
        "SHEL.L": 0.0326092576161317,
        "AD.AS": 0.0748270965854282,
        "KPN.AS": 0.1658763512848604,
        "600519.SS": 0.0450257545064913,
        "601328.SS": 0.01,
        "601398.SS": 0.1667227536799468,
        "601988.SS": 0.01,
        "2914.T": 0.0593119676959113,
        "9432.T": 0.0739449352841953,
        "9434.T": 0.1305868679432442,
        "0728.HK": 0.0135191288456634,
        "6288.HK": 0.0373340839776557
    }
}