{
    "portfolio_436": {
        "PEP": 0.0730802093981244,
        "TMUS": 0.01,
        "TLK": 0.0900498494646332,
        "TTE.L": 0.01,
        "TYT.L": 0.0264326498972024,
        "ULVR.L": 0.0506714744009471,
        "AD.AS": 0.0669415328513552,
        "KPN.AS": 0.1644139743385092,
        "600519.SS": 0.047533276014762,
        "601398.SS": 0.1819724721661273,
        "8058.T": 0.01,
        "9432.T": 0.0812013016275765,
        "9434.T": 0.1401474205770169,
        "1288.HK": 0.0108510015862861,
        "6288.HK": 0.0367048376774593
    }
}