{
    "portfolio_869": {
        "CRESY": 0.05,
        "TLK": 0.0487265705723557,
        "ADMA": 0.05,
        "SAN.PA": 0.0276491399157771,
        "ULVR.L": 0.0811458621084304,
        "AD.AS": 0.0701502486289887,
        "KPN.AS": 0.1221619067668849,
        "600941.SS": 0.05,
        "601398.SS": 0.1128708620313502,
        "2914.T": 0.0583886995316524,
        "9432.T": 0.0672155018261446,
        "9434.T": 0.1292890027790122,
        "0728.HK": 0.05,
        "0941.HK": 0.05,
        "6288.HK": 0.0324022058394039
    }
}