{
    "portfolio_952": {
        "KT": 0.0527095322861383,
        "TLK": 0.0787913267101749,
        "RYTM": 0.01,
        "PJXC.F": 0.01,
        "ULVR.L": 0.0606322758952068,
        "AD.AS": 0.0817063183538001,
        "KPN.AS": 0.1786689489412478,
        "601138.SS": 0.0148620478614041,
        "601398.SS": 0.1826897506416631,
        "2914.T": 0.060785193205747,
        "9432.T": 0.0845987395611674,
        "9434.T": 0.1268988984422392,
        "9983.T": 0.01,
        "0728.HK": 0.01,
        "6288.HK": 0.0376569681012111
    }
}