{
    "portfolio_577": {
        "PEP": 0.0791818058104023,
        "PKX": 0.01,
        "TLK": 0.0842774648513802,
        "OR.PA": 0.01,
        "TTE.PA": 0.01,
        "AD.AS": 0.0664016137784975,
        "KPN.AS": 0.1721730856988714,
        "UMG.AS": 0.0192445625538676,
        "600519.SS": 0.0436023083582714,
        "601398.SS": 0.1723159660095344,
        "601857.SS": 0.0171201903072236,
        "2914.T": 0.0637137579977712,
        "9432.T": 0.0756618852439472,
        "9434.T": 0.1363315894790664,
        "6288.HK": 0.0399757699111669
    }
}