{
    "portfolio_1": {
        "TLK": 0.0418517625082739,
        "PRCT": 0.05,
        "VERX": 0.05,
        "RICO.L": 0.0322814488116555,
        "SHEL.L": 0.0305628959674508,
        "ULVR.L": 0.0668019593391969,
        "AD.AS": 0.0555351874399286,
        "KPN.AS": 0.1946204945259034,
        "600900.SS": 0.0575883329526036,
        "601398.SS": 0.1294761492870856,
        "2914.T": 0.0645537529220077,
        "9433.T": 0.05,
        "9434.T": 0.1037523891410438,
        "0386.HK": 0.05,
        "6288.HK": 0.0229756271048502
    }
}