{
    "portfolio_798": {
        "PEP": 0.050050083788808,
        "TMUS": 0.05,
        "TLK": 0.0935466841043382,
        "ULVR.L": 0.0541051024054366,
        "AD.AS": 0.0764592235910739,
        "KPN.AS": 0.1392708557728243,
        "600519.SS": 0.0290921279255136,
        "601398.SS": 0.1273060073662402,
        "2914.T": 0.05,
        "8031.T": 0.05,
        "9433.T": 0.0501325297753442,
        "9434.T": 0.1049295300213379,
        "0386.HK": 0.05,
        "0728.HK": 0.05,
        "6288.HK": 0.0251078552490831
    }
}