{
    "portfolio_364": {
        "PEP": 0.074923473763197,
        "TLK": 0.0918093643589995,
        "AZN.L": 0.01,
        "ULVR.L": 0.0457080764321728,
        "AD.AS": 0.0675845633921612,
        "KPN.AS": 0.1626956674856152,
        "600519.SS": 0.0399786989233022,
        "601088.SS": 0.01,
        "601398.SS": 0.1764672232945173,
        "601899.SS": 0.01,
        "2914.T": 0.0610514761283357,
        "8058.T": 0.01,
        "9432.T": 0.0725267574644255,
        "9434.T": 0.1274818556036843,
        "6288.HK": 0.0397728431535893
    }
}