{
    "portfolio_521": {
        "PEP": 0.0770527252096535,
        "EC": 0.05,
        "AI.PA": 0.05,
        "8GC.F": 0.05,
        "BPE5.F": 0.05,
        "ULVR.L": 0.0650050754121288,
        "AD.AS": 0.0513464273592647,
        "KPN.AS": 0.1059495378401638,
        "600900.SS": 0.045193333510649,
        "601398.SS": 0.1440791485042916,
        "2914.T": 0.0533551915240086,
        "9432.T": 0.0842288199373186,
        "9434.T": 0.0945444026419884,
        "0941.HK": 0.0492853316175787,
        "6288.HK": 0.0299600064429539
    }
}