{
    "portfolio_355": {
        "PEP": 0.0600470924933693,
        "TLK": 0.048677574935909,
        "VERX": 0.05,
        "SAN.PA": 0.0265482068177635,
        "SHEL.L": 0.0226166313447022,
        "ULVR.L": 0.0617084910733716,
        "ASM.AS": 0.05,
        "KPN.AS": 0.1853496657959202,
        "600900.SS": 0.0427311428513367,
        "601138.SS": 0.05,
        "601398.SS": 0.1212655065942066,
        "2914.T": 0.0645333271265594,
        "8035.T": 0.05,
        "9432.T": 0.0891778645084422,
        "9434.T": 0.077344496458419
    }
}