{
    "portfolio_372": {
        "PEP": 0.0368608600465471,
        "PKX": 0.05,
        "TGS": 0.05,
        "IESC": 0.05,
        "BPE5.F": 0.05,
        "PQ9.F": 0.006204790576608,
        "ULVR.L": 0.0610447081964991,
        "AD.AS": 0.0612852768850723,
        "KPN.AS": 0.1517675382078818,
        "600900.SS": 0.0491992504984036,
        "601398.SS": 0.1736774673503767,
        "4519.T": 0.05,
        "9432.T": 0.0786907489201938,
        "9434.T": 0.0998110874553432,
        "6288.HK": 0.0314582718630741
    }
}