{
    "portfolio_396": {
        "PEP": 0.0803888338025176,
        "TLK": 0.0958306270607484,
        "SMMT": 0.01,
        "BSD2.F": 0.01,
        "OL5.F": 0.01,
        "BHP.L": 0.01,
        "SHEL.L": 0.0273147280458242,
        "ULVR.L": 0.056870806731556,
        "AD.AS": 0.0670399841929915,
        "KPN.AS": 0.1438632967144215,
        "601398.SS": 0.1599675381847132,
        "2914.T": 0.0795750925842691,
        "9434.T": 0.1438287478214224,
        "0941.HK": 0.0690617463755029,
        "6288.HK": 0.036258598486033
    }
}