{
    "portfolio_776": {
        "PEP": 0.0619339616249104,
        "BSAC": 0.01,
        "TLK": 0.0861184838419993,
        "APPF": 0.01,
        "OLLI": 0.01,
        "ULVR.L": 0.0466294894939371,
        "AD.AS": 0.0677341919273135,
        "KPN.AS": 0.1687492338115178,
        "600519.SS": 0.0434425665109495,
        "601398.SS": 0.1637244248034588,
        "601857.SS": 0.0186961304817704,
        "2914.T": 0.0660849678075054,
        "9432.T": 0.0672524747160301,
        "9434.T": 0.1371020632844339,
        "6288.HK": 0.0425320116961741
    }
}