{
    "portfolio_824": {
        "PEP": 0.0548408650537076,
        "KT": 0.0466419570039844,
        "TLK": 0.0618008722165993,
        "PJXC.F": 0.01,
        "WK0.F": 0.01,
        "ULVR.L": 0.053625544045277,
        "AD.AS": 0.0650303422952782,
        "KPN.AS": 0.203795505315782,
        "600519.SS": 0.0430433102647951,
        "601288.SS": 0.1339325416509043,
        "601728.SS": 0.01,
        "2914.T": 0.0708656836618895,
        "9432.T": 0.1001397251448233,
        "9434.T": 0.1262836533469592,
        "0883.HK": 0.01
    }
}