{
    "portfolio_476": {
        "PEP": 0.0803508796978418,
        "TGS": 0.01,
        "TLK": 0.0874026946712272,
        "ULVR.L": 0.0467099294420605,
        "AD.AS": 0.0704031681595404,
        "KPN.AS": 0.1687221897752062,
        "600028.SS": 0.01,
        "600519.SS": 0.0433337600708321,
        "601398.SS": 0.1595551130479962,
        "8001.T": 0.01,
        "9432.T": 0.0843938753436612,
        "9434.T": 0.1407973598278956,
        "0728.HK": 0.01,
        "0941.HK": 0.0419678956621583,
        "6288.HK": 0.0363631343015805
    }
}