{
    "portfolio_636": {
        "PEP": 0.0447385290723763,
        "TLK": 0.0675504214695372,
        "RYTM": 0.05,
        "QF9.F": 0.0053500144138994,
        "ULVR.L": 0.0521539353880143,
        "AD.AS": 0.0693549602023182,
        "KPN.AS": 0.1779351095968054,
        "600941.SS": 0.05,
        "601328.SS": 0.05,
        "601398.SS": 0.1114857865255281,
        "2914.T": 0.0677123084318883,
        "9432.T": 0.0581852498789225,
        "9434.T": 0.1159433247381636,
        "0883.HK": 0.05,
        "6288.HK": 0.0295903602825464
    }
}