{
    "portfolio_283": {
        "PEP": 0.0578447658085766,
        "TGS": 0.05,
        "TLK": 0.0673699840675004,
        "0TDD.L": 0.05,
        "ULVR.L": 0.0542542865426646,
        "AD.AS": 0.0639707765107213,
        "KPN.AS": 0.1432533764867485,
        "601328.SS": 0.05,
        "601398.SS": 0.0768496485745334,
        "601988.SS": 0.05,
        "2914.T": 0.0550334678662159,
        "9432.T": 0.0774920879647065,
        "9434.T": 0.1127787097580962,
        "0941.HK": 0.0574625759716388,
        "6288.HK": 0.0336903204485976
    }
}