{
    "portfolio_972": {
        "BCH": 0.05,
        "TLK": 0.0536907818938258,
        "PRCT": 0.05,
        "SAN.PA": 0.0306127172417736,
        "RICO.L": 0.0255229814868965,
        "ULVR.L": 0.0631298922459958,
        "AD.AS": 0.0721676883717906,
        "KPN.AS": 0.1563514064627246,
        "601088.SS": 0.05,
        "601398.SS": 0.138525686966065,
        "2914.T": 0.0608616132091633,
        "9433.T": 0.05,
        "9434.T": 0.1194893034348415,
        "1288.HK": 0.05,
        "6288.HK": 0.0296479286869234
    }
}