{
    "portfolio_321": {
        "LNTH": 0.05,
        "RYTM": 0.05,
        "VERX": 0.05,
        "RICO.L": 0.0346660427354682,
        "SHEL.L": 0.0252666017895862,
        "ULVR.L": 0.0556858850525819,
        "AD.AS": 0.0484593546215068,
        "KPN.AS": 0.1953867862789039,
        "600900.SS": 0.0363047477009745,
        "601398.SS": 0.1458176661163966,
        "601899.SS": 0.05,
        "2914.T": 0.0607795156421131,
        "6857.T": 0.05,
        "9433.T": 0.0617839302625248,
        "9434.T": 0.0858494697999437
    }
}