{
    "portfolio_769": {
        "TLK": 0.0579422481150948,
        "APPF": 0.05,
        "AXSM": 0.05,
        "BPE5.F": 0.05,
        "RICO.L": 0.0303014353888028,
        "ULVR.L": 0.0599982113347905,
        "AD.AS": 0.0413137389441869,
        "CCEP.AS": 0.05,
        "KPN.AS": 0.1445022621766281,
        "600519.SS": 0.0233777245437799,
        "601398.SS": 0.1934267036383348,
        "8001.T": 0.05,
        "9432.T": 0.0739440185970876,
        "9434.T": 0.0981299788717042,
        "6288.HK": 0.0270636783895903
    }
}