{
    "portfolio_367": {
        "CRESY": 0.05,
        "PEP": 0.0410402597028035,
        "TGS": 0.05,
        "TLK": 0.0381384659074678,
        "PQ9.F": 0.0054585570710672,
        "ULVR.L": 0.0778997416031566,
        "AD.AS": 0.0790082361774398,
        "KPN.AS": 0.1374733367931387,
        "601088.SS": 0.05,
        "601398.SS": 0.1522997979391822,
        "2914.T": 0.05,
        "6857.T": 0.05,
        "9432.T": 0.0863030561880135,
        "9434.T": 0.1014392720480248,
        "6288.HK": 0.0309392765697057
    }
}