{
    "portfolio_819": {
        "AVGO": 0.05,
        "CRESY": 0.05,
        "PKX": 0.05,
        "VERX": 0.05,
        "SAN.PA": 0.0282628080052077,
        "ULVR.L": 0.069316971177845,
        "AD.AS": 0.0360285494101864,
        "KPN.AS": 0.1601543098913398,
        "600900.SS": 0.0553887976387245,
        "601288.SS": 0.05,
        "601398.SS": 0.0888879269256371,
        "2914.T": 0.0763078192741837,
        "9432.T": 0.091319216517592,
        "9434.T": 0.1095966031082319,
        "6288.HK": 0.0347369980510519
    }
}