{
    "portfolio_99": {
        "PEP": 0.0768963425200956,
        "TLK": 0.0901678298205975,
        "TTE.PA": 0.01,
        "ULVR.L": 0.0458219221891756,
        "AD.AS": 0.070560595003197,
        "KPN.AS": 0.1600257496288153,
        "600519.SS": 0.0384245934273553,
        "600941.SS": 0.01,
        "601398.SS": 0.1496972610918317,
        "601988.SS": 0.01,
        "2914.T": 0.0614025838236179,
        "9432.T": 0.0688666825526539,
        "9434.T": 0.1250033473690278,
        "0941.HK": 0.0458687676733743,
        "6288.HK": 0.037264324900258
    }
}