{
    "portfolio_776": {
        "PEP": 0.0494956150719266,
        "TLK": 0.0720487753631402,
        "ADMA": 0.05,
        "SAN.PA": 0.05,
        "ULVR.L": 0.0504787268889487,
        "AD.AS": 0.0601282665101851,
        "KPN.AS": 0.1318408644577096,
        "600028.SS": 0.05,
        "601398.SS": 0.0633233120741879,
        "601988.SS": 0.05,
        "2914.T": 0.0624241057173734,
        "9432.T": 0.0769589955212976,
        "9434.T": 0.1396493370228116,
        "1288.HK": 0.05,
        "6288.HK": 0.0436520013724197
    }
}