{
    "portfolio_257": {
        "PEP": 0.0744993112196082,
        "TLK": 0.0782494564554759,
        "BSD2.F": 0.05,
        "HSBA.L": 0.05,
        "TYT.L": 0.0205645053200558,
        "ULVR.L": 0.0344876947418057,
        "AD.AS": 0.0624855336770232,
        "KPN.AS": 0.1386089999190629,
        "601328.SS": 0.05,
        "601398.SS": 0.1068553909450569,
        "2914.T": 0.0520170750518965,
        "9432.T": 0.0631942960094279,
        "9434.T": 0.1190377366605866,
        "1088.HK": 0.05,
        "6288.HK": 0.05
    }
}