{
    "portfolio_902": {
        "PEP": 0.0442069476850375,
        "TLK": 0.0644198441624768,
        "ADMA": 0.05,
        "0A4J.L": 0.05,
        "ULVR.L": 0.0407895495708192,
        "AD.AS": 0.054435598692288,
        "INGA.AS": 0.05,
        "KPN.AS": 0.1240973986558763,
        "601398.SS": 0.154923690584821,
        "2914.T": 0.045695234719823,
        "7974.T": 0.05,
        "9432.T": 0.0696796625166297,
        "9434.T": 0.114576235226425,
        "0941.HK": 0.0480878192935528,
        "6288.HK": 0.0390880188922504
    }
}