{
    "portfolio_111": {
        "PEP": 0.0583542011332385,
        "TAK": 0.0270240604044513,
        "TEO": 0.05,
        "TLK": 0.0571740734394246,
        "AI.PA": 0.05,
        "ULVR.L": 0.0539105315810282,
        "AD.AS": 0.0505855817434774,
        "KPN.AS": 0.1392396965948492,
        "600900.SS": 0.0481299549764177,
        "601398.SS": 0.144905435052785,
        "601728.SS": 0.05,
        "2914.T": 0.05,
        "9432.T": 0.0583382053832821,
        "9434.T": 0.1123382596910459,
        "9983.T": 0.05
    }
}