{
    "portfolio_276": {
        "TLK": 0.0672948946570538,
        "IESC": 0.05,
        "VERX": 0.05,
        "ULVR.L": 0.052990738912604,
        "AD.AS": 0.0614294138612368,
        "KPN.AS": 0.1878495240264914,
        "600519.SS": 0.0327335408973485,
        "600941.SS": 0.05,
        "601088.SS": 0.05,
        "601398.SS": 0.117421610441885,
        "2914.T": 0.0585639696440547,
        "4519.T": 0.05,
        "9433.T": 0.0605159653221194,
        "9434.T": 0.0847575556677372,
        "6288.HK": 0.0264427865694688
    }
}