{
    "portfolio_240": {
        "PEP": 0.0766224593821875,
        "TLK": 0.0899890388129922,
        "DG.PA": 0.01,
        "BSD2.F": 0.01,
        "ULVR.L": 0.042102761523158,
        "AD.AS": 0.0679818726944037,
        "KPN.AS": 0.1593203520653259,
        "600519.SS": 0.0374073119689088,
        "601398.SS": 0.161314000968408,
        "2914.T": 0.0564779802308453,
        "8031.T": 0.01,
        "9432.T": 0.0659945345017564,
        "9434.T": 0.1244923412208841,
        "0941.HK": 0.052437611541676,
        "6288.HK": 0.0358597350894542
    }
}