{
    "portfolio_897": {
        "PEP": 0.079168031900459,
        "TLK": 0.0859730968847967,
        "ULVR.L": 0.0478939949825827,
        "AD.AS": 0.0681238590512125,
        "KPN.AS": 0.1573520671683763,
        "SHELL.AS": 0.023386555317592,
        "600519.SS": 0.042146300670196,
        "601288.SS": 0.01,
        "601398.SS": 0.1578951363680249,
        "601857.SS": 0.0163863716741222,
        "2914.T": 0.0614012329840117,
        "6857.T": 0.01,
        "9432.T": 0.073737831074692,
        "9434.T": 0.128195227857293,
        "6288.HK": 0.0383402940666409
    }
}