{
    "portfolio_84": {
        "AVGO": 0.05,
        "HMC": 0.05,
        "TLK": 0.0698519281985742,
        "SAN.PA": 0.0242871202650858,
        "ULVR.L": 0.0513153980287428,
        "AD.AS": 0.0713728275073819,
        "KPN.AS": 0.1519836976009368,
        "600900.SS": 0.0443111983366042,
        "601398.SS": 0.150074177646329,
        "2914.T": 0.0461866149426991,
        "7974.T": 0.05,
        "9432.T": 0.0454592793818596,
        "9434.T": 0.0951577580917863,
        "9983.T": 0.05,
        "6288.HK": 0.05
    }
}