{
    "portfolio_985": {
        "AVGO": 0.05,
        "LNTH": 0.05,
        "PRCT": 0.05,
        "BPE5.F": 0.05,
        "SKFA.F": 0.05,
        "ULVR.L": 0.0604858898680353,
        "AD.AS": 0.0560920265944522,
        "KPN.AS": 0.1701256727440671,
        "600900.SS": 0.0566899958909665,
        "601398.SS": 0.136302762804115,
        "2914.T": 0.0499469634520969,
        "9433.T": 0.0459678214730625,
        "9434.T": 0.1119506050563333,
        "0941.HK": 0.0441847232486552,
        "6288.HK": 0.0182535388682155
    }
}