{
    "portfolio_5": {
        "PEP": 0.0584330284943396,
        "BCH": 0.05,
        "TLK": 0.0619569482707141,
        "VERX": 0.05,
        "ULVR.L": 0.0560243163945779,
        "AD.AS": 0.0487836849605133,
        "KPN.AS": 0.166152422433159,
        "601398.SS": 0.1145071872585237,
        "2914.T": 0.0560008706104282,
        "4519.T": 0.05,
        "9432.T": 0.0606756059896108,
        "9434.T": 0.0978952708634925,
        "0728.HK": 0.05,
        "1288.HK": 0.05,
        "6288.HK": 0.0295706647246407
    }
}