{
    "portfolio_438": {
        "PEP": 0.077227195352558,
        "TLK": 0.0913680780901667,
        "ULVR.L": 0.0456349416690943,
        "AD.AS": 0.069318751453051,
        "KPN.AS": 0.1654928911181088,
        "600519.SS": 0.0424898855829557,
        "601288.SS": 0.01,
        "601398.SS": 0.1619095063318308,
        "601988.SS": 0.01,
        "2914.T": 0.0622601833713177,
        "9432.T": 0.0716188502002016,
        "9434.T": 0.1295978578898706,
        "9983.T": 0.01,
        "0728.HK": 0.0164998007760648,
        "6288.HK": 0.0365820581647798
    }
}