{
    "portfolio_229": {
        "PEP": 0.0414964159148289,
        "TLK": 0.0686194024354035,
        "ADMA": 0.05,
        "AXSM": 0.05,
        "SAN.PA": 0.0324974668306004,
        "ULVR.L": 0.0703244938998,
        "AD.AS": 0.0438526949857012,
        "KPN.AS": 0.1358079065971823,
        "600941.SS": 0.05,
        "601398.SS": 0.1054473631454708,
        "601857.SS": 0.05,
        "8031.T": 0.05,
        "9432.T": 0.0980351241606816,
        "9434.T": 0.1163840065388704,
        "6288.HK": 0.0375351254914606
    }
}