{
    "portfolio_789": {
        "AVGO": 0.05,
        "BCH": 0.05,
        "TLK": 0.0409747048189073,
        "RYTM": 0.05,
        "QF9.F": 0.0049986575389973,
        "ULVR.L": 0.0503002333046476,
        "AD.AS": 0.0678505224904794,
        "KPN.AS": 0.1742823004223168,
        "601328.SS": 0.05,
        "601398.SS": 0.1214272515741215,
        "2914.T": 0.0738337821385757,
        "9432.T": 0.062227331571688,
        "9434.T": 0.1221909387169349,
        "1088.HK": 0.05,
        "6288.HK": 0.0319142774233313
    }
}