{
    "portfolio_522": {
        "PEP": 0.0722221085725004,
        "TLK": 0.0909447479585673,
        "SKFA.F": 0.01,
        "ULVR.L": 0.0538741415601827,
        "AD.AS": 0.0681542465575215,
        "KPN.AS": 0.1523260042903353,
        "SHELL.AS": 0.027310702629926,
        "600028.SS": 0.01,
        "601328.SS": 0.01,
        "601398.SS": 0.1496516227997792,
        "2914.T": 0.0688491247258247,
        "9432.T": 0.0684164985876256,
        "9434.T": 0.1204984226565952,
        "0941.HK": 0.0601675404275835,
        "6288.HK": 0.0375848392335588
    }
}