{
    "portfolio_253": {
        "CRESY": 0.01,
        "PEP": 0.071201669325519,
        "TLK": 0.0800191916714378,
        "8GC.F": 0.01,
        "SHEL.L": 0.0281168903588252,
        "ULVR.L": 0.0626312302957321,
        "AD.AS": 0.0638047236069229,
        "KPN.AS": 0.1515216425416182,
        "601398.SS": 0.1809790803165984,
        "601899.SS": 0.0137794093844466,
        "601988.SS": 0.01,
        "2914.T": 0.073106430448323,
        "9432.T": 0.0738293026729648,
        "9434.T": 0.1280414788500904,
        "6288.HK": 0.0429689505275212
    }
}