{
    "portfolio_849": {
        "CRESY": 0.01,
        "GOOGL": 0.0398794232878143,
        "PEP": 0.1017375949324023,
        "EC": 0.0460587047199354,
        "APPF": 0.037290808767076,
        "4AH1.F": 0.0104520330287377,
        "LFU2.F": 0.01,
        "ULVR.L": 0.1113294818385455,
        "KPN.AS": 0.0963266725753379,
        "601288.SS": 0.1305216747135059,
        "601728.SS": 0.050140880316218,
        "7974.T": 0.2233653126380892,
        "9432.T": 0.01,
        "9433.T": 0.112897413182338,
        "0728.HK": 0.01
    }
}