{
    "portfolio_354": {
        "PEP": 0.065877423219606,
        "TLK": 0.1055892786660199,
        "SKFA.F": 0.05,
        "ULVR.L": 0.0416825495631486,
        "AD.AS": 0.073108809171225,
        "KPN.AS": 0.156582043276572,
        "600519.SS": 0.0312072779864704,
        "601288.SS": 0.05,
        "601328.SS": 0.05,
        "601857.SS": 0.05,
        "2914.T": 0.05357375930425,
        "9433.T": 0.0909860217974258,
        "9434.T": 0.1079868665241025,
        "0883.HK": 0.05,
        "6288.HK": 0.0234059704911796
    }
}