{
    "portfolio_835": {
        "PEP": 0.0826571922430752,
        "TLK": 0.0767081023255621,
        "TTE.PA": 0.05,
        "SHEL.L": 0.05,
        "ULVR.L": 0.0483470158812511,
        "AD.AS": 0.0717199109329173,
        "KPN.AS": 0.1189033896220828,
        "600519.SS": 0.0314412863361318,
        "601088.SS": 0.05,
        "601398.SS": 0.0956678016730469,
        "601857.SS": 0.05,
        "2914.T": 0.0569549237190385,
        "9433.T": 0.0813673927497616,
        "9434.T": 0.1034717184517754,
        "6288.HK": 0.0327612660653571
    }
}