{
    "portfolio_277": {
        "TLK": 0.0549654470963135,
        "IESC": 0.05,
        "VERX": 0.05,
        "SAF.PA": 0.05,
        "TYT.L": 0.0314464633437477,
        "ULVR.L": 0.0525916674410896,
        "AD.AS": 0.037627923155411,
        "KPN.AS": 0.1828463553602132,
        "600900.SS": 0.0495842603503792,
        "601398.SS": 0.1423228565321972,
        "2914.T": 0.0718887449656812,
        "9432.T": 0.0587070136407546,
        "9434.T": 0.091539574941644,
        "0941.HK": 0.0459039463185864,
        "6288.HK": 0.0305757468539821
    }
}