{
    "portfolio_741": {
        "PEP": 0.0666552574948852,
        "TLK": 0.0533837931580827,
        "VERX": 0.05,
        "SHEL.L": 0.05,
        "ULVR.L": 0.0515511799252328,
        "AD.AS": 0.04247418510408,
        "KPN.AS": 0.1250055760120597,
        "SHELL.AS": 0.05,
        "WKL.AS": 0.05,
        "600519.SS": 0.0388418863502972,
        "600900.SS": 0.061929597871026,
        "601398.SS": 0.140448028859723,
        "2914.T": 0.0649093973521136,
        "8058.T": 0.05,
        "9433.T": 0.1048010978724995
    }
}