{
    "portfolio_699": {
        "GOOGL": 0.043733902912812,
        "PEP": 0.0885148499500379,
        "TMUS": 0.01,
        "EC": 0.054893849966544,
        "APPF": 0.0375967091318907,
        "4AH1.F": 0.0104305263112146,
        "LFU2.F": 0.01,
        "LPS1.F": 0.01,
        "ULVR.L": 0.104987147011623,
        "KPN.AS": 0.0952595645058479,
        "601288.SS": 0.1487898016663797,
        "2914.T": 0.0338563210662,
        "7974.T": 0.2254504006182548,
        "9433.T": 0.1164869268591956,
        "9434.T": 0.01
    }
}