{
    "portfolio_629": {
        "PEP": 0.0710376698759628,
        "TLK": 0.0951772968303779,
        "IESC": 0.0162496929385623,
        "0TDD.L": 0.05,
        "ULVR.L": 0.0483040741994689,
        "AD.AS": 0.0656245953805025,
        "KPN.AS": 0.1411488322839392,
        "600519.SS": 0.029158355715185,
        "601088.SS": 0.05,
        "601398.SS": 0.1291742225360459,
        "7974.T": 0.05,
        "8058.T": 0.05,
        "9433.T": 0.0757378725625257,
        "9434.T": 0.0783873876774296,
        "0883.HK": 0.05
    }
}