{
    "portfolio_731": {
        "PEP": 0.048006467853036,
        "TLK": 0.0507728330202745,
        "RYTM": 0.05,
        "TTE.PA": 0.05,
        "ULVR.L": 0.0437628310917789,
        "AD.AS": 0.0678203721083315,
        "KPN.AS": 0.1549269536345436,
        "600900.SS": 0.0603262068283582,
        "601398.SS": 0.1721446633397382,
        "2914.T": 0.0518119445184132,
        "4063.T": 0.05,
        "9432.T": 0.05,
        "9433.T": 0.05,
        "9434.T": 0.0694192676075948,
        "6288.HK": 0.031008459997931
    }
}