{
    "portfolio_298": {
        "PEP": 0.126215497556546,
        "EC": 0.054322046853955,
        "APPF": 0.0419001353831208,
        "ECX": 0.012216159717574,
        "VERX": 0.01,
        "4AH1.F": 0.0104510127475123,
        "LFU2.F": 0.01,
        "ULVR.L": 0.1079558911127179,
        "KPN.AS": 0.1013091436001932,
        "601398.SS": 0.1082279827929873,
        "601728.SS": 0.0592315960037509,
        "7974.T": 0.228064117025686,
        "9433.T": 0.1101064172059568,
        "9434.T": 0.01,
        "3988.HK": 0.01
    }
}