{
    "portfolio_185": {
        "CRESY": 0.05,
        "PEP": 0.0514419281970039,
        "TLK": 0.0626716195834435,
        "0TDD.L": 0.05,
        "ULVR.L": 0.0756938719521932,
        "AD.AS": 0.0608202155576892,
        "KPN.AS": 0.1085210579590468,
        "SHELL.AS": 0.05,
        "600028.SS": 0.05,
        "601398.SS": 0.1303244990850202,
        "2914.T": 0.0685656063064051,
        "9433.T": 0.0825776727722651,
        "9434.T": 0.086064460022524,
        "0883.HK": 0.05,
        "6288.HK": 0.0233190685644088
    }
}