{
    "portfolio_101": {
        "PEP": 0.0624089148733778,
        "TLK": 0.0547882039234157,
        "VERX": 0.05,
        "HSBA.L": 0.05,
        "RICO.L": 0.0262604504022259,
        "ULVR.L": 0.0476181430152386,
        "AD.AS": 0.0470270660105136,
        "KPN.AS": 0.1426026564074204,
        "SHELL.AS": 0.05,
        "600900.SS": 0.0612116726683566,
        "601398.SS": 0.1355083923449542,
        "2914.T": 0.0754589698471377,
        "9433.T": 0.0725924725821068,
        "9434.T": 0.0887798712522367,
        "6288.HK": 0.0357431866730158
    }
}