{
    "portfolio_405": {
        "PEP": 0.1222808512861567,
        "EC": 0.0515135371128351,
        "APPF": 0.0445970248279843,
        "LNTH": 0.01,
        "4AH1.F": 0.0104214794217951,
        "LFU2.F": 0.01,
        "ULVR.L": 0.1092513056347038,
        "KPN.AS": 0.1006531041898555,
        "601288.SS": 0.1224362279709518,
        "601328.SS": 0.01,
        "601728.SS": 0.0559697796398497,
        "7974.T": 0.2267678275698287,
        "9432.T": 0.01,
        "9433.T": 0.1061088623460393,
        "0941.HK": 0.01
    }
}