{
    "portfolio_185": {
        "PEP": 0.0696496969450076,
        "TLK": 0.0908618371920042,
        "BPE5.F": 0.01,
        "ULVR.L": 0.0572595820135438,
        "AD.AS": 0.0631198238868768,
        "KPN.AS": 0.1536701305825453,
        "REN.AS": 0.01,
        "SHELL.AS": 0.0173478385097862,
        "601138.SS": 0.0135679925263129,
        "601398.SS": 0.1865608271811519,
        "2914.T": 0.0745262178497155,
        "9432.T": 0.0682450394016426,
        "9434.T": 0.1296995623997951,
        "0883.HK": 0.0143502923856503,
        "6288.HK": 0.0411411591259678
    }
}