{
    "portfolio_533": {
        "AVGO": 0.01,
        "PEP": 0.0705458681412767,
        "TLK": 0.0899175649667184,
        "OLLI": 0.01,
        "AD.AS": 0.076381703660874,
        "KPN.AS": 0.180570209354077,
        "600519.SS": 0.0479726272791839,
        "601088.SS": 0.01,
        "601398.SS": 0.1761239450840012,
        "2914.T": 0.0603335556474091,
        "8001.T": 0.01,
        "9432.T": 0.068429283854146,
        "9434.T": 0.1376537123430737,
        "1288.HK": 0.01,
        "6288.HK": 0.0420715296692401
    }
}