{
    "portfolio_171": {
        "PEP": 0.036771014040442,
        "TGS": 0.05,
        "TLK": 0.0552470542065118,
        "RMS.PA": 0.05,
        "0K9E.L": 0.05,
        "ULVR.L": 0.037490994411893,
        "AD.AS": 0.0442366176617466,
        "INGA.AS": 0.05,
        "KPN.AS": 0.1387499082081873,
        "601398.SS": 0.1795524830095164,
        "601728.SS": 0.0221395734078886,
        "4063.T": 0.05,
        "9432.T": 0.0752725629064166,
        "9434.T": 0.1283397614745333,
        "6288.HK": 0.032200030672864
    }
}