{
    "portfolio_990": {
        "PEP": 0.0757888376972776,
        "TLK": 0.088033910024613,
        "AI.PA": 0.01,
        "0YXG.L": 0.01,
        "HSBA.L": 0.01,
        "AD.AS": 0.0681672181561085,
        "CCEP.AS": 0.01,
        "KPN.AS": 0.1718232414473407,
        "600519.SS": 0.0450391709286364,
        "601398.SS": 0.1733047059796079,
        "2914.T": 0.0639436630231347,
        "9432.T": 0.0696684371362082,
        "9434.T": 0.1398395988476361,
        "0857.HK": 0.0251910787291404,
        "6288.HK": 0.0392001380302963
    }
}