{
    "portfolio_82": {
        "PEP": 0.0803030733395979,
        "TLK": 0.0840824171535936,
        "BSD2.F": 0.01,
        "SHEL.L": 0.0272530531319621,
        "ULVR.L": 0.0443672075074653,
        "AD.AS": 0.0682624036189638,
        "KPN.AS": 0.1519062269309494,
        "600519.SS": 0.0349876003686989,
        "601398.SS": 0.1566839409617917,
        "2914.T": 0.0613971657150244,
        "9432.T": 0.0656266785901033,
        "9434.T": 0.1238649520130526,
        "0857.HK": 0.0101627073139946,
        "0941.HK": 0.0458748496848001,
        "6288.HK": 0.0352277236700023
    }
}