{
    "portfolio_905": {
        "PEP": 0.0734600903896079,
        "TLK": 0.0917075357083673,
        "RICO.L": 0.0212111862244382,
        "ULVR.L": 0.058281258814468,
        "AD.AS": 0.0731483475373116,
        "KPN.AS": 0.1332818000789794,
        "SHELL.AS": 0.05,
        "601398.SS": 0.0856827311093584,
        "601988.SS": 0.05,
        "2914.T": 0.06030193898447,
        "9433.T": 0.0657880945990579,
        "9434.T": 0.1074339082518528,
        "0883.HK": 0.05,
        "1088.HK": 0.05,
        "6288.HK": 0.0297031083020883
    }
}