{
    "portfolio_245": {
        "PEP": 0.0675286344518441,
        "TLK": 0.0790057722259644,
        "AXSM": 0.05,
        "SAN.PA": 0.027100176192499,
        "ULVR.L": 0.0528989949080676,
        "AD.AS": 0.050339823197841,
        "KPN.AS": 0.1453197409498698,
        "600519.SS": 0.0248793839530464,
        "600941.SS": 0.05,
        "601398.SS": 0.161807647614958,
        "4063.T": 0.05,
        "4519.T": 0.05,
        "9432.T": 0.0856150329327467,
        "9434.T": 0.0787805355350315,
        "6288.HK": 0.0267242580381314
    }
}