{
    "portfolio_119": {
        "PEP": 0.0502097804740202,
        "TLK": 0.0528161283942448,
        "LNTH": 0.05,
        "DG.PA": 0.05,
        "BPE5.F": 0.05,
        "ULVR.L": 0.0568697044191531,
        "AD.AS": 0.0516211570113687,
        "KPN.AS": 0.1418304616523306,
        "600519.SS": 0.0326752468861333,
        "601398.SS": 0.1548089949796828,
        "8031.T": 0.05,
        "9433.T": 0.06272283801496,
        "9434.T": 0.1236039546739446,
        "0883.HK": 0.05,
        "6288.HK": 0.0228417334941616
    }
}