{
    "portfolio_568": {
        "PEP": 0.0752917802430433,
        "TLK": 0.089464356657424,
        "RYTM": 0.01,
        "SKFA.F": 0.01,
        "AD.AS": 0.0782748668910051,
        "KPN.AS": 0.1795533213008217,
        "600519.SS": 0.0443136119348252,
        "600941.SS": 0.01,
        "601398.SS": 0.1790626179984239,
        "2914.T": 0.0610906237532186,
        "9432.T": 0.0706504810630124,
        "9434.T": 0.1346573756221812,
        "0883.HK": 0.01,
        "1088.HK": 0.01,
        "6288.HK": 0.0376409645360444
    }
}