{
    "portfolio_715": {
        "CRESY": 0.01,
        "PEP": 0.0728429990271965,
        "TLK": 0.0872737207672994,
        "ULVR.L": 0.051167344960786,
        "AD.AS": 0.0689453121016647,
        "KPN.AS": 0.1641341296038163,
        "600519.SS": 0.0407883718500352,
        "601398.SS": 0.1712657683533069,
        "2914.T": 0.0574964738866251,
        "8001.T": 0.01,
        "9432.T": 0.0677409654854929,
        "9434.T": 0.1312028473032659,
        "9983.T": 0.01,
        "0857.HK": 0.0234991549572328,
        "6288.HK": 0.0336429117032782
    }
}