{
    "portfolio_892": {
        "TLK": 0.0849954448146407,
        "VERX": 0.05,
        "SAF.PA": 0.05,
        "ULVR.L": 0.0453189413694817,
        "AD.AS": 0.0413372735330295,
        "KPN.AS": 0.1587244593297265,
        "WKL.AS": 0.05,
        "600900.SS": 0.053549802048516,
        "601398.SS": 0.1206528796568854,
        "2914.T": 0.0683344037819572,
        "8031.T": 0.05,
        "9433.T": 0.0585613691421997,
        "9434.T": 0.0893663756328868,
        "1288.HK": 0.05,
        "6288.HK": 0.0291590506906766
    }
}