{
    "portfolio_675": {
        "PEP": 0.0747941592810356,
        "TLK": 0.086870597513449,
        "RYTM": 0.01,
        "AD.AS": 0.0753198232251156,
        "KPN.AS": 0.1755613475053232,
        "WKL.AS": 0.0188231462930609,
        "600519.SS": 0.0462682694221414,
        "601398.SS": 0.1843574122577206,
        "2914.T": 0.0630894565655198,
        "6857.T": 0.01,
        "9432.T": 0.0717421817766102,
        "9434.T": 0.1264500994966492,
        "0386.HK": 0.01,
        "0883.HK": 0.01,
        "6288.HK": 0.0367235066633743
    }
}