{
    "portfolio_13": {
        "AVGO": 0.05,
        "TMUS": 0.05,
        "BCH": 0.05,
        "TLK": 0.0420065159096171,
        "VERX": 0.05,
        "ULVR.L": 0.052724133434695,
        "AD.AS": 0.0517251452317169,
        "KPN.AS": 0.1516234033680748,
        "600519.SS": 0.0310499366729083,
        "600900.SS": 0.0480928290439579,
        "601398.SS": 0.1268663373351623,
        "2914.T": 0.0754498161573754,
        "9433.T": 0.0641666936433915,
        "9434.T": 0.1183719337664447,
        "6288.HK": 0.0379232554366557
    }
}