{
    "portfolio_590": {
        "PEP": 0.0330446551997701,
        "EC": 0.05,
        "TLK": 0.0355066467042804,
        "PRCT": 0.05,
        "0NC5.L": 0.05,
        "ULVR.L": 0.0544716949675419,
        "AD.AS": 0.0644590451607143,
        "KPN.AS": 0.1503874318138398,
        "600900.SS": 0.0473974263066568,
        "601398.SS": 0.1621565437276124,
        "2914.T": 0.0555341702400299,
        "4568.T": 0.05,
        "9434.T": 0.121513864494744,
        "0941.HK": 0.05,
        "6288.HK": 0.0255285213848099
    }
}