{
    "portfolio_220": {
        "TLK": 0.0746993646465282,
        "ADMA": 0.05,
        "SKFA.F": 0.05,
        "0YXG.L": 0.05,
        "ULVR.L": 0.0499195197309268,
        "AD.AS": 0.0646270543993526,
        "KPN.AS": 0.1472219012593501,
        "600900.SS": 0.0413095376416604,
        "601398.SS": 0.1234697325340064,
        "2914.T": 0.0492071493670498,
        "9432.T": 0.0592533004732918,
        "9433.T": 0.05,
        "9434.T": 0.1065792137359173,
        "0883.HK": 0.05,
        "6288.HK": 0.0337132262119166
    }
}