{
    "portfolio_461": {
        "PEP": 0.0516007657858164,
        "TLK": 0.0811348487514885,
        "SKFA.F": 0.05,
        "0YXG.L": 0.05,
        "AD.AS": 0.0721711427381169,
        "KPN.AS": 0.1659660739029202,
        "600900.SS": 0.059313381304934,
        "601398.SS": 0.0764997372014445,
        "601988.SS": 0.05,
        "2914.T": 0.05,
        "6857.T": 0.05,
        "9432.T": 0.0951173092925005,
        "9434.T": 0.078849710088869,
        "0941.HK": 0.0459865057941525,
        "6288.HK": 0.0233605251397574
    }
}