{
    "portfolio_322": {
        "PEP": 0.0768156179887311,
        "TLK": 0.0855849309625873,
        "RYTM": 0.01,
        "SKFA.F": 0.01,
        "SHEL.L": 0.0312127372443991,
        "AD.AS": 0.0809171350314422,
        "KPN.AS": 0.1618264773310154,
        "600519.SS": 0.0442241357822024,
        "601398.SS": 0.192840601203722,
        "2914.T": 0.0653811547816041,
        "9433.T": 0.063858492269795,
        "9434.T": 0.1255405796362771,
        "9983.T": 0.01,
        "0883.HK": 0.0109754849363106,
        "6288.HK": 0.0308226528319137
    }
}