{
    "portfolio_533": {
        "AVGO": 0.05,
        "PEP": 0.0457166681755627,
        "TLK": 0.0811204077879322,
        "SHEL.L": 0.0231156857711043,
        "ULVR.L": 0.0555350747230313,
        "AD.AS": 0.0668181921857352,
        "KPN.AS": 0.1604661065177846,
        "600519.SS": 0.0356347198827953,
        "600941.SS": 0.05,
        "601328.SS": 0.05,
        "601398.SS": 0.1051760608707683,
        "8031.T": 0.05,
        "9433.T": 0.0669562584116672,
        "9434.T": 0.1290572265706465,
        "6288.HK": 0.0304035991029723
    }
}