{
    "portfolio_818": {
        "PEP": 0.0578535890688606,
        "TLK": 0.077467158527754,
        "0YXG.L": 0.05,
        "ULVR.L": 0.0472281516430792,
        "AD.AS": 0.0648855188197703,
        "KPN.AS": 0.1588324793232382,
        "600900.SS": 0.0465498574985453,
        "601328.SS": 0.05,
        "601398.SS": 0.0661190011789669,
        "601939.SS": 0.05,
        "2914.T": 0.0645691192763831,
        "9432.T": 0.07562124004372,
        "9434.T": 0.0908738846196822,
        "9983.T": 0.05,
        "6288.HK": 0.05
    }
}