{
    "portfolio_170": {
        "TLK": 0.0484296979977092,
        "ADMA": 0.05,
        "LNTH": 0.05,
        "DG.PA": 0.05,
        "RICO.L": 0.0244665494674366,
        "TYT.L": 0.0264667501488256,
        "ULVR.L": 0.0636951564693602,
        "AD.AS": 0.0515276620126812,
        "KPN.AS": 0.1493492182476573,
        "601088.SS": 0.05,
        "601398.SS": 0.127121163295371,
        "2914.T": 0.05,
        "9434.T": 0.1824726139617251,
        "0941.HK": 0.0419875558790443,
        "6288.HK": 0.0344836325201891
    }
}