{
    "portfolio_191": {
        "PEP": 0.0358695899421863,
        "TGS": 0.05,
        "TLK": 0.0358925272051316,
        "PRCT": 0.05,
        "SAN.PA": 0.0267356183752572,
        "RICO.L": 0.0262992265976635,
        "ULVR.L": 0.0576077981716209,
        "AD.AS": 0.0769068127485838,
        "KPN.AS": 0.1677084083682503,
        "601398.SS": 0.1563594745714866,
        "9432.T": 0.042298992271692,
        "9434.T": 0.1243215517481274,
        "9983.T": 0.05,
        "0883.HK": 0.05,
        "1088.HK": 0.05
    }
}