{
    "portfolio_386": {
        "BCH": 0.05,
        "RYTM": 0.05,
        "VERX": 0.05,
        "SHEL.L": 0.0277513795334138,
        "ULVR.L": 0.0581018733622968,
        "AD.AS": 0.0515417697206111,
        "KPN.AS": 0.1860317306863996,
        "600900.SS": 0.0541227385364902,
        "601328.SS": 0.05,
        "601398.SS": 0.0949127081428753,
        "2914.T": 0.0805232399110257,
        "9432.T": 0.070780984415016,
        "9434.T": 0.0980216381965522,
        "0728.HK": 0.05,
        "6288.HK": 0.0282119374953191
    }
}