{
    "portfolio_814": {
        "PEP": 0.0470092959355221,
        "TLK": 0.037676863940987,
        "LNTH": 0.05,
        "VERX": 0.05,
        "BPE.F": 0.05,
        "RICO.L": 0.032520807561728,
        "ULVR.L": 0.0527509861089447,
        "AD.AS": 0.0541306910196784,
        "KPN.AS": 0.1674997912338794,
        "600519.SS": 0.0353018419239142,
        "601398.SS": 0.1487049129136638,
        "9433.T": 0.0695291456565904,
        "9434.T": 0.1131659369174297,
        "9983.T": 0.05,
        "0941.HK": 0.0417097267876625
    }
}