{
    "portfolio_366": {
        "PEP": 0.0458636880198781,
        "EC": 0.05,
        "TEO": 0.05,
        "APPF": 0.05,
        "8GC.F": 0.05,
        "ULVR.L": 0.0707186079416243,
        "AD.AS": 0.0639268011704215,
        "KPN.AS": 0.1205146771496903,
        "601138.SS": 0.0146460325648292,
        "601398.SS": 0.1570819244062332,
        "2914.T": 0.0549493953386454,
        "9433.T": 0.0581193642791152,
        "9434.T": 0.1356061825561865,
        "1088.HK": 0.05,
        "6288.HK": 0.0285733265733759
    }
}