{
    "portfolio_547": {
        "CIB": 0.05,
        "RYTM": 0.05,
        "CS.PA": 0.05,
        "RMS.PA": 0.05,
        "TTE.PA": 0.05,
        "ULVR.L": 0.0390207255740903,
        "AD.AS": 0.0478308607814301,
        "KPN.AS": 0.1516536779341961,
        "600900.SS": 0.0537383223415136,
        "601138.SS": 0.0165213310152141,
        "601398.SS": 0.1684279036066054,
        "2914.T": 0.0747898039395578,
        "9432.T": 0.0607116383465282,
        "9434.T": 0.1123023683453004,
        "6288.HK": 0.025003368115564
    }
}