{
    "portfolio_773": {
        "PEP": 0.0706698620509119,
        "TAK": 0.0348476112926259,
        "TLK": 0.081135236862702,
        "TTE.PA": 0.05,
        "ULVR.L": 0.0480187661942419,
        "AD.AS": 0.0703924405468347,
        "KPN.AS": 0.1357726522454516,
        "600028.SS": 0.05,
        "600519.SS": 0.032259872827529,
        "601398.SS": 0.111738085322559,
        "2914.T": 0.0565103239563329,
        "9433.T": 0.0697997733252574,
        "9434.T": 0.1050239844387639,
        "1288.HK": 0.05,
        "6288.HK": 0.0338313909367898
    }
}