{
    "portfolio_863": {
        "PEP": 0.0615832348678541,
        "TLK": 0.0814693841190386,
        "0A4J.L": 0.05,
        "ULVR.L": 0.0504455340069326,
        "AD.AS": 0.0446588991026001,
        "KPN.AS": 0.1414233969367433,
        "UMG.AS": 0.05,
        "600900.SS": 0.0373170828273196,
        "601398.SS": 0.1327843360324044,
        "2914.T": 0.0476007701028821,
        "8001.T": 0.05,
        "9432.T": 0.0637298765806064,
        "9434.T": 0.0889874854236192,
        "0728.HK": 0.05,
        "6288.HK": 0.05
    }
}