{
    "portfolio_79": {
        "PEP": 0.077311498835854,
        "BCH": 0.01,
        "TLK": 0.1000255703215884,
        "AXSM": 0.01,
        "2B5.F": 0.01,
        "SKFA.F": 0.01,
        "ULVR.L": 0.051800501743345,
        "AD.AS": 0.0676557412828638,
        "KPN.AS": 0.1543202240323737,
        "601398.SS": 0.1665424602405301,
        "601857.SS": 0.01,
        "2914.T": 0.0888275234056958,
        "9434.T": 0.1401599489268406,
        "0941.HK": 0.0627841560805314,
        "6288.HK": 0.0405723751303772
    }
}