{
    "portfolio_791": {
        "CRESY": 0.05,
        "PEP": 0.0545878430816566,
        "TLK": 0.0698711015271762,
        "ULVR.L": 0.0811481711335902,
        "AD.AS": 0.0702860692469666,
        "KPN.AS": 0.1357473065474252,
        "600900.SS": 0.0451519732408411,
        "601288.SS": 0.0561877649814667,
        "601988.SS": 0.05,
        "2914.T": 0.0775440268618906,
        "9433.T": 0.0788697468793683,
        "9434.T": 0.1000451492064368,
        "0728.HK": 0.05,
        "0883.HK": 0.05,
        "6288.HK": 0.0305608472931816
    }
}