{
    "portfolio_286": {
        "PEP": 0.0799127353504498,
        "TLK": 0.0887062022606109,
        "SAN.PA": 0.0338211341978311,
        "ULVR.L": 0.0420711246312288,
        "AD.AS": 0.0729445832850552,
        "KPN.AS": 0.1451743737928119,
        "601088.SS": 0.05,
        "601398.SS": 0.0632544998148603,
        "601988.SS": 0.05,
        "6857.T": 0.05,
        "9432.T": 0.0919981824817014,
        "9434.T": 0.1055521367463159,
        "0728.HK": 0.05,
        "0941.HK": 0.05,
        "6288.HK": 0.0265650274391347
    }
}