{
    "portfolio_692": {
        "PEP": 0.0512648612009092,
        "TLK": 0.0761444896493661,
        "VERX": 0.05,
        "SKFA.F": 0.05,
        "SHEL.L": 0.0388369618884691,
        "ULVR.L": 0.0481830884403243,
        "AD.AS": 0.051047280012207,
        "KPN.AS": 0.1597292470853937,
        "600900.SS": 0.0734531780292124,
        "601288.SS": 0.0536530388802937,
        "601988.SS": 0.05,
        "2914.T": 0.0628821137489153,
        "9433.T": 0.0957606015659794,
        "9434.T": 0.0890451394989294,
        "0386.HK": 0.05
    }
}