{
    "portfolio_563": {
        "CRESY": 0.05,
        "TLK": 0.0516145784278476,
        "APPF": 0.05,
        "TTE.L": 0.05,
        "ULVR.L": 0.0838925215916312,
        "AD.AS": 0.0709915665522665,
        "KPN.AS": 0.136400287173603,
        "600900.SS": 0.049497922253375,
        "601138.SS": 0.0126996219870944,
        "601398.SS": 0.1237710180407151,
        "2914.T": 0.0761338124371827,
        "9433.T": 0.0644926580450862,
        "9434.T": 0.0989691104456358,
        "3988.HK": 0.05,
        "6288.HK": 0.0315369030455623
    }
}