{
    "portfolio_302": {
        "AVGO": 0.01,
        "META": 0.01,
        "PEP": 0.0591740194838029,
        "TLK": 0.0882477010065352,
        "ULVR.L": 0.0556394413555371,
        "AD.AS": 0.0584324359712686,
        "KPN.AS": 0.1673432624051329,
        "UMG.AS": 0.0199112870225035,
        "601398.SS": 0.1804570090706537,
        "601899.SS": 0.0128468247818465,
        "2914.T": 0.0780677962738245,
        "9432.T": 0.0713875609530334,
        "9434.T": 0.1343993133739386,
        "1088.HK": 0.01,
        "6288.HK": 0.0440933483019233
    }
}