{
    "portfolio_883": {
        "AVGO": 0.01,
        "PEP": 0.0608486889574952,
        "TLK": 0.0863080886604789,
        "LNTH": 0.01,
        "SHEL.L": 0.0313926524791561,
        "ULVR.L": 0.0553871409686253,
        "AD.AS": 0.0696052920897673,
        "KPN.AS": 0.1540633408396594,
        "601088.SS": 0.01,
        "601398.SS": 0.1625846819109486,
        "2914.T": 0.0806496093564148,
        "8058.T": 0.01,
        "9434.T": 0.1622550609770756,
        "0941.HK": 0.0592071128267163,
        "6288.HK": 0.0376983309336625
    }
}