{
    "portfolio_645": {
        "CRESY": 0.05,
        "TLK": 0.0357091123178173,
        "RYTM": 0.05,
        "TTE.L": 0.05,
        "ULVR.L": 0.0757899369997106,
        "AD.AS": 0.077452475131388,
        "KPN.AS": 0.1480280932525678,
        "600028.SS": 0.05,
        "600900.SS": 0.0484232027187175,
        "601398.SS": 0.1095540762790642,
        "2914.T": 0.0790937702921745,
        "9433.T": 0.068889659465951,
        "9434.T": 0.0805752365599143,
        "3988.HK": 0.05,
        "6288.HK": 0.0264844369826945
    }
}