{
    "portfolio_434": {
        "PEP": 0.0746184954831844,
        "TEO": 0.01,
        "TLK": 0.0825615207634023,
        "LNTH": 0.01,
        "ULVR.L": 0.0485126998735911,
        "AD.AS": 0.066367693007203,
        "KPN.AS": 0.173213789454911,
        "600519.SS": 0.0473190293879416,
        "601398.SS": 0.1889019354668854,
        "4519.T": 0.016412722000402,
        "8031.T": 0.01,
        "8058.T": 0.01,
        "9432.T": 0.0773592093350612,
        "9434.T": 0.1465868094025236,
        "6288.HK": 0.0381460958248941
    }
}