{
    "portfolio_194": {
        "PEP": 0.0495994919223452,
        "TLK": 0.034770586063905,
        "RYTM": 0.05,
        "DG.PA": 0.05,
        "BPE5.F": 0.05,
        "ULVR.L": 0.0359822367435049,
        "AD.AS": 0.0646100427561975,
        "KPN.AS": 0.1436491491790188,
        "600900.SS": 0.0563634982640722,
        "601398.SS": 0.1483135948650363,
        "2914.T": 0.0543829910321329,
        "6857.T": 0.05,
        "9432.T": 0.0740566568533304,
        "9434.T": 0.0882717523204566,
        "1288.HK": 0.05
    }
}