{
    "portfolio_61": {
        "AVGO": 0.05,
        "PEP": 0.0465640904665477,
        "TLK": 0.0679688491437617,
        "ULVR.L": 0.0582727720023993,
        "AD.AS": 0.0645890752591798,
        "KPN.AS": 0.1421441369220991,
        "SHELL.AS": 0.05,
        "600519.SS": 0.0336281447266639,
        "600941.SS": 0.05,
        "601398.SS": 0.1422890007506549,
        "2914.T": 0.0565355078923151,
        "9432.T": 0.05,
        "9433.T": 0.05,
        "9434.T": 0.1012756811430896,
        "6288.HK": 0.0367327416932886
    }
}