{
    "portfolio_382": {
        "AVGO": 0.01,
        "KT": 0.0523683954683944,
        "TLK": 0.0805922815713552,
        "PJXC.F": 0.01,
        "0R4P.L": 0.0210743140958822,
        "ULVR.L": 0.0618163541008129,
        "AD.AS": 0.0747551248299858,
        "KPN.AS": 0.1773222239111284,
        "601398.SS": 0.1725636005849226,
        "601988.SS": 0.01,
        "2914.T": 0.0583933894826267,
        "8031.T": 0.01,
        "9432.T": 0.0869619505636799,
        "9434.T": 0.1296225695816779,
        "6288.HK": 0.0445297958095338
    }
}