{
    "portfolio_751": {
        "PEP": 0.0621415396215311,
        "TMUS": 0.01,
        "PKX": 0.01,
        "TLK": 0.0997746710673114,
        "OL5.F": 0.01,
        "ULVR.L": 0.0617237136788628,
        "AD.AS": 0.0778620861244242,
        "KPN.AS": 0.1534384792957428,
        "601398.SS": 0.1626294505685627,
        "2914.T": 0.0760853992815214,
        "8001.T": 0.01,
        "9434.T": 0.1589452788964352,
        "0386.HK": 0.01,
        "0941.HK": 0.0599100080366072,
        "6288.HK": 0.0374893734290013
    }
}