{
    "portfolio_581": {
        "TLK": 0.0590734865229156,
        "AXSM": 0.05,
        "RYTM": 0.05,
        "RICO.L": 0.0259638006633041,
        "ULVR.L": 0.0631873472263516,
        "AD.AS": 0.0591738712731148,
        "KPN.AS": 0.1691185157242666,
        "601288.SS": 0.05,
        "601328.SS": 0.05,
        "601398.SS": 0.109810954305297,
        "2914.T": 0.0615154806341412,
        "9432.T": 0.0858319568042237,
        "9434.T": 0.0879480376917246,
        "0728.HK": 0.05,
        "6288.HK": 0.0283765491546605
    }
}