{
    "portfolio_542": {
        "GOOGL": 0.039901109456084,
        "PEP": 0.1022164240400536,
        "EC": 0.0486843644423015,
        "APPF": 0.0358845114246339,
        "IESC": 0.01,
        "4AH1.F": 0.0101926917925059,
        "LFU2.F": 0.01,
        "ULVR.L": 0.106628227813477,
        "KPN.AS": 0.1006654329927878,
        "601288.SS": 0.1245197539843292,
        "601728.SS": 0.0509728086842309,
        "601857.SS": 0.01,
        "7974.T": 0.2230490485881024,
        "9433.T": 0.1172856267814938,
        "6288.HK": 0.01
    }
}