{
    "portfolio_424": {
        "AVGO": 0.0110847266415452,
        "PEP": 0.0750947543754896,
        "TLK": 0.0895426775550731,
        "RYTM": 0.01,
        "2B5.F": 0.01,
        "OL5.F": 0.01,
        "ULVR.L": 0.0602286252186532,
        "AD.AS": 0.0748721463500061,
        "KPN.AS": 0.1451090957643056,
        "SHELL.AS": 0.0227510332583385,
        "601398.SS": 0.1684206194917299,
        "2914.T": 0.0867387512246155,
        "9434.T": 0.126814684162528,
        "0941.HK": 0.0711307846221978,
        "6288.HK": 0.0382121013355174
    }
}