{
    "portfolio_440": {
        "CRESY": 0.05,
        "TMUS": 0.05,
        "PKX": 0.05,
        "TLK": 0.0324016165751656,
        "PQ9.F": 0.005059642254216,
        "0YXG.L": 0.05,
        "ULVR.L": 0.0720827720822107,
        "AD.AS": 0.0612722620052643,
        "KPN.AS": 0.1260657420210855,
        "601088.SS": 0.05,
        "601398.SS": 0.1490619241229919,
        "2914.T": 0.0633342050562117,
        "9432.T": 0.0848424240354525,
        "9434.T": 0.1190860188579033,
        "6288.HK": 0.0367933929894982
    }
}