{
    "portfolio_576": {
        "PEP": 0.0763372473782939,
        "TLK": 0.1040993320321054,
        "SMMT": 0.01,
        "OL5.F": 0.01,
        "AZN.L": 0.01,
        "TTE.L": 0.01,
        "ULVR.L": 0.0556435041815751,
        "AD.AS": 0.0692129162864536,
        "KPN.AS": 0.1534440835061408,
        "601398.SS": 0.1603372567774929,
        "2914.T": 0.0803474450123742,
        "6857.T": 0.01,
        "9434.T": 0.1425880114081754,
        "0941.HK": 0.07203289385217,
        "6288.HK": 0.0359573095652185
    }
}