{
    "portfolio_77": {
        "PEP": 0.0760346588039828,
        "TLK": 0.0764319893570949,
        "VERX": 0.05,
        "SAN.PA": 0.0367074717380664,
        "SHEL.L": 0.0254014042268532,
        "AD.AS": 0.0638236000962032,
        "KPN.AS": 0.152681225355271,
        "600519.SS": 0.0346616078061895,
        "601398.SS": 0.089681409858073,
        "8058.T": 0.05,
        "9433.T": 0.0875663935595898,
        "9434.T": 0.1070102391986761,
        "1088.HK": 0.05,
        "1288.HK": 0.05,
        "3988.HK": 0.05
    }
}