{
    "portfolio_740": {
        "PEP": 0.0748459811005769,
        "TLK": 0.0971759014611321,
        "SAN.PA": 0.0344687242650817,
        "ULVR.L": 0.0415497233632399,
        "AD.AS": 0.0760782762675889,
        "KPN.AS": 0.1414402018727618,
        "601398.SS": 0.0681027835221599,
        "2914.T": 0.0556184597845116,
        "9432.T": 0.0603071983604483,
        "9434.T": 0.1231218929583059,
        "0386.HK": 0.05,
        "1088.HK": 0.05,
        "1288.HK": 0.05,
        "3988.HK": 0.05,
        "6288.HK": 0.0272908570441927
    }
}