{
    "portfolio_342": {
        "PEP": 0.0828811854043251,
        "TLK": 0.0772654915081732,
        "TTE.PA": 0.05,
        "SHEL.L": 0.05,
        "ULVR.L": 0.0585632154950336,
        "AD.AS": 0.0656774150755524,
        "KPN.AS": 0.117086778154912,
        "601288.SS": 0.05,
        "601398.SS": 0.1019314577058308,
        "2914.T": 0.0525999225676755,
        "7974.T": 0.05,
        "9433.T": 0.0630119859625805,
        "9434.T": 0.1008196372593943,
        "0857.HK": 0.05,
        "6288.HK": 0.0301629108665221
    }
}