{
    "portfolio_757": {
        "PEP": 0.0826092726183553,
        "BSAC": 0.01,
        "EC": 0.01,
        "TLK": 0.0933809929502561,
        "CS.PA": 0.01,
        "2B5.F": 0.01,
        "ULVR.L": 0.0511293143568988,
        "AD.AS": 0.0684315812582201,
        "KPN.AS": 0.1492522986814517,
        "601398.SS": 0.1619319182917093,
        "601939.SS": 0.0107478367386205,
        "2914.T": 0.0904941094526867,
        "9434.T": 0.139114550671952,
        "0941.HK": 0.0711580866116285,
        "6288.HK": 0.041750038368221
    }
}