{
    "portfolio_28": {
        "TLK": 0.0726356749810374,
        "VERX": 0.05,
        "AI.PA": 0.05,
        "0YXG.L": 0.05,
        "ULVR.L": 0.0513860768346772,
        "AD.AS": 0.0407012128649151,
        "KPN.AS": 0.1639708822850977,
        "600900.SS": 0.047955578457356,
        "600941.SS": 0.05,
        "601398.SS": 0.0855528518789142,
        "2914.T": 0.0840969261901767,
        "9433.T": 0.063945581600632,
        "9434.T": 0.1056688894619625,
        "3988.HK": 0.05,
        "6288.HK": 0.0340863254452309
    }
}