{
    "portfolio_253": {
        "PEP": 0.0506093073342655,
        "TLK": 0.0756494395473271,
        "0YXG.L": 0.05,
        "RICO.L": 0.0203997031575628,
        "ULVR.L": 0.0402474628713275,
        "AD.AS": 0.0442449619650405,
        "INGA.AS": 0.05,
        "KPN.AS": 0.1527626206180161,
        "600900.SS": 0.035657167583384,
        "601138.SS": 0.05,
        "601398.SS": 0.1507517669665906,
        "2914.T": 0.0687959540934904,
        "9432.T": 0.0701516508572672,
        "9434.T": 0.1088201237837414,
        "6288.HK": 0.0319098412219868
    }
}