{
    "portfolio_172": {
        "PEP": 0.0716606446581091,
        "BCH": 0.05,
        "TLK": 0.0729661031837113,
        "SHEL.L": 0.05,
        "ULVR.L": 0.0564392532659924,
        "AD.AS": 0.0659434456057793,
        "KPN.AS": 0.1341800516283847,
        "600028.SS": 0.05,
        "600519.SS": 0.0307353323194844,
        "601398.SS": 0.1062344188434722,
        "2914.T": 0.0582976703191015,
        "9433.T": 0.0595357342085948,
        "9434.T": 0.1145185735657683,
        "0386.HK": 0.05,
        "6288.HK": 0.029488772401602
    }
}