{
    "portfolio_727": {
        "TEO": 0.05,
        "TLK": 0.0590197465259279,
        "OLLI": 0.05,
        "TTE.PA": 0.05,
        "ULVR.L": 0.0500878975268769,
        "AD.AS": 0.0501435290213959,
        "CCEP.AS": 0.05,
        "KPN.AS": 0.1398124963274084,
        "601138.SS": 0.0160192222253154,
        "601398.SS": 0.152482517646889,
        "2914.T": 0.0495039904740492,
        "9432.T": 0.0643632706784993,
        "9434.T": 0.1327795880470149,
        "0883.HK": 0.05,
        "6288.HK": 0.0357877415266229
    }
}