{
    "portfolio_839": {
        "PEP": 0.069892833013081,
        "TLK": 0.0839232496827828,
        "SAF.PA": 0.05,
        "ULVR.L": 0.0456066686459153,
        "AD.AS": 0.0543697696212046,
        "KPN.AS": 0.1508985738718814,
        "600519.SS": 0.0294491238937363,
        "600941.SS": 0.05,
        "601288.SS": 0.05,
        "601398.SS": 0.0892140261220414,
        "2914.T": 0.0645073200947824,
        "9432.T": 0.0593474978367198,
        "9434.T": 0.1184854194786187,
        "0728.HK": 0.05,
        "6288.HK": 0.0343055177392362
    }
}