{
    "portfolio_48": {
        "PEP": 0.0770327070700188,
        "TLK": 0.0827019622818899,
        "PRCT": 0.01,
        "DG.PA": 0.01,
        "0TDD.L": 0.01,
        "HSBA.L": 0.01,
        "AD.AS": 0.0730533287283388,
        "KPN.AS": 0.1721316559074081,
        "600519.SS": 0.0406653698554807,
        "601398.SS": 0.1714298825385955,
        "2914.T": 0.0612957134841963,
        "9432.T": 0.0660472214662702,
        "9434.T": 0.1267334138495387,
        "0941.HK": 0.0545731878177049,
        "6288.HK": 0.0343355570005581
    }
}