{
    "portfolio_196": {
        "PEP": 0.0825383300031796,
        "TLK": 0.0757987972708207,
        "IESC": 0.0174262801482739,
        "HSBA.L": 0.05,
        "ULVR.L": 0.0411356951111545,
        "AD.AS": 0.0678142256503465,
        "KPN.AS": 0.1483063499871839,
        "601398.SS": 0.1267613707325634,
        "2914.T": 0.0422755845920658,
        "7974.T": 0.05,
        "9432.T": 0.0552884544544368,
        "9434.T": 0.0926549120499746,
        "9983.T": 0.05,
        "0857.HK": 0.05,
        "3988.HK": 0.05
    }
}