{
    "portfolio_630": {
        "PEP": 0.0419316928405635,
        "TLK": 0.0611424303418319,
        "VERX": 0.05,
        "AI.PA": 0.05,
        "DG.PA": 0.05,
        "0K9E.L": 0.05,
        "ULVR.L": 0.0378505836962373,
        "KPN.AS": 0.1574085735790372,
        "600900.SS": 0.0518822527966039,
        "601398.SS": 0.121086516121428,
        "2914.T": 0.0669477040106369,
        "9432.T": 0.0624216883287982,
        "9434.T": 0.1175043620458064,
        "0941.HK": 0.0524897806369221,
        "6288.HK": 0.0293344156021342
    }
}