{
    "portfolio_571": {
        "PEP": 0.0719865141434148,
        "TMUS": 0.01,
        "TLK": 0.0968537371615689,
        "ADMA": 0.01,
        "2B5.F": 0.01,
        "ULVR.L": 0.0501509894651098,
        "AD.AS": 0.0677254567589496,
        "CCEP.AS": 0.01,
        "KPN.AS": 0.1520838509359749,
        "601398.SS": 0.1658127940350979,
        "2914.T": 0.0895345314061982,
        "9434.T": 0.1478753521066413,
        "0857.HK": 0.0149922150601611,
        "0941.HK": 0.061051070257182,
        "6288.HK": 0.0419334886697015
    }
}