{
    "portfolio_687": {
        "PEP": 0.0774388335231314,
        "TLK": 0.0817398746960918,
        "SHEL.L": 0.0257243420492228,
        "ULVR.L": 0.0403140233496107,
        "AD.AS": 0.0575406057821722,
        "KPN.AS": 0.1452596096387706,
        "WKL.AS": 0.05,
        "600519.SS": 0.0402866484607011,
        "601288.SS": 0.05,
        "601398.SS": 0.1114269304880442,
        "601728.SS": 0.05,
        "6857.T": 0.05,
        "8031.T": 0.05,
        "9432.T": 0.077266848577883,
        "9434.T": 0.093002283434372
    }
}