{
    "portfolio_98": {
        "LIN": 0.05,
        "TLK": 0.0563536305682511,
        "VERX": 0.05,
        "RMS.PA": 0.05,
        "BPE5.F": 0.05,
        "ULVR.L": 0.0483667416435578,
        "AD.AS": 0.0437386166412625,
        "KPN.AS": 0.1707748354334549,
        "600900.SS": 0.0465247483584445,
        "601398.SS": 0.1669320337965049,
        "2914.T": 0.0741685743330775,
        "9432.T": 0.0608453772005707,
        "9433.T": 0.0552236478011086,
        "9984.T": 0.05,
        "6288.HK": 0.0270717942237671
    }
}