{
    "portfolio_353": {
        "PEP": 0.0460608641524731,
        "TLK": 0.0662318783849212,
        "APPF": 0.05,
        "CS.PA": 0.05,
        "DG.PA": 0.05,
        "ULVR.L": 0.0344113392536193,
        "AD.AS": 0.0475639384852436,
        "KPN.AS": 0.1413556284764925,
        "600519.SS": 0.0300730573144529,
        "601398.SS": 0.1574404230866456,
        "2914.T": 0.0603123867006839,
        "9432.T": 0.0447260409140306,
        "9434.T": 0.1277840710572236,
        "0941.HK": 0.0440403721742139,
        "6288.HK": 0.05
    }
}