{
    "portfolio_739": {
        "PEP": 0.0740798311361975,
        "TLK": 0.0801597713015088,
        "ADMA": 0.01,
        "DG.PA": 0.01,
        "SHEL.L": 0.0303181640060356,
        "ULVR.L": 0.0463161890717464,
        "AD.AS": 0.0647075898888672,
        "KPN.AS": 0.1524120224912386,
        "600519.SS": 0.0383587671481071,
        "601398.SS": 0.178936589056719,
        "2914.T": 0.0615399662383627,
        "9432.T": 0.0706356559667807,
        "9434.T": 0.1332926007543621,
        "0883.HK": 0.01,
        "6288.HK": 0.0392428529400743
    }
}