{
    "portfolio_929": {
        "AVGO": 0.05,
        "TLK": 0.0521506331298256,
        "LNTH": 0.05,
        "RICO.L": 0.0264311416785584,
        "ULVR.L": 0.0742948690205988,
        "AD.AS": 0.0624036137235372,
        "KPN.AS": 0.1499574213250473,
        "SHELL.AS": 0.05,
        "601088.SS": 0.05,
        "601398.SS": 0.1124236017596767,
        "2914.T": 0.0558630861556584,
        "9433.T": 0.0625500575829612,
        "9434.T": 0.1206682008342376,
        "0883.HK": 0.05,
        "6288.HK": 0.0332573747898986
    }
}