{
    "portfolio_939": {
        "PEP": 0.0550399522590773,
        "TLK": 0.0844106556293043,
        "SAF.PA": 0.05,
        "ULVR.L": 0.0409019443866856,
        "AD.AS": 0.0465929907255239,
        "CCEP.AS": 0.05,
        "KPN.AS": 0.1410180471014827,
        "601398.SS": 0.1074675532957658,
        "601728.SS": 0.05,
        "2914.T": 0.0654268076704935,
        "9432.T": 0.0665558101647715,
        "9434.T": 0.1158894325035107,
        "0386.HK": 0.05,
        "1288.HK": 0.05,
        "6288.HK": 0.0266968062633849
    }
}