{
    "portfolio_800": {
        "AVGO": 0.05,
        "PEP": 0.0345987435576125,
        "TEO": 0.05,
        "TLK": 0.0567126310057046,
        "ULVR.L": 0.0551001771244165,
        "AD.AS": 0.0632015914411899,
        "KPN.AS": 0.1526127045044611,
        "600900.SS": 0.0586192535917759,
        "601398.SS": 0.148547534095955,
        "2914.T": 0.0453258143313012,
        "4063.T": 0.05,
        "4519.T": 0.05,
        "9433.T": 0.0509672123050567,
        "9434.T": 0.1021834905545525,
        "6288.HK": 0.0321308474879738
    }
}