{
    "portfolio_765": {
        "PEP": 0.0447247836463004,
        "TLK": 0.0726434612101238,
        "RYTM": 0.05,
        "SAN.PA": 0.0263439105864587,
        "QF9.F": 0.0061726414782116,
        "ULVR.L": 0.0432029642654015,
        "AD.AS": 0.0698503626919944,
        "KPN.AS": 0.166726763528343,
        "601398.SS": 0.1246932820906318,
        "2914.T": 0.0550836145092064,
        "8001.T": 0.05,
        "9434.T": 0.1405582159933284,
        "0728.HK": 0.05,
        "0857.HK": 0.05,
        "1088.HK": 0.05
    }
}