{
    "portfolio_224": {
        "PEP": 0.0591772578187421,
        "TLK": 0.0890631158358484,
        "BPE.F": 0.05,
        "ULVR.L": 0.0469102114621193,
        "AD.AS": 0.0661874129841972,
        "CCEP.AS": 0.05,
        "KPN.AS": 0.1195977220971706,
        "601398.SS": 0.1110161526870612,
        "601728.SS": 0.05,
        "2914.T": 0.0659240679182141,
        "9433.T": 0.0618036509593946,
        "9434.T": 0.109114031619487,
        "0883.HK": 0.05,
        "1088.HK": 0.05,
        "6288.HK": 0.0212063766177653
    }
}