{
    "portfolio_757": {
        "PEP": 0.0532879635156773,
        "TLK": 0.0768433198305867,
        "AXSM": 0.05,
        "AIR.PA": 0.05,
        "SAF.PA": 0.05,
        "SAN.PA": 0.0186814967459776,
        "ULVR.L": 0.0522299788377952,
        "AD.AS": 0.0291579605934565,
        "KPN.AS": 0.1318435251800142,
        "601398.SS": 0.1708070412418698,
        "8031.T": 0.05,
        "9432.T": 0.0945462840922452,
        "9434.T": 0.0946268404808769,
        "0386.HK": 0.05,
        "6288.HK": 0.0279755894815004
    }
}