{
    "portfolio_199": {
        "PEP": 0.0565031423972187,
        "TLK": 0.0859671539926118,
        "0TDD.L": 0.05,
        "0YXG.L": 0.05,
        "ULVR.L": 0.0486793630809693,
        "AD.AS": 0.0497404293685391,
        "KPN.AS": 0.1577205160206858,
        "600028.SS": 0.05,
        "601288.SS": 0.05,
        "601988.SS": 0.05,
        "2914.T": 0.0738972702992245,
        "9432.T": 0.080828348805326,
        "9434.T": 0.104744460140255,
        "0941.HK": 0.0572136769377757,
        "6288.HK": 0.0347056389573934
    }
}