{
    "portfolio_930": {
        "PEP": 0.0648680872279625,
        "TLK": 0.0832758256114964,
        "TTE.L": 0.05,
        "ULVR.L": 0.0471916652032183,
        "AD.AS": 0.0533037394594217,
        "CCEP.AS": 0.05,
        "KPN.AS": 0.1388650779391623,
        "600519.SS": 0.0300416145757152,
        "601288.SS": 0.05,
        "601398.SS": 0.1088126574944632,
        "601728.SS": 0.05,
        "2914.T": 0.0658217212117163,
        "9433.T": 0.0653017582705123,
        "9434.T": 0.1112970628151011,
        "6288.HK": 0.0312207901912305
    }
}