{
    "portfolio_753": {
        "PKX": 0.05,
        "TGS": 0.05,
        "TLK": 0.0468576166569902,
        "SAN.PA": 0.0266759540473213,
        "PQ9.F": 0.0057289193448859,
        "0YXG.L": 0.05,
        "ULVR.L": 0.0569697711724135,
        "AD.AS": 0.0643725671232425,
        "KPN.AS": 0.1426733586521094,
        "601088.SS": 0.05,
        "601398.SS": 0.1478070203136334,
        "2914.T": 0.0551029095540697,
        "9432.T": 0.0800150225222523,
        "9434.T": 0.1313207384341157,
        "6288.HK": 0.0424761221789662
    }
}