{
    "portfolio_192": {
        "PEP": 0.0401619128041202,
        "TGS": 0.05,
        "TLK": 0.067441870976115,
        "APPF": 0.0134794680943534,
        "SKFA.F": 0.05,
        "ULVR.L": 0.0422846786199633,
        "AD.AS": 0.0679730724892541,
        "KPN.AS": 0.1457462899109873,
        "REN.AS": 0.05,
        "600900.SS": 0.0522245305333375,
        "601398.SS": 0.1342420803609284,
        "9432.T": 0.0848917878465741,
        "9434.T": 0.1015543083643667,
        "9983.T": 0.05,
        "0386.HK": 0.05
    }
}