{
    "portfolio_924": {
        "PEP": 0.0550009023568395,
        "TLK": 0.0814404883635875,
        "AI.PA": 0.05,
        "SAF.PA": 0.05,
        "BSD2.F": 0.05,
        "SKFA.F": 0.05,
        "AD.AS": 0.0515472542718981,
        "KPN.AS": 0.125346536487989,
        "600900.SS": 0.0451201883999307,
        "601398.SS": 0.1319233752432705,
        "2914.T": 0.0553375476815136,
        "7974.T": 0.05,
        "9433.T": 0.0591864465827284,
        "9434.T": 0.0879036890382278,
        "0941.HK": 0.0571935715740146
    }
}