{
    "portfolio_264": {
        "PEP": 0.0743566995762733,
        "TGS": 0.01,
        "TLK": 0.0880475636794362,
        "ULVR.L": 0.0489683361358724,
        "AD.AS": 0.0692574578269674,
        "KPN.AS": 0.1648645718491387,
        "600028.SS": 0.01,
        "600519.SS": 0.0421797557730375,
        "601398.SS": 0.1730960903311268,
        "2914.T": 0.0569114285910254,
        "8058.T": 0.01,
        "9432.T": 0.0712142418126111,
        "9434.T": 0.131046484801407,
        "0883.HK": 0.01,
        "6288.HK": 0.0400573696231043
    }
}