{
    "portfolio_42": {
        "AVGO": 0.0166983491645334,
        "PEP": 0.0568017394669989,
        "TLK": 0.0985500137827841,
        "OL5.F": 0.01,
        "ULVR.L": 0.0598589792823695,
        "AD.AS": 0.0766563601435731,
        "KPN.AS": 0.1537626929262852,
        "REN.AS": 0.01,
        "601398.SS": 0.1634560742343557,
        "601728.SS": 0.01,
        "2914.T": 0.0830975674159778,
        "6857.T": 0.01,
        "9434.T": 0.1562292042642998,
        "0941.HK": 0.057830558028943,
        "6288.HK": 0.0370584612898794
    }
}