{
    "portfolio_602": {
        "PEP": 0.0485933377209327,
        "EC": 0.05,
        "TLK": 0.0611781469376834,
        "OLLI": 0.05,
        "ULVR.L": 0.0482628010489392,
        "AD.AS": 0.0665237918102974,
        "KPN.AS": 0.1560522916407288,
        "600519.SS": 0.0393000009338729,
        "601398.SS": 0.1248139626471456,
        "601988.SS": 0.05,
        "8001.T": 0.05,
        "8035.T": 0.05,
        "9432.T": 0.0741774111534673,
        "9434.T": 0.1017145841685244,
        "6288.HK": 0.029383671938408
    }
}