{
    "portfolio_406": {
        "PEP": 0.1367522570870779,
        "EC": 0.0604628117799882,
        "PKX": 0.01,
        "APPF": 0.0560352505316634,
        "ECX": 0.0144858723270326,
        "0DH.F": 0.01,
        "LFU2.F": 0.01,
        "ULVR.L": 0.1223278906174864,
        "601288.SS": 0.131280485319806,
        "601728.SS": 0.0700506486083453,
        "7974.T": 0.2489469598265782,
        "9433.T": 0.1018212955840625,
        "0728.HK": 0.01,
        "0941.HK": 0.01
    }
}