{
    "portfolio_153": {
        "PEP": 0.0652951038612731,
        "TLK": 0.0704864818153727,
        "AXSM": 0.05,
        "SAN.PA": 0.0290520166709656,
        "BPE.F": 0.05,
        "ULVR.L": 0.0601456662497873,
        "AD.AS": 0.0600864415635151,
        "KPN.AS": 0.1184108459472835,
        "600941.SS": 0.05,
        "601088.SS": 0.05,
        "601398.SS": 0.1258304718611434,
        "6857.T": 0.05,
        "9432.T": 0.1170540783848542,
        "9434.T": 0.077893695978134,
        "6288.HK": 0.0257451976676714
    }
}