{
    "portfolio_669": {
        "PEP": 0.0796399388143958,
        "TLK": 0.078226502687935,
        "CS.PA": 0.05,
        "ULVR.L": 0.045660915240091,
        "AD.AS": 0.0595334501113884,
        "KPN.AS": 0.1414103310152996,
        "600900.SS": 0.0419988171012857,
        "601398.SS": 0.1055397233753186,
        "601728.SS": 0.05,
        "2914.T": 0.049297657503143,
        "6857.T": 0.05,
        "9432.T": 0.0763567321083755,
        "9434.T": 0.0956383904778804,
        "1288.HK": 0.05,
        "6288.HK": 0.0266975415648873
    }
}