{
    "portfolio_800": {
        "PEP": 0.0635894889823817,
        "TLK": 0.082400489019877,
        "ADMA": 0.01,
        "IESC": 0.0142245941127055,
        "ULVR.L": 0.0502088146000947,
        "AD.AS": 0.0706395440627586,
        "KPN.AS": 0.1578959001353963,
        "SHELL.AS": 0.0187045643263294,
        "600519.SS": 0.0363201944702414,
        "601398.SS": 0.1753604593247721,
        "2914.T": 0.0725645652445264,
        "4519.T": 0.0210383056863816,
        "9434.T": 0.1673718717627911,
        "0857.HK": 0.0237990696089403,
        "6288.HK": 0.0358821386628037
    }
}