{
    "portfolio_398": {
        "PEP": 0.0555465721142903,
        "BCH": 0.05,
        "TLK": 0.0852177039977407,
        "ULVR.L": 0.0498092617686948,
        "AD.AS": 0.0549529400342752,
        "KPN.AS": 0.1423367368041131,
        "REN.AS": 0.05,
        "600519.SS": 0.0314890239565304,
        "601398.SS": 0.1478465049989722,
        "2914.T": 0.05,
        "8031.T": 0.05,
        "9432.T": 0.058583681879394,
        "9434.T": 0.09547388233101,
        "0883.HK": 0.05,
        "6288.HK": 0.0287436921149794
    }
}