{
    "portfolio_188": {
        "PEP": 0.0887187719104537,
        "TLK": 0.0724731786787994,
        "LNTH": 0.01,
        "WK0.F": 0.01,
        "TYT.L": 0.0522872270134744,
        "ULVR.L": 0.0512989707269442,
        "AD.AS": 0.0538278275883834,
        "KPN.AS": 0.1994969107954978,
        "600519.SS": 0.0609244942807002,
        "601328.SS": 0.01,
        "601398.SS": 0.1400963688946582,
        "601857.SS": 0.01,
        "9432.T": 0.0886029157800751,
        "9434.T": 0.1422733343310134,
        "0728.HK": 0.01
    }
}