{
    "portfolio_914": {
        "PEP": 0.0604778508364638,
        "TLK": 0.073546291014286,
        "0YXG.L": 0.05,
        "ULVR.L": 0.061115112640126,
        "AD.AS": 0.0619584299250177,
        "KPN.AS": 0.1378470275899862,
        "SHELL.AS": 0.05,
        "601328.SS": 0.05,
        "601398.SS": 0.0754504472883546,
        "2914.T": 0.0606080936188475,
        "9432.T": 0.0741464833210494,
        "9434.T": 0.1139337447440171,
        "0386.HK": 0.05,
        "1288.HK": 0.05,
        "6288.HK": 0.0309165190218515
    }
}