{
    "portfolio_163": {
        "AVGO": 0.05,
        "LIN": 0.05,
        "TMUS": 0.05,
        "BCH": 0.05,
        "TLK": 0.0469423797664715,
        "ULVR.L": 0.054515222145271,
        "AD.AS": 0.0569499933515473,
        "KPN.AS": 0.1390725530369483,
        "600519.SS": 0.0306410504545689,
        "601398.SS": 0.1548504758868911,
        "8058.T": 0.05,
        "9432.T": 0.0775762874488196,
        "9434.T": 0.1223568240869389,
        "0941.HK": 0.0336782024718826,
        "6288.HK": 0.0334170113506607
    }
}