{
    "portfolio_154": {
        "PEP": 0.0618169107135511,
        "TLK": 0.0683302797738801,
        "IESC": 0.0168118301578182,
        "BPE.F": 0.05,
        "0A4J.L": 0.05,
        "ULVR.L": 0.0516758954587258,
        "AD.AS": 0.062440588029921,
        "KPN.AS": 0.1385384916045904,
        "600900.SS": 0.0587801181580814,
        "601398.SS": 0.1585713740548394,
        "4519.T": 0.05,
        "8031.T": 0.05,
        "9432.T": 0.0638649295776654,
        "9434.T": 0.0910346774972697,
        "6288.HK": 0.0281349049736573
    }
}