{
    "portfolio_787": {
        "PEP": 0.0799941126347051,
        "TLK": 0.0913726659363449,
        "0TDD.L": 0.01,
        "0YXG.L": 0.01,
        "AD.AS": 0.0724329489393836,
        "KPN.AS": 0.1766659917679946,
        "600519.SS": 0.0466508060206333,
        "601328.SS": 0.01,
        "601398.SS": 0.1671246181955784,
        "2914.T": 0.058823111435802,
        "8001.T": 0.01,
        "9432.T": 0.0689486155081303,
        "9434.T": 0.1371096232784076,
        "0857.HK": 0.0227840484534589,
        "6288.HK": 0.0380934578295612
    }
}