{
    "portfolio_537": {
        "TLK": 0.0527060522601948,
        "IESC": 0.05,
        "LNTH": 0.05,
        "SAN.PA": 0.0322832374675775,
        "RICO.L": 0.0263632621797246,
        "ULVR.L": 0.0501448153263902,
        "AD.AS": 0.0670890764457308,
        "KPN.AS": 0.1691563138637002,
        "601398.SS": 0.1441426867079912,
        "2914.T": 0.047892799694611,
        "6857.T": 0.05,
        "9433.T": 0.047228052488705,
        "9434.T": 0.1129937035653748,
        "0941.HK": 0.05,
        "1088.HK": 0.05
    }
}