{
    "portfolio_262": {
        "AVGO": 0.0192158503925376,
        "PEP": 0.0574980962677031,
        "TLK": 0.0988673654893118,
        "OL5.F": 0.01,
        "ULVR.L": 0.0629254255088694,
        "AD.AS": 0.0765458547826021,
        "KPN.AS": 0.1579471385086223,
        "601328.SS": 0.01,
        "601398.SS": 0.1549825529061901,
        "2914.T": 0.0753655936037132,
        "8001.T": 0.01,
        "8058.T": 0.01,
        "9434.T": 0.1549310419975006,
        "0941.HK": 0.0640959966426478,
        "6288.HK": 0.0376250839003016
    }
}