{
    "portfolio_282": {
        "TMUS": 0.05,
        "TEO": 0.05,
        "TLK": 0.0776196475711889,
        "AI.PA": 0.05,
        "ULVR.L": 0.0559983395532307,
        "AD.AS": 0.0670526463031586,
        "KPN.AS": 0.1236655027550438,
        "601138.SS": 0.0166240816202034,
        "601398.SS": 0.1562682043377056,
        "2914.T": 0.0602881437032783,
        "7974.T": 0.0278138268831156,
        "9433.T": 0.05,
        "9434.T": 0.135233705121914,
        "1088.HK": 0.05,
        "6288.HK": 0.0294359021511607
    }
}