{
    "portfolio_852": {
        "PEP": 0.0797502746083688,
        "TLK": 0.0788406790971732,
        "SHEL.L": 0.05,
        "ULVR.L": 0.0371151180676908,
        "AD.AS": 0.0570662474507611,
        "KPN.AS": 0.1365214860654968,
        "REN.AS": 0.05,
        "600519.SS": 0.0327089620169645,
        "601288.SS": 0.05,
        "601398.SS": 0.1113698375340298,
        "2914.T": 0.0469558930797796,
        "6857.T": 0.05,
        "9432.T": 0.0760116755352217,
        "9434.T": 0.0936598265445141,
        "0883.HK": 0.05
    }
}