{
    "portfolio_583": {
        "PEP": 0.0333101507981776,
        "TLK": 0.0650770626650418,
        "ADMA": 0.05,
        "AI.PA": 0.05,
        "SAF.PA": 0.05,
        "0TDD.L": 0.05,
        "ULVR.L": 0.0410715018402325,
        "AD.AS": 0.0336000083176889,
        "KPN.AS": 0.1313562061927356,
        "601398.SS": 0.1522283891690804,
        "2914.T": 0.0606457242903147,
        "9432.T": 0.0716098768379564,
        "9434.T": 0.1277902377726618,
        "0386.HK": 0.05,
        "6288.HK": 0.0333108421161098
    }
}