{
    "portfolio_114": {
        "PEP": 0.082108895697603,
        "TLK": 0.0694204403458963,
        "8GC.F": 0.05,
        "TTE.L": 0.05,
        "ULVR.L": 0.0758761041639593,
        "AD.AS": 0.0636366541641598,
        "KPN.AS": 0.1391755253349771,
        "600900.SS": 0.053113665543856,
        "601288.SS": 0.05,
        "601939.SS": 0.05,
        "2914.T": 0.0582819576466393,
        "9433.T": 0.075404153781136,
        "9434.T": 0.0978705787321395,
        "0386.HK": 0.05,
        "6288.HK": 0.0351120245896335
    }
}