{
    "portfolio_615": {
        "AVGO": 0.05,
        "TLK": 0.0689816841926187,
        "VERX": 0.05,
        "SAN.PA": 0.0282373882164679,
        "SHEL.L": 0.05,
        "ULVR.L": 0.0508193360061525,
        "AD.AS": 0.0572597653147868,
        "KPN.AS": 0.1524180841322442,
        "601398.SS": 0.1115877312985817,
        "2914.T": 0.074306274421183,
        "9433.T": 0.0714102167334297,
        "9434.T": 0.1070400350486442,
        "0883.HK": 0.05,
        "1088.HK": 0.05,
        "6288.HK": 0.027939484635891
    }
}