{
    "portfolio_569": {
        "PEP": 0.055345069501134,
        "TLK": 0.0456564162106485,
        "ADMA": 0.05,
        "BPE5.F": 0.05,
        "ULVR.L": 0.0683186710630352,
        "AD.AS": 0.0648891302662992,
        "KPN.AS": 0.1114277597206536,
        "SHELL.AS": 0.05,
        "601398.SS": 0.1101799649360258,
        "601988.SS": 0.05,
        "2914.T": 0.0554276696533561,
        "9432.T": 0.0742688538575293,
        "9434.T": 0.1225908682695716,
        "0941.HK": 0.0542048873685292,
        "6288.HK": 0.0376907091532174
    }
}