{
    "portfolio_327": {
        "TGS": 0.05,
        "TLK": 0.0510054985205337,
        "ADMA": 0.05,
        "SAF.PA": 0.05,
        "RICO.L": 0.0193537136590942,
        "TYT.L": 0.0203246575751062,
        "ULVR.L": 0.0687741374209267,
        "AD.AS": 0.0628695130214012,
        "KPN.AS": 0.1342217062667211,
        "600941.SS": 0.05,
        "601398.SS": 0.1589743211864456,
        "2914.T": 0.0470996105240181,
        "9433.T": 0.05,
        "9434.T": 0.1454554086536074,
        "6288.HK": 0.0419214331721456
    }
}