{
    "portfolio_200": {
        "PEP": 0.1045548668918596,
        "TLK": 0.0625284740357018,
        "BPE.F": 0.0341213964673357,
        "LPS1.F": 0.01,
        "WK0.F": 0.01,
        "0YXG.L": 0.01,
        "TYT.L": 0.049612806909829,
        "ULVR.L": 0.0599824067982442,
        "KPN.AS": 0.2026425812575746,
        "600519.SS": 0.0713489864371184,
        "601398.SS": 0.1442552024033418,
        "601939.SS": 0.01,
        "7974.T": 0.01,
        "9432.T": 0.1038511347510333,
        "9434.T": 0.1171021440479617
    }
}