{
    "portfolio_351": {
        "PEP": 0.1067867395593506,
        "TLK": 0.0746743246213608,
        "WK0.F": 0.01,
        "0TDD.L": 0.01,
        "SHEL.L": 0.0328163352925981,
        "AD.AS": 0.0655087023442217,
        "KPN.AS": 0.1851753550575768,
        "600028.SS": 0.01,
        "600519.SS": 0.0540457201088457,
        "601288.SS": 0.1150232985253116,
        "2914.T": 0.0830297817898618,
        "8001.T": 0.01,
        "9433.T": 0.0751348947782369,
        "9434.T": 0.1104938639539581,
        "0941.HK": 0.0573109839686777
    }
}