{
    "portfolio_215": {
        "LIN": 0.05,
        "TEO": 0.05,
        "TLK": 0.0441588742020543,
        "AXSM": 0.05,
        "RDNT": 0.05,
        "SAN.PA": 0.0275525754468049,
        "ULVR.L": 0.0594875272619939,
        "AD.AS": 0.0362969630103933,
        "KPN.AS": 0.1366623572119542,
        "601398.SS": 0.1609398631358318,
        "2914.T": 0.0507371413952933,
        "9432.T": 0.0816707086601009,
        "9434.T": 0.116007707375827,
        "1088.HK": 0.05,
        "6288.HK": 0.0364862822997462
    }
}