{
    "portfolio_987": {
        "PEP": 0.0795559039233863,
        "TLK": 0.0843857310337022,
        "ULVR.L": 0.0641616228301264,
        "AD.AS": 0.07213823357776,
        "KPN.AS": 0.119883480151272,
        "SHELL.AS": 0.05,
        "601328.SS": 0.05,
        "601398.SS": 0.0865985383533555,
        "601728.SS": 0.05,
        "2914.T": 0.0610363173326709,
        "7974.T": 0.05,
        "9433.T": 0.0600914294047688,
        "9434.T": 0.0956411796185716,
        "1288.HK": 0.05,
        "6288.HK": 0.0265075637743867
    }
}