{
    "portfolio_783": {
        "PEP": 0.0675568749865791,
        "TLK": 0.0928525182881273,
        "DG.PA": 0.05,
        "ULVR.L": 0.0372684963633634,
        "AD.AS": 0.0483437736292749,
        "KPN.AS": 0.1444408004657606,
        "REN.AS": 0.05,
        "600519.SS": 0.03590281169388,
        "601398.SS": 0.1128226793360303,
        "601939.SS": 0.05,
        "8031.T": 0.05,
        "9432.T": 0.0673019844552426,
        "9434.T": 0.1186114431044575,
        "0883.HK": 0.05,
        "6288.HK": 0.0248986176772843
    }
}