{
    "portfolio_445": {
        "PEP": 0.0615095105724212,
        "TLK": 0.0738217105186353,
        "ADMA": 0.05,
        "SAN.PA": 0.0266316900863784,
        "ULVR.L": 0.0562230960021798,
        "AD.AS": 0.059457597795808,
        "KPN.AS": 0.1465524982912303,
        "600028.SS": 0.05,
        "601398.SS": 0.1150759070381622,
        "4519.T": 0.05,
        "8058.T": 0.05,
        "9432.T": 0.0623776511330266,
        "9434.T": 0.1159966295407619,
        "0883.HK": 0.05,
        "6288.HK": 0.032353709021396
    }
}