{
    "portfolio_691": {
        "PEP": 0.0710413422061377,
        "TLK": 0.0850806958938256,
        "AXSM": 0.01,
        "0YXG.L": 0.01,
        "SHEL.L": 0.0302829715147204,
        "ULVR.L": 0.0537127338073838,
        "AD.AS": 0.0635536848957034,
        "KPN.AS": 0.1519539239315156,
        "601398.SS": 0.1700358406653694,
        "2914.T": 0.0682602472182784,
        "4519.T": 0.01,
        "9432.T": 0.069047133232275,
        "9434.T": 0.1134944072430706,
        "0941.HK": 0.0551056672801214,
        "6288.HK": 0.0384313521115982
    }
}