{
    "portfolio_617": {
        "PEP": 0.0500671312327525,
        "TMUS": 0.05,
        "TLK": 0.0850654512882717,
        "SAF.PA": 0.05,
        "ULVR.L": 0.0416687083868099,
        "AD.AS": 0.0668757410075387,
        "KPN.AS": 0.1359347969388874,
        "600519.SS": 0.0349921023417526,
        "601398.SS": 0.1624858507079452,
        "7974.T": 0.05,
        "8001.T": 0.05,
        "9433.T": 0.05,
        "9434.T": 0.1054725569792472,
        "0941.HK": 0.0400469941622951,
        "6288.HK": 0.0273906669544995
    }
}