{
    "portfolio_668": {
        "TMUS": 0.05,
        "TLK": 0.0707309381027743,
        "VERX": 0.05,
        "SHEL.L": 0.034077564416139,
        "ULVR.L": 0.0642007636034373,
        "AD.AS": 0.0619666524289554,
        "KPN.AS": 0.1517359555459908,
        "600900.SS": 0.0645666762655046,
        "601328.SS": 0.05,
        "601988.SS": 0.05,
        "2914.T": 0.0846913331289941,
        "9433.T": 0.0701990660006776,
        "9434.T": 0.112618666694008,
        "0728.HK": 0.05,
        "6288.HK": 0.0352123838135189
    }
}