{
    "portfolio_512": {
        "KT": 0.0527314814098884,
        "TGS": 0.01,
        "TLK": 0.0751474249960041,
        "OLLI": 0.01,
        "PJXC.F": 0.01,
        "0R4P.L": 0.0208741590279326,
        "ULVR.L": 0.0603107759562149,
        "AD.AS": 0.076477217231867,
        "KPN.AS": 0.1754687166361446,
        "601398.SS": 0.183449403488947,
        "2914.T": 0.0580193225708591,
        "9432.T": 0.0873249270430948,
        "9434.T": 0.1279966164611436,
        "9983.T": 0.01,
        "6288.HK": 0.0421999551779038
    }
}