{
    "portfolio_597": {
        "CRESY": 0.01,
        "PEP": 0.1204868966739542,
        "EC": 0.0495697416454381,
        "APPF": 0.0467749774019679,
        "ECX": 0.0118883287874835,
        "4AH1.F": 0.0102162531998732,
        "LFU2.F": 0.01,
        "ULVR.L": 0.1106823525113693,
        "KPN.AS": 0.093054572611223,
        "601288.SS": 0.1225934462989104,
        "601728.SS": 0.0579728787452969,
        "7974.T": 0.227877087215928,
        "9433.T": 0.1088834649085553,
        "9434.T": 0.01,
        "0941.HK": 0.01
    }
}