{
    "portfolio_669": {
        "CRESY": 0.01,
        "PEP": 0.1019884192289835,
        "TLK": 0.1006936621398086,
        "0DH.F": 0.01,
        "ULVR.L": 0.05626896580036,
        "AD.AS": 0.0764222757218578,
        "KPN.AS": 0.1535169245652042,
        "600519.SS": 0.0561175847113317,
        "601398.SS": 0.1534578692852904,
        "601988.SS": 0.01,
        "6857.T": 0.01,
        "7974.T": 0.0568438821495904,
        "9432.T": 0.120611975886885,
        "9983.T": 0.01,
        "0941.HK": 0.0740784405106885
    }
}