{
    "portfolio_169": {
        "PEP": 0.0613228097881363,
        "TLK": 0.0739051935625966,
        "VERX": 0.05,
        "TTE.PA": 0.05,
        "ULVR.L": 0.0440534942181806,
        "AD.AS": 0.0596662440125156,
        "KPN.AS": 0.1542495939135548,
        "600519.SS": 0.0343821596840027,
        "601398.SS": 0.0901361482312955,
        "601988.SS": 0.05,
        "2914.T": 0.0618618136345949,
        "9433.T": 0.0838478688211895,
        "9434.T": 0.105828560434038,
        "1088.HK": 0.05,
        "6288.HK": 0.030746113699895
    }
}