{
    "portfolio_333": {
        "PEP": 0.0519620414602203,
        "TLK": 0.052397896272673,
        "RYTM": 0.05,
        "HSBA.L": 0.05,
        "ULVR.L": 0.0374534091605678,
        "AD.AS": 0.0656400442793582,
        "KPN.AS": 0.1679267342797459,
        "600900.SS": 0.0501706138419951,
        "601288.SS": 0.05,
        "601398.SS": 0.1007526787335288,
        "2914.T": 0.0713720451728476,
        "9432.T": 0.0677140095717137,
        "9434.T": 0.1024142808396914,
        "0386.HK": 0.05,
        "6288.HK": 0.0321962463876581
    }
}