{
    "portfolio_716": {
        "PEP": 0.0682242053832854,
        "TLK": 0.0885620279293412,
        "IESC": 0.0153257095905146,
        "ULVR.L": 0.0393124748020019,
        "AD.AS": 0.0618348739409226,
        "KPN.AS": 0.1491441700403667,
        "WKL.AS": 0.05,
        "600519.SS": 0.032754143650258,
        "601398.SS": 0.1483296098541678,
        "4063.T": 0.05,
        "4519.T": 0.05,
        "9433.T": 0.0604043566351379,
        "9434.T": 0.0861084281740037,
        "0728.HK": 0.05,
        "0883.HK": 0.05
    }
}