{
    "portfolio_752": {
        "PEP": 0.0663974104636588,
        "TLK": 0.0683170010084158,
        "VERX": 0.05,
        "SHEL.L": 0.0323602517166469,
        "ULVR.L": 0.0527205329224896,
        "AD.AS": 0.0493072864989881,
        "KPN.AS": 0.1641877584162386,
        "600900.SS": 0.0678382368521305,
        "601398.SS": 0.1362940224244628,
        "2914.T": 0.05,
        "4519.T": 0.05,
        "8058.T": 0.05,
        "9433.T": 0.0595232054630994,
        "9434.T": 0.0737599149689955,
        "6288.HK": 0.0292943792648736
    }
}