{
    "portfolio_202": {
        "PEP": 0.0579869748672192,
        "TLK": 0.085916089498457,
        "PRCT": 0.01,
        "SHEL.L": 0.0333587839526943,
        "ULVR.L": 0.049801693972755,
        "AD.AS": 0.0655712815202332,
        "CCEP.AS": 0.01,
        "KPN.AS": 0.1494695784275769,
        "WKL.AS": 0.0203849303670749,
        "601398.SS": 0.1755712370624783,
        "2914.T": 0.0836418902200698,
        "8058.T": 0.01,
        "9434.T": 0.1521055099999028,
        "0941.HK": 0.0618010161583412,
        "6288.HK": 0.0343910139531973
    }
}