{
    "portfolio_623": {
        "PEP": 0.076429795417749,
        "TLK": 0.0881408390951244,
        "ADMA": 0.01,
        "AD.AS": 0.0739232616223662,
        "CCEP.AS": 0.012680499859406,
        "KPN.AS": 0.1731340505538652,
        "600519.SS": 0.0437696010409951,
        "601398.SS": 0.181643592886265,
        "2914.T": 0.0611882881127547,
        "9432.T": 0.0711074819741232,
        "9434.T": 0.1383923753842257,
        "9983.T": 0.01,
        "0728.HK": 0.0125639291709606,
        "1088.HK": 0.01,
        "6288.HK": 0.037026284882165
    }
}