{
    "portfolio_893": {
        "AVGO": 0.05,
        "PKX": 0.05,
        "TLK": 0.0749560903654069,
        "SAN.PA": 0.0371872142647256,
        "ULVR.L": 0.0498019438606366,
        "AD.AS": 0.0651313649106811,
        "KPN.AS": 0.1509790212092329,
        "601398.SS": 0.0889376155346629,
        "2914.T": 0.0551701479911757,
        "9432.T": 0.0584512476671464,
        "9434.T": 0.1423565884187048,
        "0857.HK": 0.05,
        "0883.HK": 0.05,
        "1088.HK": 0.05,
        "6288.HK": 0.0270287657776269
    }
}