{
    "portfolio_88": {
        "PEP": 0.0708912241116198,
        "TLK": 0.0987093536653761,
        "APPF": 0.0121703507588077,
        "SMMT": 0.01,
        "TTE.PA": 0.01,
        "TTE.L": 0.01,
        "ULVR.L": 0.0516257121498408,
        "AD.AS": 0.0631590002890771,
        "KPN.AS": 0.1594638857973387,
        "601398.SS": 0.1661528800824933,
        "2914.T": 0.0809193052106525,
        "8058.T": 0.01,
        "9434.T": 0.1517708626067812,
        "0941.HK": 0.0665883793017685,
        "6288.HK": 0.038549046026244
    }
}