{
    "portfolio_360": {
        "PEP": 0.0889206225120154,
        "TGS": 0.01,
        "TLK": 0.107890858106139,
        "0DH.F": 0.01,
        "TTE.L": 0.0115846039450253,
        "ULVR.L": 0.0566185438743703,
        "AD.AS": 0.0800437157694557,
        "KPN.AS": 0.1365958900144712,
        "600519.SS": 0.0538726772587568,
        "601398.SS": 0.1680776437405314,
        "601857.SS": 0.0140301263228072,
        "2914.T": 0.0674562724133218,
        "7974.T": 0.0606159862445647,
        "9433.T": 0.0941618307726065,
        "6288.HK": 0.0401312290259346
    }
}