{
    "portfolio_889": {
        "PEP": 0.0599027129601159,
        "PKX": 0.05,
        "TLK": 0.0562981077042771,
        "BPE5.F": 0.05,
        "ULVR.L": 0.0570216697571755,
        "AD.AS": 0.057758521276825,
        "KPN.AS": 0.144122918795556,
        "600900.SS": 0.0482555259500659,
        "601288.SS": 0.05,
        "601328.SS": 0.05,
        "601398.SS": 0.0769249333764134,
        "2914.T": 0.064036316592505,
        "9432.T": 0.0820366054716968,
        "9434.T": 0.1155090142473935,
        "6288.HK": 0.0381336738679758
    }
}