{
    "portfolio_834": {
        "AVGO": 0.05,
        "TLK": 0.0610749302543775,
        "LNTH": 0.05,
        "SAN.PA": 0.0332729091628772,
        "RICO.L": 0.0301724142384812,
        "ULVR.L": 0.0675323680818269,
        "AD.AS": 0.0539613235615754,
        "KPN.AS": 0.1663952374506522,
        "601288.SS": 0.0944708932449166,
        "2914.T": 0.058670531008119,
        "9433.T": 0.0587749635437693,
        "9434.T": 0.1428816708819903,
        "0857.HK": 0.05,
        "0883.HK": 0.05,
        "6288.HK": 0.0327927585714142
    }
}