{
    "portfolio_218": {
        "PEP": 0.0481772082679682,
        "BCH": 0.05,
        "TEO": 0.05,
        "TLK": 0.0461399447778012,
        "SKFA.F": 0.05,
        "0TDD.L": 0.05,
        "SHEL.L": 0.05,
        "ULVR.L": 0.045141164760136,
        "AD.AS": 0.0502174855147337,
        "KPN.AS": 0.1180431452258848,
        "600900.SS": 0.0527429133788246,
        "601398.SS": 0.1309918115190218,
        "9432.T": 0.0986823295360572,
        "9434.T": 0.1071387359314418,
        "0941.HK": 0.0527252610881304
    }
}