{
    "portfolio_838": {
        "ADMA": 0.05,
        "RYTM": 0.05,
        "0YXG.L": 0.05,
        "RICO.L": 0.0255413524751008,
        "SHEL.L": 0.0259291246492943,
        "ULVR.L": 0.0540342109622956,
        "AD.AS": 0.0639980551103764,
        "KPN.AS": 0.1632829455146035,
        "600900.SS": 0.0471198800492853,
        "601398.SS": 0.1622156308021098,
        "2914.T": 0.062758298305735,
        "7974.T": 0.05,
        "9432.T": 0.0570443975401079,
        "9434.T": 0.1038250097535259,
        "6288.HK": 0.034251094837565
    }
}