{
    "portfolio_260": {
        "PEP": 0.1012729684697658,
        "TLK": 0.0661599099050426,
        "AXSM": 0.01,
        "CS.PA": 0.01,
        "WK0.F": 0.01,
        "AZN.L": 0.012511736036796,
        "SHEL.L": 0.0294818462313887,
        "AD.AS": 0.0609931364311883,
        "KPN.AS": 0.1848737678605297,
        "600519.SS": 0.0503443113652897,
        "601398.SS": 0.1419484313597632,
        "2914.T": 0.0759989082971746,
        "9432.T": 0.0817276659965122,
        "9434.T": 0.1139117321276994,
        "0941.HK": 0.0507755859188499
    }
}