{
    "portfolio_396": {
        "PEP": 0.0465075482165359,
        "TEO": 0.05,
        "TLK": 0.035145003205452,
        "VERX": 0.05,
        "BPE5.F": 0.05,
        "ULVR.L": 0.0518493992243534,
        "AD.AS": 0.0406916269278592,
        "KPN.AS": 0.1398095496594006,
        "REN.AS": 0.05,
        "600900.SS": 0.0700829770642379,
        "601398.SS": 0.1473773709664564,
        "2914.T": 0.0581597932826657,
        "9432.T": 0.0699517815825733,
        "9434.T": 0.0904249498704657,
        "9983.T": 0.05
    }
}