{
    "portfolio_996": {
        "COST": 0.0256810327218771,
        "TLK": 0.0900750838123845,
        "0A4J.L": 0.01,
        "0K9E.L": 0.029803888137513,
        "SHEL.L": 0.0290558353729089,
        "ULVR.L": 0.0585121756606648,
        "AD.AS": 0.0693662434784189,
        "KPN.AS": 0.1490443502866194,
        "600900.SS": 0.0563951151471,
        "601398.SS": 0.1581111088823053,
        "601728.SS": 0.0133784317626034,
        "2914.T": 0.0829510659906994,
        "7974.T": 0.0271682239133498,
        "9434.T": 0.1603285726459925,
        "6288.HK": 0.0401288721875631
    }
}