{
    "portfolio_223": {
        "PEP": 0.0678563405060163,
        "BCH": 0.05,
        "TLK": 0.0782439725262464,
        "SHEL.L": 0.0223626027744216,
        "ULVR.L": 0.056045962533564,
        "AD.AS": 0.0638496525830815,
        "KPN.AS": 0.1456051694229968,
        "600519.SS": 0.0399223332455401,
        "600941.SS": 0.05,
        "601398.SS": 0.1423953382536032,
        "2914.T": 0.0392110216963766,
        "8001.T": 0.05,
        "9433.T": 0.05,
        "9434.T": 0.1128486496532054,
        "6288.HK": 0.031658956804948
    }
}