{
    "portfolio_476": {
        "PEP": 0.0441683043641736,
        "TGS": 0.05,
        "TLK": 0.0610278131970978,
        "AXSM": 0.05,
        "SAN.PA": 0.0315478712519644,
        "TYT.L": 0.05,
        "ULVR.L": 0.0792986727923552,
        "AD.AS": 0.0467691245695958,
        "KPN.AS": 0.1251756273170129,
        "601398.SS": 0.1612019170539748,
        "8058.T": 0.05,
        "9432.T": 0.0856317341484571,
        "9434.T": 0.0886593476965284,
        "0857.HK": 0.05,
        "6288.HK": 0.0265195876088396
    }
}