{
    "portfolio_379": {
        "PEP": 0.0384135659072063,
        "TLK": 0.0732969338520903,
        "APPF": 0.05,
        "AXSM": 0.05,
        "RICO.L": 0.0273045712177014,
        "TTE.L": 0.05,
        "ULVR.L": 0.0659354040475456,
        "AD.AS": 0.0526082753136471,
        "KPN.AS": 0.1562906950758407,
        "601398.SS": 0.1540732353347514,
        "4568.T": 0.05,
        "9432.T": 0.0494262366734807,
        "9434.T": 0.1000329862279441,
        "1088.HK": 0.05,
        "6288.HK": 0.0326180963497919
    }
}