{
    "portfolio_831": {
        "PEP": 0.1238606490244258,
        "EC": 0.0511111880693848,
        "APPF": 0.0460026143547226,
        "AXSM": 0.01,
        "4AH1.F": 0.0104733135581259,
        "LFU2.F": 0.01,
        "ULVR.L": 0.1085848060171044,
        "KPN.AS": 0.0977950634048192,
        "600941.SS": 0.01,
        "601288.SS": 0.1319356875330148,
        "601728.SS": 0.0507978082282952,
        "7974.T": 0.2223371730024048,
        "9433.T": 0.1071016968077022,
        "9434.T": 0.01,
        "9983.T": 0.01
    }
}