{
    "portfolio_228": {
        "PEP": 0.0837610575309447,
        "TLK": 0.0910284734860754,
        "SHEL.L": 0.05,
        "ULVR.L": 0.0461758702366939,
        "AD.AS": 0.0692957374228408,
        "KPN.AS": 0.1456077284491156,
        "600519.SS": 0.0286687708563658,
        "601398.SS": 0.0979728773465642,
        "601857.SS": 0.05,
        "2914.T": 0.05,
        "8001.T": 0.05,
        "9433.T": 0.0573985255252944,
        "9434.T": 0.1040540589545704,
        "1088.HK": 0.05,
        "6288.HK": 0.0260369001915345
    }
}