{
    "portfolio_57": {
        "PEP": 0.0950671389762429,
        "TLK": 0.1026216993916865,
        "LNTH": 0.01,
        "0DH.F": 0.01,
        "ULVR.L": 0.0605373594937446,
        "AD.AS": 0.0800887460100402,
        "KPN.AS": 0.1324148547119728,
        "SHELL.AS": 0.0340055914418207,
        "600519.SS": 0.0598766102112308,
        "601398.SS": 0.1540650709016887,
        "601939.SS": 0.031178856929861,
        "7974.T": 0.0686186988023498,
        "9433.T": 0.1145123572993511,
        "0386.HK": 0.01,
        "6288.HK": 0.037013015830011
    }
}