{
    "portfolio_159": {
        "PEP": 0.0809634081461531,
        "TLK": 0.0943471257389506,
        "RYTM": 0.01,
        "TTE.PA": 0.01,
        "2B5.F": 0.01,
        "ULVR.L": 0.048387357699586,
        "AD.AS": 0.0712581082814263,
        "KPN.AS": 0.1525656495524422,
        "601398.SS": 0.1654034138901168,
        "601988.SS": 0.01,
        "2914.T": 0.0833364004719004,
        "9433.T": 0.0534398573836301,
        "9434.T": 0.0994183465294519,
        "0941.HK": 0.0705678524273216,
        "6288.HK": 0.0403124798790209
    }
}