{
    "portfolio_426": {
        "PEP": 0.044461584024533,
        "TLK": 0.0608674654716911,
        "RYTM": 0.05,
        "BPE5.F": 0.05,
        "QF9.F": 0.0066017506410257,
        "ULVR.L": 0.0515006518505973,
        "AD.AS": 0.0766887582482326,
        "KPN.AS": 0.1522074876047581,
        "601398.SS": 0.127469755495438,
        "2914.T": 0.0633195431677675,
        "9433.T": 0.053025344270991,
        "9434.T": 0.1138576592249654,
        "0857.HK": 0.05,
        "0883.HK": 0.05,
        "1088.HK": 0.05
    }
}