{
    "portfolio_378": {
        "PEP": 0.0795553479224091,
        "TAK": 0.0325404240089972,
        "TLK": 0.0747176332458321,
        "ULVR.L": 0.052757935818793,
        "AD.AS": 0.0701195977601467,
        "KPN.AS": 0.1368166606181373,
        "SHELL.AS": 0.05,
        "600519.SS": 0.0355745774701471,
        "601088.SS": 0.05,
        "601398.SS": 0.1511792291853497,
        "8058.T": 0.05,
        "9432.T": 0.05,
        "9433.T": 0.03820484834357,
        "9434.T": 0.0785337456266174,
        "9983.T": 0.05
    }
}