{
    "portfolio_863": {
        "AVGO": 0.01,
        "KT": 0.0500798564568765,
        "TLK": 0.0723871646912046,
        "LNTH": 0.01,
        "SAF.PA": 0.01,
        "PJXC.F": 0.01,
        "ULVR.L": 0.0571024955470801,
        "AD.AS": 0.0783682638557141,
        "KPN.AS": 0.1778159620422277,
        "600519.SS": 0.0275543431675235,
        "601398.SS": 0.1769134565882192,
        "2914.T": 0.0558552729117668,
        "9432.T": 0.0847867617060772,
        "9434.T": 0.1353497553697813,
        "6288.HK": 0.043786667663529
    }
}