{
    "portfolio_610": {
        "PEP": 0.0726882886630404,
        "TLK": 0.0740874753270982,
        "IESC": 0.0197236829133843,
        "BPE5.F": 0.05,
        "ULVR.L": 0.052837054366855,
        "AD.AS": 0.0587760470140442,
        "KPN.AS": 0.1647930073468134,
        "600028.SS": 0.05,
        "600519.SS": 0.0361146196178925,
        "601288.SS": 0.05,
        "601398.SS": 0.1256835857214008,
        "7203.T": 0.05,
        "9432.T": 0.0746026327415018,
        "9434.T": 0.0706936062879696,
        "9984.T": 0.05
    }
}