,clusters,silhouette_score,inertia,method
0,6,0.03714333009178083,89.40036514406142,kmeans
