,clusters,silhouette_score,inertia,method
0,6,0.051340198589910416,62.1469122329589,kmeans
