,clusters,silhouette_score,inertia,method
0,6,0.04771029597866565,83.43290151166728,kmeans
