,clusters,silhouette_score,inertia,method
0,6,0.05345971872647874,108.00542308921288,kmeans
