{
    "portfolio_249": {
        "PEP": 0.0706009900285093,
        "TGS": 0.01,
        "TLK": 0.0925262108478284,
        "ULVR.L": 0.0475209797200941,
        "AD.AS": 0.0758955921737341,
        "KPN.AS": 0.163771794301485,
        "600519.SS": 0.0375057146284564,
        "600941.SS": 0.01,
        "601398.SS": 0.1738265271324758,
        "2914.T": 0.0712528850422262,
        "4519.T": 0.0222829701378976,
        "9434.T": 0.1674152299377889,
        "0386.HK": 0.01,
        "1088.HK": 0.01,
        "6288.HK": 0.0374011060495039
    }
}