{
    "portfolio_908": {
        "AVGO": 0.01,
        "PEP": 0.0584734685389518,
        "EC": 0.01,
        "TLK": 0.0867090958997865,
        "TTE.PA": 0.01,
        "8GC.F": 0.01,
        "0YXG.L": 0.01,
        "ULVR.L": 0.0550798031556159,
        "AD.AS": 0.0718490572768821,
        "KPN.AS": 0.1516821800389557,
        "601398.SS": 0.1689118537781377,
        "2914.T": 0.0861457844364522,
        "9434.T": 0.1665844761171319,
        "0941.HK": 0.0648656290798654,
        "6288.HK": 0.0396986516782206
    }
}