{
    "portfolio_225": {
        "PEP": 0.0765928672748364,
        "TLK": 0.0878014804113254,
        "TTE.PA": 0.01,
        "0TDD.L": 0.01,
        "SHEL.L": 0.0249849569071353,
        "ULVR.L": 0.0496577312209358,
        "AD.AS": 0.0668919420811275,
        "KPN.AS": 0.15015663035881,
        "601398.SS": 0.1680142431070523,
        "2914.T": 0.0668027156327684,
        "9432.T": 0.0669125116329375,
        "9434.T": 0.1166832560022141,
        "9983.T": 0.01,
        "0941.HK": 0.0613895078912938,
        "6288.HK": 0.0341121574795637
    }
}