{
    "portfolio_110": {
        "PEP": 0.1227438289778681,
        "EC": 0.0520404637981558,
        "ADMA": 0.01,
        "APPF": 0.0445967996840154,
        "ECX": 0.0119398953908214,
        "4AH1.F": 0.010338886643487,
        "LFU2.F": 0.01,
        "ULVR.L": 0.1082284060363481,
        "KPN.AS": 0.0939714187136323,
        "601288.SS": 0.1242662861459852,
        "601728.SS": 0.0557969097078697,
        "7974.T": 0.2278144528649086,
        "9433.T": 0.1082626520369085,
        "9434.T": 0.01,
        "0728.HK": 0.01
    }
}