{
    "portfolio_634": {
        "CRESY": 0.01,
        "PEP": 0.1014873685881992,
        "TLK": 0.095230169557924,
        "IESC": 0.01,
        "SMMT": 0.01,
        "0DH.F": 0.01,
        "BPE5.F": 0.0227604159389571,
        "ULVR.L": 0.0583524459320088,
        "AD.AS": 0.0661995362056957,
        "KPN.AS": 0.1478303726110128,
        "600519.SS": 0.0512388090571164,
        "601398.SS": 0.163651121181735,
        "7974.T": 0.0610632973445822,
        "9432.T": 0.1108509137509609,
        "0941.HK": 0.0813355498318078
    }
}