{
    "portfolio_768": {
        "PEP": 0.1009961320902524,
        "TLK": 0.0931169467764848,
        "LNTH": 0.01,
        "0DH.F": 0.01,
        "SHEL.L": 0.0390524029088,
        "ULVR.L": 0.0570724743784945,
        "AD.AS": 0.0707744386291429,
        "KPN.AS": 0.1481564916529152,
        "600028.SS": 0.01,
        "600519.SS": 0.0560664290897163,
        "601088.SS": 0.01,
        "601398.SS": 0.1716972451945882,
        "7974.T": 0.0622696931269784,
        "9432.T": 0.1200051054101109,
        "6288.HK": 0.0407926407425164
    }
}