{
    "portfolio_201": {
        "PEP": 0.0782986993567636,
        "TMUS": 0.01,
        "TLK": 0.0885929176732804,
        "DG.PA": 0.01,
        "BPE.F": 0.0119586737808985,
        "AD.AS": 0.0782536432917081,
        "KPN.AS": 0.1640869447499158,
        "600519.SS": 0.0418172601059671,
        "601398.SS": 0.1668728487856223,
        "2914.T": 0.0575827869583864,
        "4568.T": 0.01,
        "9432.T": 0.0631778244139648,
        "9434.T": 0.1278151652209932,
        "0941.HK": 0.0557374469035998,
        "6288.HK": 0.0358057887589004
    }
}