{
    "portfolio_850": {
        "LIN": 0.01,
        "PEP": 0.0704396376832074,
        "PKX": 0.01,
        "TLK": 0.08097663349142,
        "VERX": 0.01,
        "BPE.F": 0.0118289335994416,
        "AD.AS": 0.068176036265387,
        "CCEP.AS": 0.0118165833588223,
        "KPN.AS": 0.1744978727439628,
        "600519.SS": 0.0465323390840046,
        "601398.SS": 0.189485820866834,
        "2914.T": 0.0638493017960747,
        "9432.T": 0.0757649725284308,
        "9434.T": 0.1364740277450517,
        "6288.HK": 0.0401578408373629
    }
}