{
    "portfolio_769": {
        "PEP": 0.055611214019722,
        "TLK": 0.0850228917608992,
        "IESC": 0.014494122760639,
        "PRCT": 0.01,
        "SAF.PA": 0.01,
        "TTE.PA": 0.01,
        "ULVR.L": 0.0516790253340792,
        "AD.AS": 0.0707651777255594,
        "KPN.AS": 0.1643571258434155,
        "601398.SS": 0.1791915198928376,
        "2914.T": 0.0843914949162284,
        "9434.T": 0.1564356399066714,
        "9983.T": 0.01,
        "0941.HK": 0.0644275477003866,
        "6288.HK": 0.0336242401395617
    }
}