{
    "portfolio_429": {
        "CRESY": 0.01,
        "PEP": 0.0867636736862987,
        "TLK": 0.0639158411153547,
        "AXSM": 0.01,
        "SKFA.F": 0.01,
        "WK0.F": 0.01,
        "SHEL.L": 0.0311421227906374,
        "TYT.L": 0.046003301293559,
        "ULVR.L": 0.0533526851071358,
        "AD.AS": 0.0526333557296774,
        "KPN.AS": 0.1818731135216917,
        "600519.SS": 0.0547597031378072,
        "601398.SS": 0.1640244627430156,
        "9432.T": 0.1010523274420544,
        "9434.T": 0.124479413432768
    }
}