{
    "portfolio_834": {
        "AVGO": 0.01,
        "PEP": 0.0889839910484916,
        "PKX": 0.01,
        "TLK": 0.1002446143761656,
        "SAF.PA": 0.01,
        "0DH.F": 0.01,
        "AD.AS": 0.0771822933426164,
        "KPN.AS": 0.1595961275084573,
        "600519.SS": 0.0540484009480432,
        "601398.SS": 0.1614159887078623,
        "7974.T": 0.0440705468366958,
        "9432.T": 0.0860814565679046,
        "9434.T": 0.0921583381936536,
        "0941.HK": 0.0604655558851586,
        "6288.HK": 0.0357526865849512
    }
}