{
    "portfolio_528": {
        "PEP": 0.0568137120799816,
        "TLK": 0.0903429254059693,
        "APPF": 0.0105538626834199,
        "LNTH": 0.01,
        "BNP.PA": 0.01,
        "RMS.PA": 0.01,
        "ULVR.L": 0.0511624775499392,
        "AD.AS": 0.0676464790845365,
        "KPN.AS": 0.1629443263208256,
        "601398.SS": 0.1646176178770882,
        "2914.T": 0.087103110092471,
        "9434.T": 0.1678839779932122,
        "0941.HK": 0.0614864508704645,
        "3988.HK": 0.01,
        "6288.HK": 0.0394450600420921
    }
}