{
    "portfolio_655": {
        "GOOGL": 0.0428179065005426,
        "PEP": 0.1009556579660706,
        "EC": 0.0486922518751882,
        "APPF": 0.0374464516498408,
        "4AH1.F": 0.01053784010272,
        "LFU2.F": 0.01,
        "ULVR.L": 0.1056753711889985,
        "KPN.AS": 0.0943676362644372,
        "601288.SS": 0.1219073003275413,
        "601728.SS": 0.0458796608601361,
        "2914.T": 0.0410441435122096,
        "7974.T": 0.2164936827660504,
        "9433.T": 0.1041820969862648,
        "0728.HK": 0.01,
        "0883.HK": 0.01
    }
}