{
    "portfolio_245": {
        "PEP": 0.1029740235527311,
        "TAK": 0.0504315816544496,
        "TLK": 0.0843751869255788,
        "VERX": 0.01,
        "0DH.F": 0.01,
        "LPS1.F": 0.01,
        "SHEL.L": 0.0443817898517534,
        "ULVR.L": 0.0607948876284754,
        "KPN.AS": 0.1528601714950674,
        "REN.AS": 0.01,
        "600519.SS": 0.0712341937245425,
        "601288.SS": 0.1530477404109502,
        "7974.T": 0.0521274295213877,
        "9433.T": 0.1233829516564758,
        "0941.HK": 0.0643900435785879
    }
}