{
    "portfolio_983": {
        "PEP": 0.0785947057326271,
        "TLK": 0.0875308748494932,
        "DG.PA": 0.01,
        "8GC.F": 0.01,
        "AD.AS": 0.0712721355459474,
        "KPN.AS": 0.1657591286195581,
        "WKL.AS": 0.0226230878005906,
        "600519.SS": 0.0478085789483997,
        "600941.SS": 0.01,
        "601398.SS": 0.1837810374429625,
        "2914.T": 0.0611703605342855,
        "7974.T": 0.0183297221636109,
        "9432.T": 0.0672064967339125,
        "9434.T": 0.1269136754364576,
        "6288.HK": 0.0390101961921546
    }
}