{
    "portfolio_803": {
        "PEP": 0.0753939998001527,
        "TLK": 0.0795064143642219,
        "LNTH": 0.01,
        "SHEL.L": 0.0308769156684509,
        "ULVR.L": 0.0488832718366513,
        "AD.AS": 0.0648261830467448,
        "KPN.AS": 0.1582370647005547,
        "600519.SS": 0.0399284859348126,
        "601398.SS": 0.176141840154878,
        "2914.T": 0.0582135202885638,
        "8001.T": 0.01,
        "9432.T": 0.064542161622166,
        "9434.T": 0.1298180321835666,
        "0728.HK": 0.0161041417357446,
        "6288.HK": 0.0375279686634918
    }
}