{
    "portfolio_386": {
        "AVGO": 0.0113589573898715,
        "TMUS": 0.01,
        "TLK": 0.0897225867500126,
        "LNTH": 0.01,
        "RYTM": 0.01,
        "SHEL.L": 0.0287742332311225,
        "ULVR.L": 0.0587496003659973,
        "AD.AS": 0.0798563561853702,
        "KPN.AS": 0.1623751289980674,
        "601398.SS": 0.1748338557976728,
        "2914.T": 0.0884079814413602,
        "9434.T": 0.1729905464320485,
        "0941.HK": 0.0549126149003861,
        "1088.HK": 0.01,
        "6288.HK": 0.0380181385080906
    }
}