{
    "portfolio_358": {
        "PEP": 0.0813935750642405,
        "TEO": 0.01,
        "TLK": 0.088777105581531,
        "ULVR.L": 0.0475616721264753,
        "AD.AS": 0.0705197112178321,
        "KPN.AS": 0.1646802007237582,
        "600519.SS": 0.0402391524283255,
        "601398.SS": 0.1646093041064246,
        "7974.T": 0.0225370656793402,
        "8001.T": 0.01,
        "8058.T": 0.01,
        "9432.T": 0.0761856670545097,
        "9434.T": 0.1303615945821776,
        "0941.HK": 0.0493831851204336,
        "6288.HK": 0.0337517663149513
    }
}