{
    "portfolio_158": {
        "PEP": 0.1012396812953332,
        "TLK": 0.0743116635927078,
        "WK0.F": 0.01,
        "0TDD.L": 0.01,
        "SHEL.L": 0.0349686375071205,
        "AD.AS": 0.0687407987832839,
        "KPN.AS": 0.1825840261077974,
        "600519.SS": 0.0589578546804597,
        "601328.SS": 0.01,
        "601398.SS": 0.1438071794593397,
        "601857.SS": 0.01,
        "2914.T": 0.0857517758969118,
        "9433.T": 0.0762189297319022,
        "9434.T": 0.1234194529451435,
        "0728.HK": 0.01
    }
}