{
    "portfolio_621": {
        "PEP": 0.0778478961910506,
        "TLK": 0.0863127798063995,
        "ADMA": 0.01,
        "AI.PA": 0.01,
        "DG.PA": 0.01,
        "AD.AS": 0.071662396025719,
        "KPN.AS": 0.1721928476718359,
        "600519.SS": 0.0473767930133909,
        "600941.SS": 0.01,
        "601398.SS": 0.1859277879191632,
        "2914.T": 0.0595314802547842,
        "9432.T": 0.0706910247131019,
        "9434.T": 0.1405944916236058,
        "9983.T": 0.01,
        "6288.HK": 0.0378625027809489
    }
}