{
    "portfolio_648": {
        "PEP": 0.124045107029581,
        "EC": 0.0481288486131001,
        "APPF": 0.0425890637738312,
        "RYTM": 0.01,
        "4AH1.F": 0.010284403670619,
        "LFU2.F": 0.01,
        "OL5.F": 0.01,
        "ULVR.L": 0.1140530488640689,
        "KPN.AS": 0.0997879915019064,
        "600941.SS": 0.01,
        "601288.SS": 0.1387112210429796,
        "601728.SS": 0.0488545998147546,
        "7974.T": 0.2197985571017053,
        "9433.T": 0.1037471585874539,
        "1088.HK": 0.01
    }
}