{
    "portfolio_444": {
        "PEP": 0.0777903741394428,
        "TLK": 0.0906506919924326,
        "SHEL.L": 0.0306944725229554,
        "ULVR.L": 0.0450934567498779,
        "AD.AS": 0.0729305399899298,
        "KPN.AS": 0.1475972251123937,
        "600519.SS": 0.0376411795850297,
        "601398.SS": 0.1568195378836082,
        "601857.SS": 0.01,
        "2914.T": 0.0636794421905414,
        "8031.T": 0.01,
        "9433.T": 0.0603178652593576,
        "9434.T": 0.118573260195821,
        "0941.HK": 0.0453121601640766,
        "6288.HK": 0.0328997942145331
    }
}