{
    "portfolio_616": {
        "PEP": 0.0724813016216428,
        "TLK": 0.0823019476880804,
        "AXSM": 0.01,
        "RYTM": 0.01,
        "BPE.F": 0.0136586044857788,
        "ULVR.L": 0.0480859167380628,
        "AD.AS": 0.0675248126213678,
        "KPN.AS": 0.168419467878042,
        "600519.SS": 0.0460824579245588,
        "601398.SS": 0.1869228595570041,
        "601988.SS": 0.01,
        "8031.T": 0.01,
        "9432.T": 0.094798055755449,
        "9434.T": 0.1413012604363692,
        "6288.HK": 0.0384233152936442
    }
}