{
    "portfolio_641": {
        "PEP": 0.0745587914471168,
        "KT": 0.0485965075696732,
        "TLK": 0.0704065736181764,
        "IESC": 0.0108545363736649,
        "BPE5.F": 0.01,
        "LPS1.F": 0.01,
        "TTE.L": 0.01,
        "ULVR.L": 0.0583974604519057,
        "KPN.AS": 0.1877544197787638,
        "600519.SS": 0.0581701020835055,
        "601398.SS": 0.1789376650856341,
        "8058.T": 0.01,
        "9432.T": 0.099034752543437,
        "9434.T": 0.1325909237618769,
        "6288.HK": 0.0406982672862459
    }
}