{
    "portfolio_451": {
        "PEP": 0.0703913567508284,
        "TLK": 0.0808462518063368,
        "IESC": 0.0157278994347874,
        "RYTM": 0.01,
        "AD.AS": 0.0755021111645046,
        "KPN.AS": 0.1770335201757692,
        "REN.AS": 0.01,
        "600519.SS": 0.0418085988791871,
        "601398.SS": 0.1754069135962864,
        "2914.T": 0.0602110201412146,
        "8058.T": 0.01,
        "9432.T": 0.0668580486278054,
        "9434.T": 0.1179585157645431,
        "0941.HK": 0.0543065194530061,
        "6288.HK": 0.0339492442057309
    }
}