{
    "portfolio_642": {
        "PEP": 0.1250265363343474,
        "EC": 0.0523931861686961,
        "APPF": 0.046684461864453,
        "CS.PA": 0.01,
        "4AH1.F": 0.0102679129910256,
        "LFU2.F": 0.01,
        "0TDD.L": 0.01,
        "ULVR.L": 0.1056457054340053,
        "KPN.AS": 0.0937240364777208,
        "600941.SS": 0.01,
        "601088.SS": 0.01,
        "601288.SS": 0.1257384332725407,
        "601728.SS": 0.0523439897000739,
        "7974.T": 0.2265082051151376,
        "9433.T": 0.1116675326419997
    }
}