{
    "portfolio_280": {
        "PEP": 0.0757621648267412,
        "TLK": 0.0841228150461187,
        "0YXG.L": 0.01,
        "SHEL.L": 0.0293840909333314,
        "ULVR.L": 0.0469444187652788,
        "AD.AS": 0.0652435902221458,
        "KPN.AS": 0.1579620751345406,
        "600028.SS": 0.0134444458109392,
        "600519.SS": 0.040714100741551,
        "601398.SS": 0.172784008858599,
        "2914.T": 0.0590529700886296,
        "8031.T": 0.01,
        "9432.T": 0.0698585280178874,
        "9434.T": 0.1261102289183979,
        "6288.HK": 0.0386165626358393
    }
}