{
    "portfolio_428": {
        "AVGO": 0.01,
        "KT": 0.0510990503832148,
        "TLK": 0.0706231703365151,
        "LNTH": 0.01,
        "BPE5.F": 0.01,
        "PJXC.F": 0.01,
        "ULVR.L": 0.0595162054156763,
        "AD.AS": 0.080953976352951,
        "KPN.AS": 0.1755861644535096,
        "600519.SS": 0.0279174880445181,
        "601398.SS": 0.1769938538023352,
        "2914.T": 0.0536799300392437,
        "9432.T": 0.0856044931474318,
        "9434.T": 0.1347007565474038,
        "6288.HK": 0.0433249114772006
    }
}