{
    "portfolio_524": {
        "AVGO": 0.01,
        "PEP": 0.0579298592447432,
        "PKX": 0.01,
        "TEO": 0.01,
        "TLK": 0.082421014420545,
        "ADMA": 0.01,
        "ULVR.L": 0.0544059960617427,
        "AD.AS": 0.0665123960984212,
        "KPN.AS": 0.1606182786204163,
        "601398.SS": 0.1652895949607485,
        "2914.T": 0.0692545571361104,
        "9432.T": 0.0685445496608819,
        "9434.T": 0.1332033641041614,
        "0941.HK": 0.0600173883082699,
        "6288.HK": 0.0418030013839591
    }
}