{
    "portfolio_87": {
        "PEP": 0.0721605658098195,
        "TGS": 0.01,
        "TLK": 0.0841402312471761,
        "ULVR.L": 0.0497376958593342,
        "AD.AS": 0.0626617739601876,
        "KPN.AS": 0.1585907826262564,
        "UMG.AS": 0.0243914131939977,
        "600519.SS": 0.0378428621374409,
        "601398.SS": 0.1706454855400335,
        "601728.SS": 0.0155742707434278,
        "2914.T": 0.06334774374491,
        "9432.T": 0.0725501443240425,
        "9434.T": 0.1302761092250768,
        "1288.HK": 0.01,
        "6288.HK": 0.0380809215882968
    }
}