{
    "portfolio_532": {
        "PEP": 0.0795596402729878,
        "KT": 0.0497111134297412,
        "TLK": 0.071025066334216,
        "LPS1.F": 0.01,
        "SHEL.L": 0.0336722156361856,
        "KPN.AS": 0.1751304612568418,
        "UNA.AS": 0.061882389777978,
        "600519.SS": 0.0554977007742425,
        "601328.SS": 0.01,
        "601398.SS": 0.1624756418597964,
        "8031.T": 0.01,
        "9432.T": 0.0973402558663649,
        "9434.T": 0.1344449112626909,
        "0728.HK": 0.01,
        "6288.HK": 0.0392606035289547
    }
}