{
    "portfolio_561": {
        "PEP": 0.0764672728228535,
        "TLK": 0.0860497540569425,
        "0TDD.L": 0.01,
        "ULVR.L": 0.0489019424588384,
        "AD.AS": 0.0659599666178523,
        "KPN.AS": 0.1535388908408969,
        "SHELL.AS": 0.025405013718413,
        "600519.SS": 0.0417715843082879,
        "600941.SS": 0.01,
        "601398.SS": 0.1790874688563732,
        "2914.T": 0.0573387238431363,
        "8058.T": 0.01,
        "9432.T": 0.0707881188001372,
        "9434.T": 0.1267190097422439,
        "6288.HK": 0.0379722539340248
    }
}