{
    "portfolio_38": {
        "META": 0.01,
        "PEP": 0.0666953157416332,
        "TLK": 0.0870573416794422,
        "DG.PA": 0.01,
        "SHEL.L": 0.0347213943778641,
        "ULVR.L": 0.0506235799871654,
        "AD.AS": 0.0672803139202107,
        "KPN.AS": 0.1512309159504803,
        "601288.SS": 0.01,
        "601398.SS": 0.1503985719812099,
        "601988.SS": 0.01,
        "2914.T": 0.0869854911448534,
        "9434.T": 0.163771852692418,
        "0941.HK": 0.0634809102499506,
        "6288.HK": 0.0377543122747723
    }
}