{
    "portfolio_753": {
        "PEP": 0.111706238372898,
        "TLK": 0.1064906553796552,
        "0DH.F": 0.01,
        "AZN.L": 0.01,
        "SHEL.L": 0.0409164534266847,
        "AD.AS": 0.0865877426943726,
        "KPN.AS": 0.142062771788536,
        "600519.SS": 0.0633591775372561,
        "601398.SS": 0.1620956534575795,
        "601939.SS": 0.01,
        "4568.T": 0.01,
        "7974.T": 0.0573977475331044,
        "8031.T": 0.01,
        "9433.T": 0.106983085774349,
        "0941.HK": 0.0724004740355643
    }
}