{
    "portfolio_250": {
        "PEP": 0.0745130035979711,
        "BSAC": 0.01,
        "KT": 0.0452231586087914,
        "TEO": 0.01,
        "TGS": 0.01,
        "TLK": 0.0665899273514765,
        "LPS1.F": 0.01,
        "ULVR.L": 0.0584276945072092,
        "KPN.AS": 0.187509449317816,
        "600519.SS": 0.055927215505764,
        "601398.SS": 0.1769264332586883,
        "6857.T": 0.01,
        "9432.T": 0.1035021907958073,
        "9434.T": 0.1399128006058384,
        "6288.HK": 0.0414681264506376
    }
}