{
    "portfolio_313": {
        "GOOGL": 0.047062603369338,
        "PEP": 0.1055685273835265,
        "EC": 0.0434238380988577,
        "APPF": 0.0367786177868545,
        "4AH1.F": 0.0101492504138607,
        "LFU2.F": 0.01,
        "OL5.F": 0.01,
        "ULVR.L": 0.1157711395027777,
        "KPN.AS": 0.0998983082382646,
        "SHELL.AS": 0.01,
        "600941.SS": 0.01,
        "601288.SS": 0.1527166198291059,
        "7974.T": 0.2262473529560118,
        "9433.T": 0.1123837424214025,
        "0728.HK": 0.01
    }
}