{
    "portfolio_898": {
        "CRESY": 0.01,
        "KT": 0.0587880030152014,
        "TLK": 0.0803592570745052,
        "SAF.PA": 0.01,
        "OL5.F": 0.01,
        "PJXC.F": 0.01,
        "ULVR.L": 0.0731176146566749,
        "AD.AS": 0.0856779683372632,
        "KPN.AS": 0.1637236045542713,
        "601398.SS": 0.1771835463878152,
        "2914.T": 0.0610083779262523,
        "9432.T": 0.072608747583739,
        "9434.T": 0.133151986991379,
        "1088.HK": 0.01,
        "6288.HK": 0.0443808934728981
    }
}