{
    "portfolio_248": {
        "LIN": 0.01,
        "PEP": 0.0737702812166362,
        "TLK": 0.0854894945208784,
        "TTE.PA": 0.01,
        "BPE5.F": 0.01,
        "TYT.L": 0.0270423399350131,
        "ULVR.L": 0.0482415425749835,
        "AD.AS": 0.0672960422493003,
        "KPN.AS": 0.1593321365733335,
        "600519.SS": 0.0418232205748409,
        "601398.SS": 0.1689867961542633,
        "9432.T": 0.0822222722358532,
        "9434.T": 0.1315991651824804,
        "0941.HK": 0.0511725731311502,
        "6288.HK": 0.0330241356512669
    }
}