{
    "portfolio_246": {
        "PEP": 0.0705050165874111,
        "TLK": 0.0832301837661821,
        "PRCT": 0.01,
        "SHEL.L": 0.0306229296718443,
        "ULVR.L": 0.0471264126903628,
        "AD.AS": 0.0703988862670822,
        "KPN.AS": 0.1548334213343118,
        "600519.SS": 0.0411796811665943,
        "601398.SS": 0.1729621894235098,
        "601857.SS": 0.0176449807446164,
        "2914.T": 0.0645514483428029,
        "4063.T": 0.0169838559644931,
        "9433.T": 0.059860999348689,
        "9434.T": 0.1257486869521507,
        "6288.HK": 0.0343513077399495
    }
}