{
    "portfolio_721": {
        "CRESY": 0.01,
        "PEP": 0.0581969094021306,
        "TMUS": 0.01,
        "EC": 0.01,
        "TLK": 0.0898012636026958,
        "0TDD.L": 0.01,
        "ULVR.L": 0.0544418229408543,
        "AD.AS": 0.0747021931345081,
        "KPN.AS": 0.1488083617686224,
        "601398.SS": 0.1737854639307993,
        "2914.T": 0.0855016479093197,
        "6857.T": 0.01,
        "9434.T": 0.1629180247663789,
        "0941.HK": 0.0657499275736375,
        "6288.HK": 0.0360943849710532
    }
}