{
    "portfolio_980": {
        "GOOGL": 0.0411722566875383,
        "PEP": 0.1053278721777523,
        "EC": 0.0498126105292873,
        "APPF": 0.037688777974689,
        "4AH1.F": 0.01029982535379,
        "LFU2.F": 0.01,
        "0TDD.L": 0.01,
        "ULVR.L": 0.103387711913414,
        "KPN.AS": 0.0965087586144264,
        "601288.SS": 0.1305366789893514,
        "601728.SS": 0.0512472962707713,
        "7974.T": 0.218660642146791,
        "9433.T": 0.1153575693421886,
        "9983.T": 0.01,
        "0941.HK": 0.01
    }
}