{
    "portfolio_820": {
        "PEP": 0.0914387983346095,
        "TLK": 0.0691761458298112,
        "WK0.F": 0.01,
        "SHEL.L": 0.032507324148773,
        "TYT.L": 0.0361729843781349,
        "AD.AS": 0.0565035924802338,
        "CCEP.AS": 0.01,
        "KPN.AS": 0.183350340252589,
        "WKL.AS": 0.0283574305249648,
        "600519.SS": 0.0585977252927284,
        "601398.SS": 0.1571824030843854,
        "2914.T": 0.0653256454331536,
        "9432.T": 0.0736953972783077,
        "9434.T": 0.1158150318890632,
        "3988.HK": 0.0118771810732453
    }
}