{
    "portfolio_622": {
        "CRESY": 0.01,
        "PEP": 0.073427317323994,
        "EC": 0.01,
        "TLK": 0.0807936624010153,
        "TTE.L": 0.01,
        "TYT.L": 0.0292312927496884,
        "ULVR.L": 0.0556266673816133,
        "AD.AS": 0.0656229990147771,
        "KPN.AS": 0.1612965632892068,
        "600519.SS": 0.0472012949336053,
        "601288.SS": 0.01,
        "601398.SS": 0.182660194592183,
        "9432.T": 0.0863090578322309,
        "9434.T": 0.141078029768204,
        "6288.HK": 0.0367529207134817
    }
}