{
    "portfolio_216": {
        "PEP": 0.0724801925580954,
        "TGS": 0.01,
        "TLK": 0.0775504653261239,
        "IESC": 0.0154225521961591,
        "BPE5.F": 0.01,
        "ULVR.L": 0.0475287999272744,
        "AD.AS": 0.0704428309711347,
        "KPN.AS": 0.166199966801262,
        "600519.SS": 0.0422028357742492,
        "601398.SS": 0.1705213375214537,
        "8058.T": 0.01,
        "9432.T": 0.0858166954297385,
        "9434.T": 0.1334047270294912,
        "0941.HK": 0.0537840113714558,
        "6288.HK": 0.0346455850935621
    }
}