{
    "portfolio_614": {
        "PEP": 0.088011932937763,
        "TLK": 0.0862173393650983,
        "SKFA.F": 0.01,
        "SHEL.L": 0.031880660148963,
        "AD.AS": 0.0737507189819156,
        "KPN.AS": 0.1675347887040384,
        "REN.AS": 0.01,
        "600519.SS": 0.0468768589657041,
        "600941.SS": 0.01,
        "601398.SS": 0.1680318017693648,
        "8001.T": 0.01,
        "9432.T": 0.0839351478441673,
        "9434.T": 0.1362212181233477,
        "0941.HK": 0.0449713390534014,
        "6288.HK": 0.0325681941062361
    }
}