{
    "portfolio_630": {
        "PEP": 0.0672282884267274,
        "BSAC": 0.01,
        "TEO": 0.01,
        "TLK": 0.0866765993103889,
        "SHEL.L": 0.0260080917077644,
        "ULVR.L": 0.0516822831801174,
        "AD.AS": 0.0697321477873528,
        "INGA.AS": 0.01,
        "KPN.AS": 0.1481282594717634,
        "601328.SS": 0.01,
        "601398.SS": 0.1615172806545024,
        "2914.T": 0.0845471473383469,
        "9434.T": 0.1640005131934091,
        "0941.HK": 0.0620913081002877,
        "6288.HK": 0.0383880808293393
    }
}