{
    "portfolio_777": {
        "AVGO": 0.0120919798007519,
        "PEP": 0.0752357432912353,
        "TLK": 0.08998432975415,
        "SKFA.F": 0.01,
        "AD.AS": 0.0784815042387652,
        "KPN.AS": 0.175146328240256,
        "600519.SS": 0.0405055635634144,
        "601328.SS": 0.01,
        "601398.SS": 0.1579312928988863,
        "2914.T": 0.05856185276513,
        "9432.T": 0.0720788670950205,
        "9434.T": 0.1244638540986478,
        "9983.T": 0.01,
        "0941.HK": 0.0536073991568838,
        "6288.HK": 0.0319112850968589
    }
}