{
    "portfolio_871": {
        "PEP": 0.1170990297367558,
        "TLK": 0.1139367740788399,
        "0DH.F": 0.01,
        "2B5.F": 0.01,
        "AD.AS": 0.0787208228475998,
        "KPN.AS": 0.1470994290655644,
        "600028.SS": 0.01,
        "600519.SS": 0.0503879317941345,
        "601288.SS": 0.1364526257320273,
        "601988.SS": 0.01,
        "2914.T": 0.0713803813136833,
        "7974.T": 0.048219379222611,
        "9433.T": 0.0859302901957928,
        "0941.HK": 0.0746659836313043,
        "6288.HK": 0.0361073523816871
    }
}