{
    "portfolio_221": {
        "PEP": 0.0660319038303864,
        "TLK": 0.0945650148557313,
        "SMMT": 0.01,
        "8GC.F": 0.01,
        "0K9E.L": 0.0282597315307008,
        "ULVR.L": 0.0517729943042759,
        "AD.AS": 0.057344801740056,
        "KPN.AS": 0.1556652824060346,
        "600900.SS": 0.0598343384244845,
        "601398.SS": 0.146960903777648,
        "601728.SS": 0.0168229606460205,
        "601857.SS": 0.0100623003458399,
        "2914.T": 0.08792374298832,
        "9434.T": 0.1615374550783872,
        "6288.HK": 0.0432185700721146
    }
}