{
    "portfolio_752": {
        "KT": 0.0591380521097023,
        "TLK": 0.0777433048765178,
        "VERX": 0.01,
        "BPE5.F": 0.01,
        "PJXC.F": 0.01,
        "0TDD.L": 0.01,
        "ULVR.L": 0.0619952590831577,
        "AD.AS": 0.0765409430191673,
        "KPN.AS": 0.1742630346991636,
        "601328.SS": 0.01,
        "601398.SS": 0.1749601417324785,
        "2914.T": 0.0617883432145303,
        "9432.T": 0.0883351950467187,
        "9434.T": 0.129793828399915,
        "6288.HK": 0.045441897818649
    }
}