{
    "portfolio_193": {
        "PEP": 0.0706323854306338,
        "TLK": 0.1004516290481803,
        "OL5.F": 0.01,
        "0TDD.L": 0.01,
        "ULVR.L": 0.0553880858304808,
        "AD.AS": 0.0758329628544653,
        "KPN.AS": 0.1565317952968008,
        "600519.SS": 0.0366992654234677,
        "601398.SS": 0.1691751455278481,
        "2914.T": 0.069167480399587,
        "4063.T": 0.015589509852355,
        "9434.T": 0.1666418430611942,
        "0386.HK": 0.01,
        "0857.HK": 0.0193292709533845,
        "6288.HK": 0.0345606263216023
    }
}