{
    "portfolio_323": {
        "PEP": 0.1250400287573903,
        "EC": 0.0521696343423914,
        "APPF": 0.0505673277644228,
        "4AH1.F": 0.0108199199051868,
        "LFU2.F": 0.01,
        "WK0.F": 0.01,
        "ULVR.L": 0.0986527251565921,
        "KPN.AS": 0.1162947553499042,
        "601288.SS": 0.1045877485185518,
        "601728.SS": 0.0445095652088061,
        "2914.T": 0.0536323780510583,
        "6857.T": 0.01,
        "7974.T": 0.202420382211188,
        "9433.T": 0.1013055347345083,
        "0386.HK": 0.01
    }
}