{
    "portfolio_61": {
        "PEP": 0.0977110540668916,
        "TLK": 0.1099096260200013,
        "AXSM": 0.01,
        "0DH.F": 0.01,
        "2B5.F": 0.01,
        "ULVR.L": 0.0635406296153194,
        "AD.AS": 0.0705058482258425,
        "KPN.AS": 0.1167105388068678,
        "SHELL.AS": 0.0322762389004735,
        "601398.SS": 0.1652994468672254,
        "2914.T": 0.0770998215260831,
        "7974.T": 0.0492295569622114,
        "9433.T": 0.0739009301504954,
        "0941.HK": 0.0743454347154082,
        "6288.HK": 0.0394708741431804
    }
}