{
    "portfolio_303": {
        "PEP": 0.0854632182182951,
        "TLK": 0.090866894478025,
        "SHEL.L": 0.0312078355406688,
        "AD.AS": 0.080783832806737,
        "KPN.AS": 0.160055954227432,
        "600519.SS": 0.045791262092265,
        "601398.SS": 0.1831993303497432,
        "2914.T": 0.0607675689015339,
        "8031.T": 0.01,
        "9433.T": 0.0616568476247854,
        "9434.T": 0.1277776773354386,
        "9983.T": 0.01,
        "1088.HK": 0.01,
        "3988.HK": 0.01,
        "6288.HK": 0.0324295784250759
    }
}