{
    "portfolio_916": {
        "PEP": 0.0746019113531715,
        "TLK": 0.0859905510182519,
        "LNTH": 0.01,
        "AI.PA": 0.01,
        "RMS.PA": 0.01,
        "AD.AS": 0.0702633350416176,
        "KPN.AS": 0.1794232168531247,
        "600519.SS": 0.0479200193907522,
        "600941.SS": 0.01,
        "601398.SS": 0.1760902270549031,
        "601939.SS": 0.01,
        "2914.T": 0.0644003324492138,
        "9432.T": 0.0665624666791069,
        "9434.T": 0.1437653841806342,
        "6288.HK": 0.0409825559792241
    }
}