{
    "portfolio_28": {
        "PEP": 0.0853322632265488,
        "TLK": 0.0690273841166248,
        "RYTM": 0.01,
        "BPE5.F": 0.01,
        "WK0.F": 0.01,
        "TYT.L": 0.0348544853494331,
        "ULVR.L": 0.0457529378020018,
        "AD.AS": 0.060669694531533,
        "KPN.AS": 0.188715938804083,
        "600519.SS": 0.0484358759240858,
        "601398.SS": 0.1420621190926148,
        "2914.T": 0.0639351519930728,
        "9432.T": 0.0726808779595884,
        "9434.T": 0.1112379855953588,
        "0941.HK": 0.0472952856050548
    }
}