{
    "portfolio_708": {
        "PEP": 0.0588619261571906,
        "TMUS": 0.01,
        "TLK": 0.0910543897420432,
        "OLLI": 0.01,
        "SHEL.L": 0.0358377139713692,
        "ULVR.L": 0.0565094774783665,
        "AD.AS": 0.0677792359053928,
        "KPN.AS": 0.1515085297913666,
        "600941.SS": 0.01,
        "601398.SS": 0.1893692882005131,
        "601899.SS": 0.0135054738607552,
        "2914.T": 0.084200900655009,
        "7203.T": 0.01,
        "9434.T": 0.168946270671754,
        "6288.HK": 0.0424267935662397
    }
}