{
    "portfolio_380": {
        "PEP": 0.0755371092894161,
        "TGS": 0.01,
        "TLK": 0.0826082048033772,
        "ADMA": 0.01,
        "ULVR.L": 0.0474291563590009,
        "AD.AS": 0.0686848737996888,
        "KPN.AS": 0.1703144774795908,
        "600028.SS": 0.017498052039202,
        "600519.SS": 0.0473959524390248,
        "601288.SS": 0.01,
        "601398.SS": 0.1681973449795032,
        "9432.T": 0.0915966133143612,
        "9434.T": 0.1523639814086203,
        "9983.T": 0.01,
        "6288.HK": 0.0383742340882146
    }
}