{
    "portfolio_608": {
        "PEP": 0.0717953264390775,
        "PKX": 0.01,
        "TGS": 0.01,
        "TLK": 0.0818801267003267,
        "HSBA.L": 0.01,
        "ULVR.L": 0.0461391024702775,
        "AD.AS": 0.0675096043706676,
        "KPN.AS": 0.1626891086146042,
        "600519.SS": 0.0412392601815489,
        "601398.SS": 0.185473645259458,
        "2914.T": 0.0559997615414832,
        "8058.T": 0.01,
        "9432.T": 0.0746384931385546,
        "9434.T": 0.1317159969297086,
        "6288.HK": 0.040919574354293
    }
}