{
    "portfolio_471": {
        "PEP": 0.0818079203209905,
        "TLK": 0.0938276974718743,
        "ADMA": 0.01,
        "SMMT": 0.01,
        "AZN.L": 0.01,
        "SHEL.L": 0.0340063129723646,
        "AD.AS": 0.0696771303493413,
        "KPN.AS": 0.1603301610489847,
        "601398.SS": 0.1702771941059104,
        "2914.T": 0.0807010031257539,
        "8058.T": 0.01,
        "9434.T": 0.1580547813264549,
        "0941.HK": 0.0635913045608867,
        "1088.HK": 0.01,
        "6288.HK": 0.0377264947174386
    }
}