{
    "portfolio_713": {
        "PEP": 0.0780612101322867,
        "BCH": 0.01,
        "TLK": 0.0798480604573085,
        "0YXG.L": 0.01,
        "SHEL.L": 0.0283990900794127,
        "ULVR.L": 0.0466054516140386,
        "AD.AS": 0.0643032697211461,
        "KPN.AS": 0.1599342024224738,
        "600519.SS": 0.0434860955045397,
        "601398.SS": 0.1814003561061012,
        "4063.T": 0.0200917523784858,
        "9432.T": 0.0882440832650454,
        "9434.T": 0.1390814111868676,
        "0728.HK": 0.0137958994637506,
        "6288.HK": 0.0367491176685433
    }
}