{
    "portfolio_873": {
        "PEP": 0.0851265847153434,
        "TLK": 0.0579790992438056,
        "APPF": 0.0128334125061574,
        "PRCT": 0.01,
        "WK0.F": 0.01,
        "SHEL.L": 0.0355711914670042,
        "ULVR.L": 0.0441866841399457,
        "AD.AS": 0.0587790846749871,
        "KPN.AS": 0.1887684198387967,
        "600519.SS": 0.0525428299360818,
        "601398.SS": 0.1590836334751031,
        "2914.T": 0.0782944688941493,
        "6857.T": 0.01,
        "9432.T": 0.0706999224659935,
        "9434.T": 0.1261346686426321
    }
}