{
    "portfolio_617": {
        "PEP": 0.0717020507400558,
        "TMUS": 0.01,
        "TLK": 0.0819015341531747,
        "AXSM": 0.01,
        "SHEL.L": 0.0313506503135584,
        "ULVR.L": 0.0489791481541535,
        "AD.AS": 0.0647598751151274,
        "KPN.AS": 0.151541276681488,
        "600028.SS": 0.0108310762203932,
        "600519.SS": 0.0396006909455658,
        "601398.SS": 0.1784147055324061,
        "2914.T": 0.0617634768132105,
        "9432.T": 0.0755034452923256,
        "9434.T": 0.124408040930609,
        "6288.HK": 0.039244029107932
    }
}