{
    "portfolio_536": {
        "TMUS": 0.01,
        "KT": 0.0601441237783653,
        "TLK": 0.0820430146791626,
        "PJXC.F": 0.01,
        "0TDD.L": 0.01,
        "ULVR.L": 0.0603225738707651,
        "AD.AS": 0.0804837638978248,
        "KPN.AS": 0.1709276673057688,
        "601398.SS": 0.1763458256945434,
        "601988.SS": 0.01,
        "2914.T": 0.0586867519085895,
        "4519.T": 0.01,
        "9432.T": 0.0836570204086186,
        "9434.T": 0.1313308535676677,
        "6288.HK": 0.0460584048886937
    }
}