{
    "portfolio_702": {
        "PEP": 0.0826529380939717,
        "KT": 0.0499850034122918,
        "TLK": 0.0700588660789953,
        "LPS1.F": 0.01,
        "SHEL.L": 0.0330146585456962,
        "KPN.AS": 0.175176744351301,
        "UNA.AS": 0.0599767698779811,
        "600519.SS": 0.0545412898958841,
        "601398.SS": 0.1751080990487844,
        "4519.T": 0.01,
        "7974.T": 0.014434754478744,
        "9432.T": 0.0929615337848247,
        "9434.T": 0.126809669973453,
        "9983.T": 0.01,
        "6288.HK": 0.0352796724580726
    }
}