{
    "portfolio_17": {
        "PEP": 0.0562520034757901,
        "BSAC": 0.01,
        "TLK": 0.0841080393122928,
        "IESC": 0.0128149518663756,
        "OLLI": 0.01,
        "TTE.PA": 0.01,
        "SHEL.L": 0.0238260430791404,
        "ULVR.L": 0.0526383455916815,
        "AD.AS": 0.070654825569807,
        "KPN.AS": 0.1536103266693207,
        "601398.SS": 0.1705489710000388,
        "2914.T": 0.0852161181735196,
        "9434.T": 0.1585320894473936,
        "0941.HK": 0.0628324188634306,
        "6288.HK": 0.0389658669512093
    }
}