{
    "portfolio_759": {
        "PEP": 0.0863371456059199,
        "TLK": 0.0834166285546314,
        "VERX": 0.01,
        "SKFA.F": 0.01,
        "SHEL.L": 0.032930928834866,
        "AD.AS": 0.0717948524136576,
        "KPN.AS": 0.176692512533298,
        "600519.SS": 0.050572829247348,
        "601328.SS": 0.01,
        "601398.SS": 0.177106108944882,
        "8031.T": 0.01,
        "9432.T": 0.0887563183242925,
        "9434.T": 0.1466256682800638,
        "1088.HK": 0.01,
        "6288.HK": 0.0357670072610407
    }
}