{
    "portfolio_325": {
        "PEP": 0.0713964014259125,
        "TLK": 0.0874184038085147,
        "VERX": 0.01,
        "0A4J.L": 0.01,
        "ULVR.L": 0.0465039334889664,
        "AD.AS": 0.0641697175789959,
        "KPN.AS": 0.1660974959299374,
        "600519.SS": 0.0432188323646581,
        "601398.SS": 0.1769107596305668,
        "601728.SS": 0.0140292422120564,
        "2914.T": 0.0594465043566975,
        "8058.T": 0.01,
        "9432.T": 0.0731802148104348,
        "9434.T": 0.1288423631190044,
        "6288.HK": 0.038786131274255
    }
}