{
    "portfolio_156": {
        "PEP": 0.0824419779067946,
        "PKX": 0.01,
        "TLK": 0.0874311577316324,
        "DG.PA": 0.01,
        "AD.AS": 0.0750822963014958,
        "KPN.AS": 0.1717612074079476,
        "600519.SS": 0.0404766775150785,
        "601328.SS": 0.01,
        "601398.SS": 0.1614995052331855,
        "2914.T": 0.0587703984535644,
        "9432.T": 0.0709053600735183,
        "9434.T": 0.1271437866274331,
        "9983.T": 0.01,
        "0941.HK": 0.0519037983728455,
        "6288.HK": 0.0325838343765044
    }
}