{
    "portfolio_868": {
        "PEP": 0.0740548731534121,
        "TLK": 0.0911290248791318,
        "SAF.PA": 0.01,
        "0TDD.L": 0.01,
        "ULVR.L": 0.043623200010577,
        "AD.AS": 0.06477917827967,
        "KPN.AS": 0.1642338527254654,
        "600519.SS": 0.0420771881547684,
        "601328.SS": 0.01,
        "601398.SS": 0.158918812458594,
        "601857.SS": 0.0196835898134813,
        "2914.T": 0.0665012618513697,
        "9432.T": 0.0728920862129378,
        "9434.T": 0.1319964721592762,
        "6288.HK": 0.0401104603013163
    }
}