{
    "portfolio_964": {
        "PEP": 0.1237844109342788,
        "BSAC": 0.01,
        "EC": 0.0471383454248542,
        "APPF": 0.0472795733475356,
        "4AH1.F": 0.0103353945717639,
        "LFU2.F": 0.01,
        "ULVR.L": 0.1099166071827771,
        "KPN.AS": 0.0939035357526569,
        "SHELL.AS": 0.01,
        "601088.SS": 0.01,
        "601288.SS": 0.1260167398658998,
        "601728.SS": 0.0582133992130944,
        "7974.T": 0.223899967677317,
        "8058.T": 0.01,
        "9433.T": 0.1095120260298224
    }
}