{
    "portfolio_902": {
        "PEP": 0.0832342829159805,
        "TLK": 0.0761172253663696,
        "OLLI": 0.01,
        "WK0.F": 0.01,
        "TYT.L": 0.0511334237609632,
        "ULVR.L": 0.0477484092417438,
        "AD.AS": 0.0521843531759945,
        "CCEP.AS": 0.01,
        "KPN.AS": 0.1969427949870998,
        "600519.SS": 0.0587536148719727,
        "601398.SS": 0.1594684757001058,
        "601899.SS": 0.01,
        "8058.T": 0.01,
        "9432.T": 0.0902355344021387,
        "9434.T": 0.1341818855776316
    }
}