{
    "portfolio_9": {
        "PEP": 0.0730723806599012,
        "TMUS": 0.01,
        "TLK": 0.0894245254354092,
        "0YXG.L": 0.01,
        "AD.AS": 0.0742847072243599,
        "KPN.AS": 0.170334024460881,
        "REN.AS": 0.0109009980655167,
        "600519.SS": 0.0482055829576075,
        "601398.SS": 0.1764734154264868,
        "601939.SS": 0.01,
        "2914.T": 0.0647764262134776,
        "9432.T": 0.0707334973336563,
        "9434.T": 0.1355973677099852,
        "0728.HK": 0.0151785065866638,
        "6288.HK": 0.0410185679260549
    }
}