{
    "portfolio_567": {
        "PEP": 0.0820296609960257,
        "TLK": 0.0939497357025939,
        "VERX": 0.01,
        "SAF.PA": 0.01,
        "2B5.F": 0.01,
        "8GC.F": 0.01,
        "ULVR.L": 0.0502223260555213,
        "AD.AS": 0.0643762856948056,
        "KPN.AS": 0.1531794574569515,
        "601398.SS": 0.1679249948704154,
        "2914.T": 0.0841511140848444,
        "9433.T": 0.0554222061488326,
        "9434.T": 0.0983621243846501,
        "0941.HK": 0.0695598897886388,
        "6288.HK": 0.0408222048167203
    }
}