{
    "portfolio_956": {
        "PEP": 0.0700260526802552,
        "TLK": 0.0855469951062245,
        "PRCT": 0.01,
        "ULVR.L": 0.0491906759459531,
        "AD.AS": 0.067661436662888,
        "KPN.AS": 0.1709352072859237,
        "600028.SS": 0.0111178491461903,
        "600519.SS": 0.0401637933639043,
        "601328.SS": 0.01,
        "601398.SS": 0.1695608278981767,
        "601899.SS": 0.01,
        "2914.T": 0.0662173528656134,
        "9432.T": 0.0684352880484507,
        "9434.T": 0.1322449598823328,
        "6288.HK": 0.0388995611140871
    }
}