{
    "portfolio_343": {
        "PEP": 0.0597347031650199,
        "TAK": 0.0488075000338383,
        "TLK": 0.0939186670671902,
        "OL5.F": 0.01,
        "ULVR.L": 0.0618061758731485,
        "AD.AS": 0.0758628333190953,
        "KPN.AS": 0.1552293626082802,
        "600028.SS": 0.01,
        "601398.SS": 0.1572644063677046,
        "2914.T": 0.0718356737895427,
        "6857.T": 0.01,
        "8058.T": 0.01,
        "9434.T": 0.1381348983385593,
        "0941.HK": 0.0602454319831194,
        "6288.HK": 0.0371603474545014
    }
}