{
    "portfolio_142": {
        "PEP": 0.1240714183095449,
        "EC": 0.0602374408927906,
        "APPF": 0.0491958388924246,
        "ECX": 0.0143510460448257,
        "PRCT": 0.01,
        "0DH.F": 0.01,
        "LFU2.F": 0.01,
        "SKFA.F": 0.01,
        "ULVR.L": 0.1221113632024585,
        "ADYEN.AS": 0.021261474583021,
        "601288.SS": 0.1392433536923568,
        "601728.SS": 0.0777932529277637,
        "7974.T": 0.235932032017844,
        "9433.T": 0.1074596242934981
    }
}