{
    "portfolio_1": {
        "PEP": 0.0770928176769716,
        "TLK": 0.0936368846230521,
        "ULVR.L": 0.0474024863914366,
        "AD.AS": 0.068402154962365,
        "KPN.AS": 0.1675608716400122,
        "600519.SS": 0.0430476659121988,
        "600941.SS": 0.01,
        "601398.SS": 0.1629030909490932,
        "601857.SS": 0.0110428598729044,
        "2914.T": 0.0595276588232024,
        "8001.T": 0.01,
        "9432.T": 0.0679188682788836,
        "9434.T": 0.1319492246057224,
        "0883.HK": 0.01,
        "6288.HK": 0.0395154162641574
    }
}