{
    "portfolio_91": {
        "PEP": 0.0646311926454823,
        "PKX": 0.01,
        "TEO": 0.01,
        "TLK": 0.0963589530450785,
        "OL5.F": 0.01,
        "ULVR.L": 0.0620649318946318,
        "AD.AS": 0.0772398514242194,
        "KPN.AS": 0.1521664233240312,
        "601398.SS": 0.1625813245571768,
        "601728.SS": 0.01,
        "2914.T": 0.0802226808540311,
        "9434.T": 0.1640439316149574,
        "0941.HK": 0.0529247749438232,
        "1088.HK": 0.01,
        "6288.HK": 0.037765935696568
    }
}