{
    "portfolio_813": {
        "PEP": 0.0713876947255355,
        "TEO": 0.01,
        "TLK": 0.0880750214760497,
        "SAF.PA": 0.01,
        "ULVR.L": 0.0459476301325594,
        "AD.AS": 0.0676427911190309,
        "KPN.AS": 0.1597925543627958,
        "600519.SS": 0.0435261070249177,
        "600941.SS": 0.01,
        "601398.SS": 0.1814453939017022,
        "2914.T": 0.0634163223650812,
        "9432.T": 0.0508857195569389,
        "9433.T": 0.0336901446528493,
        "9434.T": 0.123499747971291,
        "6288.HK": 0.0406908727112482
    }
}