{
    "portfolio_281": {
        "AVGO": 0.0167848879084727,
        "PEP": 0.0600873270141924,
        "TLK": 0.0950121666081618,
        "BSD2.F": 0.01,
        "OL5.F": 0.01,
        "HSBA.L": 0.01,
        "ULVR.L": 0.0574135063727759,
        "AD.AS": 0.0768698990928012,
        "KPN.AS": 0.1515707086635637,
        "601398.SS": 0.1579169163396908,
        "2914.T": 0.0828428605594775,
        "9434.T": 0.1589438824716742,
        "0941.HK": 0.0630143246575213,
        "3988.HK": 0.01,
        "6288.HK": 0.0395435203116684
    }
}