{
    "portfolio_10": {
        "PEP": 0.068727851764089,
        "PKX": 0.01,
        "TLK": 0.0860871798113492,
        "AXSM": 0.01,
        "SAF.PA": 0.01,
        "ULVR.L": 0.0476287913192964,
        "AD.AS": 0.0625964553757761,
        "KPN.AS": 0.1628752634366445,
        "600519.SS": 0.039659479484129,
        "600941.SS": 0.01,
        "601398.SS": 0.1827054444152967,
        "2914.T": 0.0627770941778213,
        "9432.T": 0.0778929704513772,
        "9434.T": 0.1281201898695735,
        "6288.HK": 0.040929279894647
    }
}