{
    "portfolio_969": {
        "PEP": 0.0769147439552158,
        "TLK": 0.0913250746767083,
        "HSBA.L": 0.01,
        "ULVR.L": 0.0459447999367176,
        "AD.AS": 0.0675155155616358,
        "KPN.AS": 0.1640310648341112,
        "600519.SS": 0.040947147997492,
        "601398.SS": 0.1665571338879092,
        "2914.T": 0.0571410892509793,
        "8031.T": 0.01,
        "9432.T": 0.0677531967027585,
        "9434.T": 0.1329755180978397,
        "0728.HK": 0.01,
        "0857.HK": 0.0209436384859544,
        "6288.HK": 0.0379510766126781
    }
}