{
    "portfolio_513": {
        "PEP": 0.0776858489250806,
        "PKX": 0.01,
        "TGS": 0.01,
        "TLK": 0.0809241066756548,
        "TTE.PA": 0.01,
        "ULVR.L": 0.0460232703619836,
        "AD.AS": 0.0683755252201736,
        "KPN.AS": 0.1683535714573623,
        "600519.SS": 0.0458951779837005,
        "601398.SS": 0.1893620701433617,
        "4519.T": 0.0173777209770555,
        "8001.T": 0.01,
        "9432.T": 0.0836703835481038,
        "9434.T": 0.1432620339981158,
        "6288.HK": 0.0390702907094078
    }
}