{
    "portfolio_519": {
        "KT": 0.050132839577184,
        "TLK": 0.0718043974647298,
        "RYTM": 0.01,
        "PJXC.F": 0.01,
        "0R4P.L": 0.0189823878221914,
        "SHEL.L": 0.0217706129667517,
        "ULVR.L": 0.0606363915014375,
        "AD.AS": 0.0765905741986996,
        "KPN.AS": 0.1703294889357653,
        "601398.SS": 0.1809504109705215,
        "601728.SS": 0.0148625306514909,
        "2914.T": 0.062662643460223,
        "9432.T": 0.0854822754147805,
        "9434.T": 0.1249314930370884,
        "6288.HK": 0.0408639539991365
    }
}