{
    "portfolio_355": {
        "PEP": 0.0861554664482189,
        "TLK": 0.1021635048930561,
        "APPF": 0.0248446044960916,
        "0DH.F": 0.01,
        "ULVR.L": 0.0579139829779865,
        "AD.AS": 0.0800957492393505,
        "KPN.AS": 0.132702073173134,
        "SHELL.AS": 0.0362011164441013,
        "600519.SS": 0.0582329334681921,
        "601398.SS": 0.1833092439968646,
        "7974.T": 0.0638814302421094,
        "8031.T": 0.01,
        "9433.T": 0.1079866894284852,
        "1088.HK": 0.01,
        "6288.HK": 0.0365132051924099
    }
}