{
    "portfolio_230": {
        "PEP": 0.0619087529012032,
        "BSAC": 0.01,
        "TEO": 0.01,
        "TLK": 0.0880954192057139,
        "VERX": 0.01,
        "BPE5.F": 0.01,
        "ULVR.L": 0.0550528746528525,
        "AD.AS": 0.069191475763984,
        "KPN.AS": 0.158480607560325,
        "601288.SS": 0.0177575441277634,
        "601398.SS": 0.1511846435629239,
        "2914.T": 0.0876510829171061,
        "9434.T": 0.1656675351162779,
        "0941.HK": 0.06592846359506,
        "6288.HK": 0.0390816005967901
    }
}