{
    "portfolio_59": {
        "PEP": 0.0732391907566692,
        "TLK": 0.0856851765611138,
        "VERX": 0.01,
        "8GC.F": 0.01,
        "ULVR.L": 0.0486033357229435,
        "AD.AS": 0.0646983016561222,
        "KPN.AS": 0.1692375131999446,
        "600519.SS": 0.0440097541903898,
        "601398.SS": 0.171970803166067,
        "601988.SS": 0.01,
        "2914.T": 0.0582926093318478,
        "8031.T": 0.01,
        "9432.T": 0.0738211854667745,
        "9434.T": 0.130199176956413,
        "6288.HK": 0.0402429529917144
    }
}