{
    "portfolio_120": {
        "PEP": 0.0913809539175282,
        "TLK": 0.0954589030260225,
        "OLLI": 0.01,
        "CS.PA": 0.01,
        "0DH.F": 0.01,
        "BSD2.F": 0.01,
        "AD.AS": 0.0746121666748225,
        "KPN.AS": 0.1504291849476566,
        "SHELL.AS": 0.0269308808810268,
        "600519.SS": 0.0590005312105032,
        "601398.SS": 0.1603142998122725,
        "9432.T": 0.0923107010924896,
        "9434.T": 0.1032861139957165,
        "0941.HK": 0.0683330309414847,
        "6288.HK": 0.0379432335004771
    }
}