{
    "portfolio_210": {
        "COST": 0.0212767040847556,
        "EC": 0.01,
        "TLK": 0.0943295172024389,
        "ADMA": 0.01,
        "SKFA.F": 0.01,
        "ULVR.L": 0.0545621837372112,
        "AD.AS": 0.0707835396807995,
        "KPN.AS": 0.1590598328288868,
        "WKL.AS": 0.0244957718085197,
        "601398.SS": 0.1686401003348371,
        "2914.T": 0.0752492887867801,
        "9432.T": 0.0650351404145322,
        "9434.T": 0.1320061592999104,
        "0941.HK": 0.0655688312327556,
        "6288.HK": 0.0389929305885729
    }
}