{
    "portfolio_905": {
        "PEP": 0.0823617905658168,
        "BSAC": 0.01,
        "TLK": 0.0884260700347978,
        "DG.PA": 0.01,
        "AD.AS": 0.0737353262705559,
        "KPN.AS": 0.1753291412110323,
        "600519.SS": 0.0489461445657068,
        "601328.SS": 0.01,
        "601398.SS": 0.1538840372921533,
        "601857.SS": 0.0188213657768725,
        "601939.SS": 0.01,
        "2914.T": 0.0637461809286572,
        "9432.T": 0.0729386584224088,
        "9434.T": 0.1403792847402725,
        "6288.HK": 0.0414320001917262
    }
}