{
    "portfolio_274": {
        "PEP": 0.0752799715648605,
        "TLK": 0.0853875512107017,
        "LNTH": 0.01,
        "SAF.PA": 0.01,
        "ULVR.L": 0.045976046902204,
        "AD.AS": 0.0635017240848272,
        "KPN.AS": 0.1728875105219785,
        "600519.SS": 0.0460639696586405,
        "601398.SS": 0.1685091971870845,
        "601857.SS": 0.0158016422768964,
        "4063.T": 0.023147645525105,
        "9432.T": 0.0844220426766043,
        "9434.T": 0.1485228112513531,
        "0728.HK": 0.0127753544996939,
        "6288.HK": 0.0377245326400506
    }
}