{
    "portfolio_848": {
        "PEP": 0.0674680689041176,
        "TLK": 0.0943473455300459,
        "BPE.F": 0.01,
        "SKFA.F": 0.01,
        "BHP.L": 0.01,
        "ULVR.L": 0.0537002828767089,
        "AD.AS": 0.0740395945176696,
        "KPN.AS": 0.1486547105781179,
        "SHELL.AS": 0.0162570691004965,
        "601398.SS": 0.1582654975631339,
        "601988.SS": 0.01,
        "2914.T": 0.0835851753464762,
        "9434.T": 0.1622944705399102,
        "0941.HK": 0.064874058860329,
        "6288.HK": 0.0365137261829941
    }
}