{
    "portfolio_896": {
        "AVGO": 0.0132907135646162,
        "PEP": 0.0758681448626289,
        "TLK": 0.0993475385160606,
        "AXSM": 0.01,
        "2B5.F": 0.01,
        "OL5.F": 0.01,
        "ULVR.L": 0.0623642721161095,
        "AD.AS": 0.072914649717614,
        "KPN.AS": 0.1483363847311583,
        "601398.SS": 0.1678615226332332,
        "2914.T": 0.0833367315782171,
        "7974.T": 0.018537314271775,
        "9434.T": 0.123487513089507,
        "0941.HK": 0.0649234273200735,
        "6288.HK": 0.0397317875990066
    }
}