{
    "portfolio_415": {
        "PEP": 0.0718542851202112,
        "TLK": 0.0822058961628034,
        "APPF": 0.0117267063060502,
        "SAF.PA": 0.01,
        "8GC.F": 0.01,
        "0K9E.L": 0.0216313237076239,
        "AD.AS": 0.0711918797239261,
        "KPN.AS": 0.170769630981567,
        "600519.SS": 0.0465418369639843,
        "601398.SS": 0.1900539992857752,
        "2914.T": 0.0575396400386231,
        "6857.T": 0.01,
        "9432.T": 0.0707479866361718,
        "9434.T": 0.1357031953350826,
        "6288.HK": 0.040033619738181
    }
}