{
    "portfolio_231": {
        "PEP": 0.0595218100551181,
        "BCH": 0.01,
        "TEO": 0.01,
        "TLK": 0.091970387542029,
        "AI.PA": 0.01,
        "0YXG.L": 0.01,
        "ULVR.L": 0.052736052657607,
        "AD.AS": 0.0692653602859122,
        "KPN.AS": 0.155471483687407,
        "601398.SS": 0.1642863874989834,
        "2914.T": 0.0870442254827697,
        "9434.T": 0.167062728407946,
        "0941.HK": 0.0630213115339365,
        "3988.HK": 0.01,
        "6288.HK": 0.0396202528482911
    }
}