{
    "portfolio_39": {
        "PEP": 0.0722978918428851,
        "TGS": 0.01,
        "TLK": 0.084673441067508,
        "ULVR.L": 0.0505217050575553,
        "AD.AS": 0.0618140539007597,
        "KPN.AS": 0.1600951832185051,
        "UMG.AS": 0.023978032071964,
        "600519.SS": 0.0371417539219171,
        "600941.SS": 0.01,
        "601398.SS": 0.1743795373752159,
        "601899.SS": 0.01,
        "2914.T": 0.064367342683136,
        "9432.T": 0.0722247208683785,
        "9434.T": 0.1295650069469641,
        "6288.HK": 0.038941331045211
    }
}