{
    "portfolio_560": {
        "PEP": 0.0718421082919053,
        "TGS": 0.01,
        "TLK": 0.0914485172061191,
        "ULVR.L": 0.0537310663658686,
        "AD.AS": 0.0699885253329701,
        "KPN.AS": 0.16293934742788,
        "600028.SS": 0.01,
        "601398.SS": 0.1520882779943722,
        "601988.SS": 0.01,
        "2914.T": 0.0686049139410255,
        "4519.T": 0.012962566689934,
        "9432.T": 0.0626227904211335,
        "9434.T": 0.1235361203222702,
        "0941.HK": 0.0596186507319542,
        "6288.HK": 0.0406171152745672
    }
}