{
    "portfolio_475": {
        "PEP": 0.0722487031350926,
        "BCH": 0.01,
        "TGS": 0.01,
        "TLK": 0.0826871491358599,
        "0YXG.L": 0.01,
        "ULVR.L": 0.0496776441400253,
        "AD.AS": 0.0670926059090286,
        "KPN.AS": 0.1685800627344523,
        "600519.SS": 0.0466513684431555,
        "601398.SS": 0.1620861546875221,
        "601988.SS": 0.01,
        "9432.T": 0.0893778959583363,
        "9434.T": 0.1559885475780747,
        "0857.HK": 0.0258942840320075,
        "6288.HK": 0.0397155842464452
    }
}