{
    "portfolio_773": {
        "KT": 0.0682385301936344,
        "TLK": 0.0834491335073015,
        "LNTH": 0.01,
        "2B5.F": 0.01,
        "PJXC.F": 0.01,
        "ULVR.L": 0.0656598791860869,
        "AD.AS": 0.0798416353286162,
        "KPN.AS": 0.1668475772062304,
        "SHELL.AS": 0.0131088898139872,
        "601138.SS": 0.0141737412862843,
        "601398.SS": 0.1875060654612076,
        "2914.T": 0.0771352686688973,
        "8031.T": 0.01,
        "9434.T": 0.1600430568431401,
        "6288.HK": 0.043996222504614
    }
}