{
    "portfolio_13": {
        "PEP": 0.0814102379654678,
        "TLK": 0.0927711338141534,
        "ULVR.L": 0.0470119187208217,
        "AD.AS": 0.0685397791246869,
        "KPN.AS": 0.170746035491036,
        "600519.SS": 0.0467345134488252,
        "601288.SS": 0.01,
        "601398.SS": 0.1644956120621347,
        "601728.SS": 0.0141390825173527,
        "8031.T": 0.01,
        "9432.T": 0.0879099199405476,
        "9434.T": 0.1482912232738703,
        "0883.HK": 0.01,
        "1288.HK": 0.01,
        "6288.HK": 0.0379505436411037
    }
}