{
    "portfolio_986": {
        "PEP": 0.0594731799132564,
        "TLK": 0.091265827259808,
        "LNTH": 0.01,
        "DG.PA": 0.01,
        "BPE5.F": 0.010416741737398,
        "ULVR.L": 0.0515547172893456,
        "AD.AS": 0.0675836570253122,
        "CCEP.AS": 0.01,
        "KPN.AS": 0.156873929774489,
        "601398.SS": 0.1611055049395216,
        "601988.SS": 0.01,
        "2914.T": 0.0864531912893403,
        "9434.T": 0.1681514624801512,
        "0941.HK": 0.0684181456136395,
        "6288.HK": 0.038703642677738
    }
}