{
    "portfolio_125": {
        "PEP": 0.0781057645932001,
        "TMUS": 0.01,
        "PKX": 0.01,
        "TLK": 0.0986485126530392,
        "2B5.F": 0.01,
        "ULVR.L": 0.0501490762654397,
        "AD.AS": 0.0697087698397446,
        "KPN.AS": 0.1513455324480013,
        "601398.SS": 0.1733850538334514,
        "2914.T": 0.0767640719021524,
        "8031.T": 0.01,
        "9433.T": 0.0501251960698156,
        "9434.T": 0.1056356646108325,
        "0941.HK": 0.0651833311258085,
        "6288.HK": 0.0409490266585144
    }
}