{
    "portfolio_826": {
        "PEP": 0.0722453368403717,
        "TLK": 0.0986913346031731,
        "TYT.L": 0.0163622730601615,
        "ULVR.L": 0.0484118905074124,
        "AD.AS": 0.071761169892603,
        "KPN.AS": 0.1587374454244914,
        "600519.SS": 0.0449312054651712,
        "601398.SS": 0.1703563878117092,
        "601857.SS": 0.0138931176182885,
        "2914.T": 0.0582619554040976,
        "8058.T": 0.01,
        "9433.T": 0.061077896219065,
        "9434.T": 0.1290664986924426,
        "0883.HK": 0.01,
        "6288.HK": 0.0362034884610128
    }
}