{
    "portfolio_807": {
        "PEP": 0.0568373558189546,
        "TEO": 0.01,
        "TLK": 0.0923735447925825,
        "ADMA": 0.01,
        "OLLI": 0.01,
        "OL5.F": 0.01,
        "TTE.L": 0.01,
        "ULVR.L": 0.0637006525894726,
        "AD.AS": 0.0764927405015612,
        "KPN.AS": 0.1516649655997001,
        "601398.SS": 0.1615460922263172,
        "2914.T": 0.0787798266039548,
        "9434.T": 0.1619032561569566,
        "0941.HK": 0.0664313179110778,
        "6288.HK": 0.0402702477994224
    }
}