{
    "portfolio_988": {
        "PEP": 0.1151361089868583,
        "BCH": 0.01,
        "TGS": 0.01,
        "TLK": 0.0917346419803406,
        "0DH.F": 0.01,
        "LPS1.F": 0.01,
        "SKFA.F": 0.01,
        "SHEL.L": 0.0382765780950065,
        "ULVR.L": 0.0645021041534574,
        "KPN.AS": 0.1529333561545628,
        "600519.SS": 0.0703659255773116,
        "601288.SS": 0.1576498458184488,
        "7974.T": 0.0589855637275336,
        "9433.T": 0.1333508842928213,
        "0941.HK": 0.0670649912136592
    }
}