{
    "portfolio_265": {
        "PEP": 0.0773612356562897,
        "TLK": 0.0916825462490846,
        "VERX": 0.01,
        "BPE5.F": 0.01,
        "0TDD.L": 0.01,
        "AD.AS": 0.078202149604482,
        "KPN.AS": 0.1715987198178074,
        "600519.SS": 0.0399766412310861,
        "601398.SS": 0.1701041688319864,
        "2914.T": 0.0720463723257374,
        "4519.T": 0.0115545981363676,
        "4568.T": 0.01,
        "9434.T": 0.157210683262887,
        "0941.HK": 0.0567162526625928,
        "6288.HK": 0.0335466322216792
    }
}