{
    "portfolio_385": {
        "PEP": 0.0754799487611932,
        "TLK": 0.0897219423268509,
        "HSBA.L": 0.01,
        "TYT.L": 0.0268172796668055,
        "ULVR.L": 0.0467143414058075,
        "AD.AS": 0.0643964510651616,
        "INPST.AS": 0.01,
        "KPN.AS": 0.1678516872391926,
        "600519.SS": 0.0449578005865603,
        "601398.SS": 0.1742340854553398,
        "8001.T": 0.01,
        "9432.T": 0.0793189951872796,
        "9434.T": 0.1422188230207999,
        "0857.HK": 0.0232617842054809,
        "6288.HK": 0.0350268610795278
    }
}