{
    "portfolio_796": {
        "PEP": 0.0798032158544732,
        "TLK": 0.0895335549421369,
        "AI.PA": 0.01,
        "0YXG.L": 0.01,
        "AD.AS": 0.0723456735415718,
        "KPN.AS": 0.1747397115630187,
        "600519.SS": 0.0445562513234767,
        "601328.SS": 0.01,
        "601398.SS": 0.1740444352844561,
        "601899.SS": 0.01,
        "2914.T": 0.0660246293590486,
        "9432.T": 0.0732479671361719,
        "9434.T": 0.1350316136045509,
        "3988.HK": 0.01,
        "6288.HK": 0.0406729473910949
    }
}