{
    "portfolio_227": {
        "PEP": 0.1349696094916438,
        "EC": 0.0588383564059289,
        "TEO": 0.01,
        "APPF": 0.0573212015512444,
        "ECX": 0.0144628367259227,
        "0DH.F": 0.01,
        "LFU2.F": 0.01,
        "ULVR.L": 0.1233595453799184,
        "600028.SS": 0.01,
        "601288.SS": 0.1261579643543048,
        "601728.SS": 0.0770488491313429,
        "4063.T": 0.01,
        "7974.T": 0.24807198522931,
        "9433.T": 0.101638824580617
    }
}