{
    "portfolio_649": {
        "PEP": 0.0783099169537498,
        "TGS": 0.01,
        "TLK": 0.0879287386439034,
        "ULVR.L": 0.0484659933667087,
        "AD.AS": 0.0695088657766902,
        "KPN.AS": 0.1702307498909729,
        "600519.SS": 0.0468221340578651,
        "601398.SS": 0.1604536962235196,
        "601988.SS": 0.01,
        "8031.T": 0.01,
        "9432.T": 0.0849024740883635,
        "9434.T": 0.1529745448824607,
        "0857.HK": 0.0219712809238258,
        "3988.HK": 0.01,
        "6288.HK": 0.0384316051919403
    }
}