{
    "portfolio_718": {
        "PEP": 0.0770008546352967,
        "TLK": 0.0826251270373497,
        "RYTM": 0.01,
        "BPE5.F": 0.01,
        "SKFA.F": 0.01,
        "HSBA.L": 0.01,
        "AD.AS": 0.0783392534187549,
        "KPN.AS": 0.170181028629852,
        "600519.SS": 0.0394719070345662,
        "601398.SS": 0.1704003633404735,
        "2914.T": 0.0601719002240042,
        "9432.T": 0.072026373655498,
        "9434.T": 0.1204253092369557,
        "0941.HK": 0.0553223087939118,
        "6288.HK": 0.0340355739933373
    }
}