{
    "portfolio_114": {
        "PEP": 0.0966720285162172,
        "TLK": 0.1029064370975133,
        "AXSM": 0.01,
        "0DH.F": 0.01,
        "0K9E.L": 0.01,
        "TTE.L": 0.013385444546422,
        "ULVR.L": 0.0580047248459393,
        "AD.AS": 0.0694362266007603,
        "KPN.AS": 0.1529158280726408,
        "600519.SS": 0.0565818915927479,
        "601328.SS": 0.01,
        "601398.SS": 0.1791391508487833,
        "7974.T": 0.0607283337925947,
        "9432.T": 0.1273526620194182,
        "6288.HK": 0.0428772720669631
    }
}