{
    "portfolio_312": {
        "PEP": 0.0760040386193971,
        "TLK": 0.0873922838872976,
        "ADMA": 0.01,
        "0YXG.L": 0.01,
        "AD.AS": 0.0756980972519513,
        "KPN.AS": 0.1749554985470004,
        "600519.SS": 0.0449467725039803,
        "601398.SS": 0.1700991302129815,
        "601988.SS": 0.01,
        "2914.T": 0.0634071487107908,
        "9432.T": 0.0719182991266751,
        "9434.T": 0.1410150725175483,
        "0728.HK": 0.0126602629844124,
        "1088.HK": 0.01,
        "6288.HK": 0.0419033956379649
    }
}