{
    "portfolio_460": {
        "AVGO": 0.01,
        "PEP": 0.1299267640471597,
        "EC": 0.0494120594972491,
        "APPF": 0.0405577143524828,
        "RYTM": 0.01,
        "2B5.F": 0.01,
        "4AH1.F": 0.0125283897620579,
        "LFU2.F": 0.01,
        "ULVR.L": 0.1024721876896215,
        "KPN.AS": 0.0983898526694345,
        "601288.SS": 0.1368476055475364,
        "601728.SS": 0.061041076328627,
        "7974.T": 0.2151808886808627,
        "9433.T": 0.1036434614249682,
        "0941.HK": 0.01
    }
}