{
    "portfolio_706": {
        "PEP": 0.0835384081603475,
        "TGS": 0.01,
        "TLK": 0.0991838644553736,
        "2B5.F": 0.01,
        "OL5.F": 0.01,
        "ULVR.L": 0.0617499065682886,
        "AD.AS": 0.0755012520327875,
        "KPN.AS": 0.1491399079952736,
        "601398.SS": 0.1634309990798596,
        "2914.T": 0.0834481374924819,
        "9434.T": 0.1354871043590623,
        "0728.HK": 0.01,
        "0857.HK": 0.01,
        "0941.HK": 0.0579501645482702,
        "6288.HK": 0.0405702553082552
    }
}