{
    "portfolio_98": {
        "PEP": 0.1220645950901539,
        "TLK": 0.078848287746639,
        "2B5.F": 0.01,
        "OL5.F": 0.01,
        "WK0.F": 0.01,
        "SHEL.L": 0.0325124384236388,
        "ULVR.L": 0.0529935011142356,
        "AD.AS": 0.0655472053769671,
        "KPN.AS": 0.1649097657748727,
        "600519.SS": 0.0425943454657594,
        "601288.SS": 0.1330557537934594,
        "2914.T": 0.1000605917266436,
        "7974.T": 0.0103140220197868,
        "9433.T": 0.0965366568603883,
        "0941.HK": 0.0705628366074553
    }
}