{
    "portfolio_26": {
        "KT": 0.0582717026617203,
        "TEO": 0.01,
        "TLK": 0.0794555573493045,
        "SAF.PA": 0.01,
        "PJXC.F": 0.01,
        "ULVR.L": 0.0631771218452221,
        "AD.AS": 0.0795098294469541,
        "KPN.AS": 0.1724816153749471,
        "601398.SS": 0.1702194425595752,
        "601939.SS": 0.01,
        "2914.T": 0.0598547140830606,
        "9432.T": 0.0848508039777137,
        "9434.T": 0.1358731523349926,
        "0386.HK": 0.01,
        "6288.HK": 0.0463060603665096
    }
}