{
    "portfolio_679": {
        "BCH": 0.01,
        "KT": 0.0618856503490371,
        "TLK": 0.0842881908395076,
        "OL5.F": 0.01,
        "PJXC.F": 0.01,
        "ULVR.L": 0.0729717899115807,
        "AD.AS": 0.0861531213707022,
        "KPN.AS": 0.166292581935713,
        "601398.SS": 0.1658611529863419,
        "601857.SS": 0.01,
        "2914.T": 0.0587738233327714,
        "9432.T": 0.0731440390286244,
        "9434.T": 0.1349779378670413,
        "0728.HK": 0.01,
        "6288.HK": 0.0456517123786803
    }
}