{
    "portfolio_674": {
        "PEP": 0.0801109458720356,
        "TLK": 0.0932184478453304,
        "ULVR.L": 0.0466596421036068,
        "AD.AS": 0.0685016196039717,
        "KPN.AS": 0.1723133382249403,
        "600519.SS": 0.0470367404509307,
        "601288.SS": 0.01,
        "601328.SS": 0.01,
        "601398.SS": 0.1542660611415622,
        "8058.T": 0.01,
        "9432.T": 0.0854288069486387,
        "9434.T": 0.1542057210084503,
        "0857.HK": 0.0205671056399594,
        "1088.HK": 0.01,
        "6288.HK": 0.0376915711605736
    }
}