{
    "portfolio_378": {
        "PEP": 0.0594862892583936,
        "TLK": 0.08316379343115,
        "LNTH": 0.01,
        "RYTM": 0.01,
        "SAF.PA": 0.01,
        "ULVR.L": 0.0543980498039259,
        "AD.AS": 0.0688434099862422,
        "KPN.AS": 0.1549691858666106,
        "SHELL.AS": 0.0218181807393176,
        "601398.SS": 0.1714739567525652,
        "601899.SS": 0.01,
        "2914.T": 0.0883290380101788,
        "9434.T": 0.1608011774539487,
        "0941.HK": 0.0599834667778338,
        "6288.HK": 0.0367334519198338
    }
}