{
    "portfolio_782": {
        "PEP": 0.0779483876243603,
        "KT": 0.0498769443713029,
        "TGS": 0.01,
        "TLK": 0.0747536422473885,
        "LPS1.F": 0.01,
        "ULVR.L": 0.0572524650618931,
        "KPN.AS": 0.1904338047190749,
        "600519.SS": 0.0559593395289894,
        "601398.SS": 0.1733421115412853,
        "8001.T": 0.01,
        "9432.T": 0.0971153887527348,
        "9434.T": 0.1358717802531118,
        "9983.T": 0.01,
        "0883.HK": 0.01,
        "6288.HK": 0.0374461358998589
    }
}