{
    "portfolio_126": {
        "PEP": 0.0914811855834438,
        "PKX": 0.01,
        "TLK": 0.0725681456745153,
        "CS.PA": 0.01,
        "WK0.F": 0.01,
        "TYT.L": 0.0455529958256936,
        "ULVR.L": 0.0466152150978046,
        "AD.AS": 0.0536967296101212,
        "KPN.AS": 0.1946176837597714,
        "600519.SS": 0.0592808067393829,
        "601398.SS": 0.1629280496462629,
        "8058.T": 0.01,
        "9432.T": 0.0917039371217765,
        "9434.T": 0.1315552509412278,
        "9983.T": 0.01
    }
}