{
    "portfolio_546": {
        "PEP": 0.0573082733479213,
        "PKX": 0.01,
        "TEO": 0.01,
        "TLK": 0.0843936938770084,
        "RYTM": 0.01,
        "AI.PA": 0.01,
        "BPE5.F": 0.01,
        "ULVR.L": 0.0513864488215754,
        "AD.AS": 0.0706948346322693,
        "KPN.AS": 0.1570772292441106,
        "601398.SS": 0.1763188421105802,
        "2914.T": 0.0862518928455386,
        "9434.T": 0.1653404918854237,
        "0941.HK": 0.0637641472687675,
        "6288.HK": 0.0374641459668049
    }
}