{
    "portfolio_940": {
        "PEP": 0.0895759940561447,
        "KT": 0.058605694538303,
        "TLK": 0.0860629417231961,
        "2B5.F": 0.01,
        "LPS1.F": 0.01,
        "KPN.AS": 0.1741661738550379,
        "UNA.AS": 0.0583173568824898,
        "600519.SS": 0.0564905844646977,
        "601398.SS": 0.1751746990332799,
        "601857.SS": 0.01,
        "7974.T": 0.020865891391174,
        "9433.T": 0.0884533175358887,
        "9434.T": 0.1138208532489958,
        "9983.T": 0.01,
        "6288.HK": 0.0384664932707921
    }
}