{
    "portfolio_499": {
        "PEP": 0.0826130128889465,
        "TMUS": 0.01,
        "TLK": 0.0815619844350281,
        "BPE5.F": 0.01,
        "SHEL.L": 0.0243008595969941,
        "AD.AS": 0.076572226165281,
        "KPN.AS": 0.1616352570105799,
        "600519.SS": 0.0463324610493843,
        "601398.SS": 0.1842082995415641,
        "601728.SS": 0.01,
        "2914.T": 0.0607429069045214,
        "9432.T": 0.0699447282514093,
        "9434.T": 0.1333616871373387,
        "0728.HK": 0.01,
        "6288.HK": 0.0387265770189524
    }
}