{
    "portfolio_165": {
        "PEP": 0.0686799962231791,
        "TGS": 0.01,
        "TLK": 0.0944433462299814,
        "OL5.F": 0.01,
        "ULVR.L": 0.0584250978396107,
        "AD.AS": 0.0791009858519226,
        "KPN.AS": 0.1557392585305416,
        "600519.SS": 0.0384593207759667,
        "600941.SS": 0.01,
        "601328.SS": 0.01,
        "601398.SS": 0.1701171332864872,
        "2914.T": 0.0747651107367484,
        "9434.T": 0.1708589174003652,
        "0728.HK": 0.01,
        "6288.HK": 0.0394108331251967
    }
}