{
    "portfolio_423": {
        "PEP": 0.0761398501215979,
        "PKX": 0.01,
        "TLK": 0.0868368865140206,
        "APPF": 0.01,
        "DG.PA": 0.01,
        "AD.AS": 0.0752789667913813,
        "KPN.AS": 0.169492209039925,
        "600519.SS": 0.0425229550299412,
        "601398.SS": 0.1685860114049599,
        "2914.T": 0.0614895102679963,
        "9432.T": 0.0504398900560879,
        "9433.T": 0.028385766696441,
        "9434.T": 0.1222203423334027,
        "0941.HK": 0.0523605225519924,
        "6288.HK": 0.0362470891922538
    }
}