{
    "portfolio_447": {
        "PEP": 0.0919258627529087,
        "TLK": 0.0986977922676231,
        "APPF": 0.0249094857764387,
        "0DH.F": 0.01,
        "SHEL.L": 0.0410584827108781,
        "AD.AS": 0.0859648288452948,
        "KPN.AS": 0.1409509394064437,
        "600519.SS": 0.05587677634566,
        "601398.SS": 0.178197907013534,
        "2914.T": 0.0693762394652352,
        "7974.T": 0.0555720193116687,
        "9433.T": 0.0900129185638422,
        "1088.HK": 0.01,
        "3988.HK": 0.01,
        "6288.HK": 0.0374567475404725
    }
}