{
    "portfolio_911": {
        "PEP": 0.0858624470174838,
        "TLK": 0.098678557979123,
        "TTE.PA": 0.01,
        "2B5.F": 0.01,
        "ULVR.L": 0.0471540772107601,
        "AD.AS": 0.0677104650519416,
        "KPN.AS": 0.1529953511404108,
        "REN.AS": 0.01,
        "601288.SS": 0.0262597799445109,
        "601398.SS": 0.1497195817866275,
        "2914.T": 0.0847504429941645,
        "4519.T": 0.023050256958117,
        "9434.T": 0.1269530719694785,
        "0941.HK": 0.067454480250228,
        "6288.HK": 0.0394114876971542
    }
}