{
    "portfolio_904": {
        "PEP": 0.1031582512675105,
        "TLK": 0.105300230519226,
        "DG.PA": 0.01,
        "0DH.F": 0.01,
        "SHEL.L": 0.039877805682343,
        "ULVR.L": 0.0515399849988492,
        "AD.AS": 0.0764370519366433,
        "KPN.AS": 0.129677409144624,
        "600519.SS": 0.0573517303060367,
        "601398.SS": 0.163824950712251,
        "7974.T": 0.0593898142029141,
        "8001.T": 0.01,
        "8031.T": 0.01,
        "9433.T": 0.1043756238324593,
        "0941.HK": 0.0690671473971428
    }
}