{
    "portfolio_469": {
        "PEP": 0.0866741346349048,
        "TLK": 0.0931711304395052,
        "AD.AS": 0.0775229155980462,
        "KPN.AS": 0.1780410408761599,
        "600028.SS": 0.01,
        "600519.SS": 0.0456870187382024,
        "601398.SS": 0.1626116735767436,
        "601857.SS": 0.01,
        "2914.T": 0.0596339581601434,
        "4519.T": 0.0207267977367641,
        "9432.T": 0.0645504512028229,
        "9434.T": 0.1327655589873342,
        "1088.HK": 0.01,
        "1288.HK": 0.01,
        "6288.HK": 0.0386153200493733
    }
}