{
    "portfolio_985": {
        "KT": 0.0542330552221092,
        "TEO": 0.01,
        "TLK": 0.0826364070758023,
        "PJXC.F": 0.01,
        "SKFA.F": 0.01,
        "ULVR.L": 0.0600043168986355,
        "AD.AS": 0.0836814030331559,
        "KPN.AS": 0.172814708017994,
        "601398.SS": 0.1694114979486488,
        "2914.T": 0.0558450129768265,
        "9432.T": 0.085851599837151,
        "9434.T": 0.1317678518985612,
        "0941.HK": 0.0212671391095007,
        "1088.HK": 0.01,
        "6288.HK": 0.042487007981615
    }
}