{
    "portfolio_847": {
        "PEP": 0.0990911348145394,
        "TEO": 0.01,
        "TLK": 0.1028317409678369,
        "0DH.F": 0.01,
        "SHEL.L": 0.0367221124632145,
        "ULVR.L": 0.055787388586941,
        "AD.AS": 0.0798015601465348,
        "KPN.AS": 0.1296936152623748,
        "600519.SS": 0.0562291770244156,
        "601398.SS": 0.1799964388649388,
        "7974.T": 0.0698508679078349,
        "9433.T": 0.1121684528138775,
        "0728.HK": 0.0122250330570007,
        "0857.HK": 0.01,
        "6288.HK": 0.0356024780904911
    }
}