{
    "portfolio_398": {
        "PEP": 0.1210904779370855,
        "EC": 0.0475009774757446,
        "APPF": 0.0415254288278726,
        "AXSM": 0.01,
        "RYTM": 0.01,
        "4AH1.F": 0.0102840041454144,
        "BSD2.F": 0.01,
        "LFU2.F": 0.01,
        "ULVR.L": 0.1052060291588679,
        "KPN.AS": 0.0987771565556885,
        "601288.SS": 0.1378674668643468,
        "601728.SS": 0.0574116945576945,
        "7974.T": 0.2189376444165094,
        "9433.T": 0.1113991200607758,
        "9983.T": 0.01
    }
}