{
    "portfolio_41": {
        "TMUS": 0.01,
        "KT": 0.0523896470756816,
        "TLK": 0.0762956171969481,
        "ADMA": 0.01,
        "PJXC.F": 0.01,
        "0YXG.L": 0.01,
        "ULVR.L": 0.0618551903221887,
        "AD.AS": 0.0800824976238176,
        "KPN.AS": 0.1699300078597014,
        "601398.SS": 0.1773146097360039,
        "2914.T": 0.0600647149045996,
        "9432.T": 0.0875138112010713,
        "9434.T": 0.1364716396022341,
        "3988.HK": 0.01,
        "6288.HK": 0.0480822644777532
    }
}