{
    "portfolio_703": {
        "KT": 0.0593758263282029,
        "TGS": 0.01,
        "TLK": 0.0792217789996125,
        "PJXC.F": 0.01,
        "ULVR.L": 0.0620029599710455,
        "AD.AS": 0.081162148012921,
        "KPN.AS": 0.1722941372136934,
        "WKL.AS": 0.0107189423328768,
        "601398.SS": 0.1840562590938039,
        "2914.T": 0.0523832664808074,
        "6857.T": 0.01,
        "8031.T": 0.01,
        "9432.T": 0.0862237386180228,
        "9434.T": 0.1277433091845236,
        "6288.HK": 0.0448176337644899
    }
}