{
    "portfolio_830": {
        "PEP": 0.0820479687646964,
        "TLK": 0.0823524401728045,
        "AXSM": 0.01,
        "SHEL.L": 0.0315715030817409,
        "ULVR.L": 0.049112514513416,
        "AD.AS": 0.0633074660176336,
        "KPN.AS": 0.1587266489785868,
        "600519.SS": 0.0441263126495605,
        "601288.SS": 0.01,
        "601398.SS": 0.17709685456445,
        "8058.T": 0.01,
        "9432.T": 0.0932220085354634,
        "9434.T": 0.1376560920582866,
        "0728.HK": 0.0133978781617507,
        "6288.HK": 0.0373823125016108
    }
}