{
    "portfolio_147": {
        "PEP": 0.0681208202564093,
        "TEO": 0.01,
        "TLK": 0.091413402206709,
        "CS.PA": 0.01,
        "ULVR.L": 0.0516237566993128,
        "AD.AS": 0.0634702922727991,
        "KPN.AS": 0.1570918370665352,
        "REN.AS": 0.01,
        "601138.SS": 0.0103767736868106,
        "601398.SS": 0.1671166689970398,
        "2914.T": 0.0723868088132977,
        "9432.T": 0.0647210009012545,
        "9434.T": 0.1256886058455761,
        "0941.HK": 0.0594462261409591,
        "6288.HK": 0.0385438071132965
    }
}