{
    "portfolio_919": {
        "CRESY": 0.01,
        "PEP": 0.073220195081816,
        "TLK": 0.0781031911301884,
        "ADMA": 0.01,
        "ULVR.L": 0.0547997197732,
        "AD.AS": 0.06750256926928,
        "KPN.AS": 0.1583685582340656,
        "SHELL.AS": 0.0227755791964231,
        "600519.SS": 0.0441789674955368,
        "601398.SS": 0.1840898675863761,
        "8031.T": 0.01,
        "9432.T": 0.0897714578995879,
        "9434.T": 0.1484114983114952,
        "0883.HK": 0.01,
        "6288.HK": 0.0387783960220307
    }
}