{
    "portfolio_580": {
        "PEP": 0.0649650781935306,
        "TLK": 0.0841211789148699,
        "RYTM": 0.01,
        "TTE.L": 0.01,
        "ULVR.L": 0.0551995246580497,
        "AD.AS": 0.0704664566467784,
        "KPN.AS": 0.1550668336200711,
        "SHELL.AS": 0.0195226409361047,
        "600900.SS": 0.0573531832727196,
        "601398.SS": 0.1632139687354371,
        "2914.T": 0.0901399401325409,
        "9434.T": 0.1569826088425864,
        "9983.T": 0.01,
        "0728.HK": 0.0147806212802272,
        "6288.HK": 0.0381879647670845
    }
}