{
    "portfolio_838": {
        "AVGO": 0.01,
        "CRESY": 0.01,
        "PEP": 0.0696382507293654,
        "KT": 0.0457144160660253,
        "TLK": 0.07122617015711,
        "LPS1.F": 0.01,
        "ULVR.L": 0.0598095031731255,
        "KPN.AS": 0.1899138868738374,
        "600519.SS": 0.0570793037194513,
        "601288.SS": 0.0293583725504545,
        "601398.SS": 0.1472095856876845,
        "9432.T": 0.1044676650777661,
        "9434.T": 0.143577420526274,
        "3988.HK": 0.01,
        "6288.HK": 0.0420054254389058
    }
}