{
    "portfolio_295": {
        "PEP": 0.0559173544198858,
        "BCH": 0.01,
        "TLK": 0.0844131209393591,
        "ADMA": 0.01,
        "OLLI": 0.01,
        "8GC.F": 0.01,
        "ULVR.L": 0.0582039330699612,
        "AD.AS": 0.0707320193932124,
        "KPN.AS": 0.1485909556715726,
        "SHELL.AS": 0.0214551131101473,
        "601398.SS": 0.1664374948924611,
        "2914.T": 0.0837168122037043,
        "9434.T": 0.1679195319528988,
        "0941.HK": 0.0617007529601252,
        "6288.HK": 0.0409129113866723
    }
}