{
    "portfolio_196": {
        "PEP": 0.061925215117384,
        "TLK": 0.102221259878093,
        "OL5.F": 0.01,
        "SKFA.F": 0.01,
        "0YXG.L": 0.0131574163750529,
        "ULVR.L": 0.0597295100648254,
        "AD.AS": 0.0766606597266616,
        "KPN.AS": 0.1547193796594097,
        "601398.SS": 0.1619654123551754,
        "601728.SS": 0.01,
        "2914.T": 0.0775141563484333,
        "8001.T": 0.01,
        "9434.T": 0.1551707716738212,
        "0941.HK": 0.0607965785208208,
        "6288.HK": 0.0361396402803226
    }
}