{
    "portfolio_501": {
        "PEP": 0.0781829151245128,
        "TLK": 0.0893306871447794,
        "BPE5.F": 0.01,
        "ULVR.L": 0.0453082627294455,
        "AD.AS": 0.0718593330867241,
        "KPN.AS": 0.1598272904406556,
        "600519.SS": 0.0364806052422221,
        "601398.SS": 0.1622746147036804,
        "2914.T": 0.0599571662201656,
        "9432.T": 0.069035583679606,
        "9434.T": 0.1195236925383655,
        "9983.T": 0.01,
        "0883.HK": 0.01,
        "0941.HK": 0.0460036121115223,
        "6288.HK": 0.0322162369783204
    }
}