{
    "portfolio_187": {
        "PEP": 0.0686803448868772,
        "TLK": 0.1003705177124394,
        "AI.PA": 0.01,
        "DG.PA": 0.01,
        "OL5.F": 0.01,
        "ULVR.L": 0.0578121682689348,
        "AD.AS": 0.0737211589439761,
        "KPN.AS": 0.1518047140837512,
        "601398.SS": 0.16614038195424,
        "2914.T": 0.0785785280588159,
        "4519.T": 0.0159470449952448,
        "9434.T": 0.1522405679580788,
        "0728.HK": 0.01,
        "0941.HK": 0.0580980936001899,
        "6288.HK": 0.0366064795374516
    }
}