{
    "portfolio_780": {
        "PEP": 0.077181364213074,
        "TLK": 0.0888851464506803,
        "BPE.F": 0.0149330720586902,
        "ULVR.L": 0.0463994583950576,
        "AD.AS": 0.0720705572150569,
        "KPN.AS": 0.1566224237664403,
        "600519.SS": 0.0363152855492121,
        "601328.SS": 0.01,
        "601398.SS": 0.1440080015280161,
        "601939.SS": 0.01,
        "2914.T": 0.0637303570888382,
        "9432.T": 0.0693970644768459,
        "9434.T": 0.1222463853614912,
        "0941.HK": 0.052551632050868,
        "6288.HK": 0.0356592518457291
    }
}