{
    "portfolio_6": {
        "PEP": 0.0711308832608579,
        "TMUS": 0.01,
        "KT": 0.0504232978560382,
        "TLK": 0.0776953761223561,
        "AI.PA": 0.01,
        "LPS1.F": 0.01,
        "ULVR.L": 0.0550989441311756,
        "KPN.AS": 0.1870592139176956,
        "600519.SS": 0.058773305614892,
        "601398.SS": 0.1631022626633723,
        "601988.SS": 0.01,
        "9432.T": 0.0998808362585782,
        "9434.T": 0.1450436647556069,
        "0386.HK": 0.01,
        "6288.HK": 0.0417922154194271
    }
}