{
    "portfolio_21": {
        "PEP": 0.0762560254244095,
        "TLK": 0.0793038944539967,
        "LNTH": 0.01,
        "SHEL.L": 0.0299435961089839,
        "ULVR.L": 0.046335428915638,
        "AD.AS": 0.0676221229767756,
        "KPN.AS": 0.1561248239060224,
        "600519.SS": 0.034719956825153,
        "601398.SS": 0.160821951217239,
        "2914.T": 0.0598591284380901,
        "4519.T": 0.01,
        "9432.T": 0.0615619490383886,
        "9434.T": 0.1214457902192382,
        "0941.HK": 0.0518131319568106,
        "6288.HK": 0.0341922005192542
    }
}