{
    "portfolio_263": {
        "AVGO": 0.01,
        "PEP": 0.1193620296428308,
        "BCH": 0.01,
        "EC": 0.0498730393536811,
        "APPF": 0.0447791612604889,
        "4AH1.F": 0.0103440867129393,
        "LFU2.F": 0.01,
        "ULVR.L": 0.1089157228828154,
        "KPN.AS": 0.09940226292978,
        "601288.SS": 0.1201549676417312,
        "601328.SS": 0.01,
        "601728.SS": 0.0574223376143298,
        "7974.T": 0.2264499835765286,
        "9433.T": 0.1132964083848748,
        "1088.HK": 0.01
    }
}