{
    "portfolio_531": {
        "COST": 0.01,
        "PEP": 0.0706809510376925,
        "PKX": 0.01,
        "TLK": 0.0833167005750708,
        "BPE5.F": 0.01,
        "ULVR.L": 0.0460270664169484,
        "AD.AS": 0.0657930118348339,
        "KPN.AS": 0.170085843327899,
        "600519.SS": 0.0470374025543359,
        "601398.SS": 0.1807965789704204,
        "601939.SS": 0.01,
        "4063.T": 0.0213297078913556,
        "9432.T": 0.0910563082233684,
        "9434.T": 0.1453259589981499,
        "6288.HK": 0.0385498372644565
    }
}