{
    "portfolio_521": {
        "PEP": 0.1046728937945038,
        "EC": 0.0399287096326959,
        "APPF": 0.0430599305631624,
        "RYTM": 0.01,
        "4AH1.F": 0.0104547256271667,
        "LFU2.F": 0.01,
        "PJXC.F": 0.01,
        "WK0.F": 0.01,
        "ULVR.L": 0.1060945069294344,
        "KPN.AS": 0.1479028455888376,
        "601288.SS": 0.1331767606085967,
        "601728.SS": 0.0430854583493258,
        "7974.T": 0.2048332526267917,
        "9433.T": 0.1167909162794849,
        "0883.HK": 0.01
    }
}