{
    "portfolio_437": {
        "PEP": 0.0780993644027185,
        "KT": 0.0503800417311838,
        "TLK": 0.0720951411382788,
        "LPS1.F": 0.01,
        "SHEL.L": 0.0338204352118282,
        "KPN.AS": 0.1768701028781809,
        "UNA.AS": 0.0604808336662832,
        "600519.SS": 0.0560404004149142,
        "601328.SS": 0.01,
        "601398.SS": 0.1663534717541278,
        "4568.T": 0.01,
        "8031.T": 0.01,
        "9432.T": 0.0924374005552131,
        "9434.T": 0.1335224031008332,
        "6288.HK": 0.0399004051464384
    }
}