{
    "portfolio_865": {
        "KT": 0.0597333942187304,
        "TLK": 0.0850115483984448,
        "AI.PA": 0.01,
        "PJXC.F": 0.01,
        "ULVR.L": 0.0613939908270787,
        "AD.AS": 0.0798704024112314,
        "KPN.AS": 0.1746653769504963,
        "601328.SS": 0.01,
        "601398.SS": 0.1605747309368938,
        "601857.SS": 0.01,
        "2914.T": 0.062496807879527,
        "9432.T": 0.0833942694482227,
        "9434.T": 0.1368807573487212,
        "1088.HK": 0.01,
        "6288.HK": 0.0459787215806536
    }
}