{
    "portfolio_65": {
        "AVGO": 0.0116513184867854,
        "PEP": 0.078832655000357,
        "TLK": 0.0850380210730878,
        "TTE.PA": 0.01,
        "AD.AS": 0.0755020455474557,
        "KPN.AS": 0.1710713041695133,
        "SHELL.AS": 0.0120774666951069,
        "600519.SS": 0.0468718170973858,
        "601288.SS": 0.01,
        "601398.SS": 0.1759749741003114,
        "2914.T": 0.0619508212677843,
        "9432.T": 0.072454785329852,
        "9434.T": 0.1373398139746052,
        "0883.HK": 0.01,
        "6288.HK": 0.041234977257755
    }
}