{
    "portfolio_953": {
        "PEP": 0.0847274221649533,
        "EC": 0.01,
        "TLK": 0.078861723931762,
        "BSD2.F": 0.01,
        "SHEL.L": 0.0238665138048353,
        "ULVR.L": 0.0442295577275951,
        "AD.AS": 0.0671984990429175,
        "KPN.AS": 0.1574465140177832,
        "600519.SS": 0.046222513335127,
        "601398.SS": 0.1901677012721912,
        "4519.T": 0.0165977912830383,
        "8058.T": 0.01,
        "9432.T": 0.0826323506169969,
        "9434.T": 0.1405104189008338,
        "6288.HK": 0.0375389939019665
    }
}