{
    "portfolio_333": {
        "PEP": 0.0937993400043722,
        "TLK": 0.1118278494051083,
        "0DH.F": 0.01,
        "0YXG.L": 0.01,
        "ULVR.L": 0.0546053353786851,
        "AD.AS": 0.0730904804168486,
        "KPN.AS": 0.1395112029658127,
        "600028.SS": 0.01,
        "600519.SS": 0.053091740840927,
        "601088.SS": 0.01,
        "601288.SS": 0.1329414671446624,
        "2914.T": 0.0712701596929207,
        "7974.T": 0.0606074965517541,
        "9433.T": 0.0948331916944829,
        "0941.HK": 0.074421735904426
    }
}