{
    "portfolio_66": {
        "PEP": 0.106090518721141,
        "EC": 0.0360954386162546,
        "APPF": 0.0433717356059003,
        "4AH1.F": 0.0101296576465281,
        "LFU2.F": 0.01,
        "OL5.F": 0.01,
        "PJXC.F": 0.01,
        "ULVR.L": 0.1226582483518946,
        "KPN.AS": 0.1139835888174223,
        "SHELL.AS": 0.01,
        "601288.SS": 0.148029613729067,
        "601728.SS": 0.0521073621154052,
        "7974.T": 0.2182933043173208,
        "9433.T": 0.099240532079066,
        "1288.HK": 0.01
    }
}