{
    "portfolio_178": {
        "LIN": 0.01,
        "PEP": 0.0684584635887054,
        "TLK": 0.1007989596494633,
        "SMMT": 0.01,
        "AIR.PA": 0.01,
        "DG.PA": 0.01,
        "ULVR.L": 0.0465865838217028,
        "AD.AS": 0.0592429786975738,
        "KPN.AS": 0.1576289884763025,
        "601398.SS": 0.1689955305320786,
        "601728.SS": 0.01,
        "2914.T": 0.0879654734044035,
        "9434.T": 0.1588541813801536,
        "0941.HK": 0.0633084557132848,
        "6288.HK": 0.0381603847363316
    }
}