{
    "portfolio_965": {
        "PEP": 0.0970187123129728,
        "TLK": 0.0688431013830097,
        "BPE.F": 0.0341076456481906,
        "LPS1.F": 0.01,
        "WK0.F": 0.01,
        "0TDD.L": 0.01,
        "0YXG.L": 0.01,
        "TYT.L": 0.0385400357143923,
        "ULVR.L": 0.0563537156878772,
        "KPN.AS": 0.1893803236934419,
        "600519.SS": 0.0691195083679588,
        "601398.SS": 0.1552879768682719,
        "2914.T": 0.0578665618512928,
        "9433.T": 0.0945995050342521,
        "9434.T": 0.0988829134383398
    }
}