{
    "portfolio_766": {
        "PEP": 0.0706488214691832,
        "KT": 0.0526772789597005,
        "TLK": 0.0736374457351866,
        "PRCT": 0.01,
        "SAN.PA": 0.0173944788301998,
        "LPS1.F": 0.01,
        "OL5.F": 0.01,
        "ULVR.L": 0.0646798110150495,
        "KPN.AS": 0.1825613060101629,
        "600519.SS": 0.0532320669674387,
        "601398.SS": 0.1764137289508024,
        "601899.SS": 0.01,
        "9432.T": 0.0859490522791155,
        "9434.T": 0.1433683610608998,
        "6288.HK": 0.039437648722261
    }
}