{
    "portfolio_609": {
        "PEP": 0.0733570428643916,
        "TLK": 0.0792814956647664,
        "RYTM": 0.01,
        "SHEL.L": 0.0303807588642795,
        "AD.AS": 0.0695052639593822,
        "CCEP.AS": 0.01,
        "KPN.AS": 0.1634987065530734,
        "WKL.AS": 0.0199400189542779,
        "600519.SS": 0.0440392745326399,
        "601398.SS": 0.1908061394322644,
        "2914.T": 0.0672886659491891,
        "9432.T": 0.0687526859011567,
        "9434.T": 0.1261191495334652,
        "0883.HK": 0.01,
        "6288.HK": 0.0370307977911137
    }
}