{
    "portfolio_783": {
        "PEP": 0.0790475459712991,
        "KT": 0.0447646315111927,
        "TLK": 0.0771130900242221,
        "TTE.PA": 0.01,
        "LPS1.F": 0.01,
        "ULVR.L": 0.0544875765629992,
        "KPN.AS": 0.1824495703888731,
        "600519.SS": 0.0495117708624784,
        "601398.SS": 0.1576906285292622,
        "2914.T": 0.0473037566463475,
        "6857.T": 0.01,
        "9432.T": 0.0871856124832045,
        "9434.T": 0.1164300291207006,
        "0941.HK": 0.0362937624636528,
        "6288.HK": 0.0377220254357678
    }
}