{
    "portfolio_279": {
        "PEP": 0.0804437493597959,
        "TLK": 0.0975826273063427,
        "ADMA": 0.01,
        "2B5.F": 0.01,
        "SKFA.F": 0.01,
        "ULVR.L": 0.0464922012543404,
        "AD.AS": 0.0717700852956398,
        "KPN.AS": 0.156801299835571,
        "601398.SS": 0.170721018487067,
        "2914.T": 0.0805862858686848,
        "4519.T": 0.0182058677728354,
        "6857.T": 0.01,
        "9434.T": 0.1327594140977998,
        "0941.HK": 0.0668457969521134,
        "6288.HK": 0.03779165376981
    }
}