{
    "portfolio_314": {
        "PEP": 0.0853146594005168,
        "TLK": 0.0852830054244645,
        "0TDD.L": 0.01,
        "SHEL.L": 0.0285143863282436,
        "AD.AS": 0.0711259291252694,
        "INGA.AS": 0.01,
        "KPN.AS": 0.1637236043310324,
        "600519.SS": 0.0445404628148255,
        "601398.SS": 0.1864133031693531,
        "2914.T": 0.0575400201287979,
        "4568.T": 0.01,
        "9432.T": 0.0676217176222919,
        "9434.T": 0.1288736420394064,
        "0728.HK": 0.0125536957170195,
        "6288.HK": 0.0384955738987791
    }
}