{
    "portfolio_105": {
        "PEP": 0.0676485969866568,
        "KT": 0.0483658516802401,
        "TEO": 0.01,
        "TLK": 0.0740283284897218,
        "AI.PA": 0.01,
        "OR.PA": 0.01,
        "LPS1.F": 0.01,
        "ULVR.L": 0.0526662586099748,
        "KPN.AS": 0.1818983486651223,
        "600519.SS": 0.0511391648358564,
        "601398.SS": 0.1748892554626172,
        "2914.T": 0.0533067493446099,
        "9432.T": 0.084254825854513,
        "9434.T": 0.1292882506620702,
        "6288.HK": 0.0425143694086174
    }
}