{
    "portfolio_629": {
        "PEP": 0.0799798584760589,
        "KT": 0.0484501365351058,
        "TLK": 0.0696940588391971,
        "LPS1.F": 0.01,
        "0TDD.L": 0.01,
        "SHEL.L": 0.0339036151651133,
        "KPN.AS": 0.1738331641965628,
        "UNA.AS": 0.0571744751428,
        "600519.SS": 0.0562562552834408,
        "601288.SS": 0.0238943622173302,
        "601398.SS": 0.1537964416722498,
        "6857.T": 0.01,
        "9432.T": 0.103138096160241,
        "9434.T": 0.1316691752651094,
        "6288.HK": 0.0382103610467909
    }
}