{
    "portfolio_659": {
        "BCH": 0.01,
        "KT": 0.0528158944446558,
        "TLK": 0.0803007626511327,
        "PJXC.F": 0.01,
        "0R4P.L": 0.0212821613049678,
        "ULVR.L": 0.0629813122907731,
        "AD.AS": 0.0745592654231968,
        "KPN.AS": 0.1724666444045356,
        "601138.SS": 0.0137477894706189,
        "601398.SS": 0.1769606632802292,
        "2914.T": 0.0611605326908367,
        "7974.T": 0.0137770250372024,
        "9432.T": 0.0851977330001437,
        "9434.T": 0.1240740682963786,
        "6288.HK": 0.0406761477053286
    }
}