{
    "portfolio_294": {
        "PEP": 0.0748709623987547,
        "TLK": 0.091028477845843,
        "BPE5.F": 0.01,
        "OL5.F": 0.01,
        "ULVR.L": 0.0627269429661163,
        "AD.AS": 0.0753767044577063,
        "KPN.AS": 0.1451737631318148,
        "SHELL.AS": 0.0181635544970552,
        "601398.SS": 0.1618679738251205,
        "2914.T": 0.0662784423622495,
        "6857.T": 0.01,
        "9432.T": 0.0549252450426013,
        "9434.T": 0.1182425526244885,
        "0941.HK": 0.0650691813231746,
        "6288.HK": 0.0362761995250752
    }
}