{
    "portfolio_999": {
        "PEP": 0.0778497363536175,
        "BSAC": 0.01,
        "KT": 0.047370103824678,
        "TLK": 0.0722975257155066,
        "BPE.F": 0.0236763985047811,
        "LPS1.F": 0.01,
        "ULVR.L": 0.0597767920805488,
        "KPN.AS": 0.1811054356964277,
        "600519.SS": 0.0552107240872116,
        "601398.SS": 0.1687704058920169,
        "8031.T": 0.01,
        "9432.T": 0.0997224437015834,
        "9434.T": 0.1352090436679946,
        "0386.HK": 0.01,
        "6288.HK": 0.039011390475634
    }
}