{
    "portfolio_433": {
        "CRESY": 0.01,
        "PEP": 0.0547014035632721,
        "TLK": 0.0872022445937978,
        "ADMA": 0.01,
        "LNTH": 0.01,
        "ULVR.L": 0.0603862880975343,
        "AD.AS": 0.0719427026037767,
        "KPN.AS": 0.1595262008457669,
        "601398.SS": 0.15615616985191,
        "601988.SS": 0.01,
        "2914.T": 0.085716717631504,
        "9434.T": 0.1735464734518609,
        "0386.HK": 0.01,
        "0941.HK": 0.0611127842005654,
        "6288.HK": 0.0397090151600117
    }
}