{
    "portfolio_942": {
        "CRESY": 0.01,
        "PEP": 0.1174169636841222,
        "EC": 0.0437733787221417,
        "APPF": 0.0480491157145068,
        "LFU2.F": 0.01,
        "TTE.L": 0.0199255754689962,
        "ULVR.L": 0.1128489366211145,
        "KPN.AS": 0.0911224080673334,
        "600941.SS": 0.01,
        "601288.SS": 0.122170958882795,
        "601728.SS": 0.0513676865414958,
        "2914.T": 0.0337835290623268,
        "7974.T": 0.2183825760735041,
        "9433.T": 0.1013016638546671
    }
}