{
    "portfolio_336": {
        "PEP": 0.0693454854955812,
        "BCH": 0.01,
        "TLK": 0.0900959155612975,
        "AI.PA": 0.01,
        "SHEL.L": 0.0309203733482949,
        "ULVR.L": 0.0516339022417124,
        "AD.AS": 0.0694140354174044,
        "KPN.AS": 0.1482995151247868,
        "601398.SS": 0.1610642991150806,
        "601988.SS": 0.01,
        "2914.T": 0.0841456263001159,
        "9434.T": 0.158625657804894,
        "9983.T": 0.01,
        "0941.HK": 0.0625541476906674,
        "6288.HK": 0.0339010419001649
    }
}