{
    "portfolio_998": {
        "PEP": 0.0818439217425578,
        "TLK": 0.0915945084638474,
        "DG.PA": 0.01,
        "SKFA.F": 0.01,
        "AD.AS": 0.0762638224183798,
        "KPN.AS": 0.1715724288333004,
        "600519.SS": 0.0411982331725242,
        "601328.SS": 0.01,
        "601398.SS": 0.1583092967664869,
        "2914.T": 0.0569762855920353,
        "4519.T": 0.0118170948499027,
        "9432.T": 0.0681756715939021,
        "9434.T": 0.123821112109915,
        "0941.HK": 0.0545940745266744,
        "6288.HK": 0.0338335499304739
    }
}