{
    "portfolio_832": {
        "CRESY": 0.01,
        "PEP": 0.076111989762125,
        "TLK": 0.0800115950975636,
        "SHEL.L": 0.0288951214937337,
        "ULVR.L": 0.0500581212977743,
        "AD.AS": 0.0691774817733986,
        "KPN.AS": 0.1511945471011046,
        "600519.SS": 0.0342028851814345,
        "601398.SS": 0.154712404470329,
        "601857.SS": 0.01,
        "2914.T": 0.0637983763991475,
        "9432.T": 0.069196920751339,
        "9434.T": 0.1202232599921183,
        "0941.HK": 0.0477754446913885,
        "6288.HK": 0.0346418519885434
    }
}