{
    "portfolio_422": {
        "PEP": 0.1211304120283184,
        "EC": 0.0503174234605608,
        "PKX": 0.01,
        "APPF": 0.0464682472168307,
        "4AH1.F": 0.0100076948750398,
        "LFU2.F": 0.01,
        "SKFA.F": 0.01,
        "ULVR.L": 0.1049691975219269,
        "KPN.AS": 0.0965984296544567,
        "601288.SS": 0.1288934253883165,
        "601728.SS": 0.0576591261937974,
        "7974.T": 0.2227647235156015,
        "8058.T": 0.01,
        "9433.T": 0.1111913201451515,
        "1288.HK": 0.01
    }
}