{
    "portfolio_737": {
        "PEP": 0.1187919948842203,
        "EC": 0.0485649369352998,
        "APPF": 0.0440699552509677,
        "RYTM": 0.01,
        "4AH1.F": 0.0101070651241606,
        "BPE.F": 0.01,
        "LFU2.F": 0.01,
        "ULVR.L": 0.1047592664860855,
        "KPN.AS": 0.0963286006401066,
        "WKL.AS": 0.01,
        "601288.SS": 0.1369345881380836,
        "601728.SS": 0.0576570926967008,
        "7974.T": 0.2223189685335928,
        "9433.T": 0.1104675313107825,
        "6288.HK": 0.01
    }
}