{
    "portfolio_92": {
        "PEP": 0.119702992237786,
        "TMUS": 0.0108163376598999,
        "EC": 0.0514339969899838,
        "APPF": 0.0458619427296118,
        "SAF.PA": 0.01,
        "4AH1.F": 0.0105544514422044,
        "LFU2.F": 0.01,
        "ULVR.L": 0.1042812613168657,
        "INGA.AS": 0.01,
        "KPN.AS": 0.0921571019936522,
        "601288.SS": 0.1270737301396027,
        "601328.SS": 0.01,
        "601728.SS": 0.0598932693416212,
        "7974.T": 0.2265187240362662,
        "9433.T": 0.111706192112506
    }
}