{
    "portfolio_164": {
        "KT": 0.0655312079034018,
        "TLK": 0.0934769479383888,
        "LNTH": 0.01,
        "0DH.F": 0.01,
        "PJXC.F": 0.01,
        "ULVR.L": 0.0756524557997986,
        "AD.AS": 0.0713414362808598,
        "KPN.AS": 0.1696134229989825,
        "601288.SS": 0.1663322877480437,
        "601728.SS": 0.0401523404662495,
        "4519.T": 0.01,
        "8001.T": 0.01,
        "9432.T": 0.1050757517087208,
        "9434.T": 0.1170720591692198,
        "6288.HK": 0.0457520899863346
    }
}