{
    "portfolio_958": {
        "PEP": 0.0625474293414099,
        "TGS": 0.01,
        "TLK": 0.0930113094998492,
        "RYTM": 0.01,
        "OL5.F": 0.01,
        "ULVR.L": 0.0620351316931555,
        "AD.AS": 0.0792286475686307,
        "KPN.AS": 0.1569427634315616,
        "601398.SS": 0.169528708932439,
        "2914.T": 0.0725625243736696,
        "8001.T": 0.01,
        "8058.T": 0.01,
        "9434.T": 0.1513851999473832,
        "0941.HK": 0.06653698948478,
        "6288.HK": 0.0362212957271211
    }
}