{
    "portfolio_233": {
        "PEP": 0.0701461344474859,
        "TLK": 0.0877005561924452,
        "ADMA": 0.01,
        "SMMT": 0.01,
        "SHEL.L": 0.0360630959645122,
        "TYT.L": 0.0250425619811356,
        "ULVR.L": 0.055447886108175,
        "AD.AS": 0.056085671836176,
        "KPN.AS": 0.1496999253793463,
        "600900.SS": 0.0657960752992289,
        "601398.SS": 0.1595385719388886,
        "2914.T": 0.0748242510314508,
        "8058.T": 0.01,
        "9434.T": 0.1498177555805171,
        "6288.HK": 0.0398375142406382
    }
}