{
    "portfolio_23": {
        "PEP": 0.0683312208745176,
        "BCH": 0.01,
        "TLK": 0.0930579279464928,
        "SAF.PA": 0.01,
        "ULVR.L": 0.045006987224366,
        "AD.AS": 0.0698388645594172,
        "KPN.AS": 0.1563045243752418,
        "600519.SS": 0.0435511758339795,
        "600941.SS": 0.01,
        "601398.SS": 0.1819192644804538,
        "2914.T": 0.0653364587986443,
        "4063.T": 0.0205416422636619,
        "9433.T": 0.060403985620671,
        "9434.T": 0.1281176973128553,
        "6288.HK": 0.037590250709699
    }
}