{
    "portfolio_348": {
        "PEP": 0.078177031464211,
        "TLK": 0.0914850388076898,
        "AXSM": 0.01,
        "ULVR.L": 0.0465716792437675,
        "AD.AS": 0.0673468318990816,
        "KPN.AS": 0.1669820050718822,
        "600519.SS": 0.039903362699177,
        "601398.SS": 0.1677762304496617,
        "4063.T": 0.0162679236210212,
        "8058.T": 0.01,
        "9432.T": 0.0883898934817543,
        "9434.T": 0.1311493958930887,
        "0941.HK": 0.0418253994591017,
        "1088.HK": 0.01,
        "6288.HK": 0.034125207909563
    }
}