{
    "portfolio_662": {
        "PEP": 0.0771753646931628,
        "TLK": 0.0920072623717995,
        "OL5.F": 0.01,
        "SHEL.L": 0.0302726791329773,
        "ULVR.L": 0.0614588489083613,
        "AD.AS": 0.0709374443992524,
        "KPN.AS": 0.1465799613087561,
        "601288.SS": 0.0453419660365047,
        "601398.SS": 0.1181676585179661,
        "2914.T": 0.0692577066104082,
        "9432.T": 0.0519300634429437,
        "9434.T": 0.122205648325265,
        "0883.HK": 0.01,
        "0941.HK": 0.0578687351651518,
        "6288.HK": 0.0367966610874508
    }
}