{
    "portfolio_109": {
        "PEP": 0.0573869397331379,
        "TLK": 0.0907337611461416,
        "OLLI": 0.01,
        "PRCT": 0.01,
        "ULVR.L": 0.0490332950377654,
        "AD.AS": 0.0721912190340739,
        "KPN.AS": 0.1714739267473555,
        "600519.SS": 0.0401125937939312,
        "601088.SS": 0.01,
        "601398.SS": 0.1694710886209975,
        "2914.T": 0.0737468131786133,
        "8001.T": 0.01,
        "9434.T": 0.1743431154064846,
        "0857.HK": 0.0241770485536851,
        "6288.HK": 0.0373301987478139
    }
}