{
    "portfolio_455": {
        "PEP": 0.0826748529632422,
        "TLK": 0.0745798342071102,
        "ADMA": 0.01,
        "RYTM": 0.01,
        "OL5.F": 0.01,
        "WK0.F": 0.01,
        "ULVR.L": 0.0526457428295333,
        "AD.AS": 0.067644633823039,
        "KPN.AS": 0.1852014645606956,
        "600519.SS": 0.042060340789873,
        "601288.SS": 0.1185491578897978,
        "601988.SS": 0.01,
        "2914.T": 0.0975133854371819,
        "9434.T": 0.1627224890442246,
        "0941.HK": 0.0664080984553023
    }
}