{
    "portfolio_496": {
        "KT": 0.0609394234578043,
        "TLK": 0.0823822601099813,
        "BPE.F": 0.01,
        "PJXC.F": 0.01,
        "ULVR.L": 0.0626620815067261,
        "AD.AS": 0.0838507078699604,
        "KPN.AS": 0.1720916911714025,
        "601398.SS": 0.1789681364875243,
        "2914.T": 0.0561453193216475,
        "4519.T": 0.01,
        "9432.T": 0.0813473308831163,
        "9434.T": 0.1306716897691933,
        "9983.T": 0.01,
        "0857.HK": 0.01,
        "6288.HK": 0.040941359422644
    }
}