{
    "portfolio_491": {
        "PEP": 0.1206152195391968,
        "EC": 0.0506190847418921,
        "APPF": 0.0442252191703404,
        "LNTH": 0.01,
        "4AH1.F": 0.0103273512951606,
        "LFU2.F": 0.01,
        "ULVR.L": 0.1074435446498363,
        "KPN.AS": 0.0988165552542572,
        "REN.AS": 0.01,
        "601288.SS": 0.12463963183961,
        "601728.SS": 0.056103982048189,
        "7974.T": 0.2256113064751672,
        "9433.T": 0.1115981049863503,
        "0386.HK": 0.01,
        "1088.HK": 0.01
    }
}