{
    "portfolio_315": {
        "PEP": 0.0792985376949862,
        "TLK": 0.0850889802885409,
        "SHEL.L": 0.0321554171784729,
        "ULVR.L": 0.0467319719417596,
        "AD.AS": 0.0673763174179483,
        "KPN.AS": 0.1564173991754019,
        "600519.SS": 0.0414018931291248,
        "601088.SS": 0.01,
        "601398.SS": 0.1677072552939762,
        "601988.SS": 0.01,
        "2914.T": 0.0598063795842912,
        "8001.T": 0.01,
        "9432.T": 0.0684605011454498,
        "9434.T": 0.1268835140634896,
        "6288.HK": 0.0386718330865586
    }
}