{
    "portfolio_874": {
        "PEP": 0.123769024017635,
        "EC": 0.0503662150165122,
        "APPF": 0.0456688881790152,
        "4AH1.F": 0.0103425395775393,
        "BSD2.F": 0.01,
        "LFU2.F": 0.01,
        "0YXG.L": 0.01,
        "ULVR.L": 0.1058711385031552,
        "KPN.AS": 0.0965878124487917,
        "601288.SS": 0.125963267008295,
        "601728.SS": 0.0565117157637353,
        "4063.T": 0.01,
        "7974.T": 0.2236035832397902,
        "9433.T": 0.111315816245531,
        "0386.HK": 0.01
    }
}