{
    "portfolio_179": {
        "GOOGL": 0.0405052455180125,
        "PEP": 0.1058141926550973,
        "EC": 0.0469772626984643,
        "APPF": 0.0374762075098554,
        "4AH1.F": 0.0103932624117143,
        "8GC.F": 0.01,
        "LFU2.F": 0.01,
        "ULVR.L": 0.1085910208740327,
        "KPN.AS": 0.0973354259576514,
        "601288.SS": 0.1179064002785311,
        "601728.SS": 0.053619628645123,
        "601988.SS": 0.01,
        "7974.T": 0.2213629312726602,
        "9433.T": 0.1200184221788576,
        "1088.HK": 0.01
    }
}