{
    "portfolio_657": {
        "TMUS": 0.01,
        "KT": 0.0525138990746403,
        "TLK": 0.0754623328741243,
        "PRCT": 0.01,
        "OL5.F": 0.01,
        "PJXC.F": 0.01,
        "0R4P.L": 0.0253144427215544,
        "ULVR.L": 0.06997956217694,
        "AD.AS": 0.0796619914554734,
        "KPN.AS": 0.169289980361493,
        "601398.SS": 0.1835738633241469,
        "2914.T": 0.0604966272990265,
        "9432.T": 0.0707177517101241,
        "9434.T": 0.1312322394550829,
        "6288.HK": 0.041757309547394
    }
}