{
    "portfolio_490": {
        "PEP": 0.0670784515206139,
        "TLK": 0.0928379845144358,
        "LNTH": 0.01,
        "0TDD.L": 0.01,
        "ULVR.L": 0.0466228507951721,
        "AD.AS": 0.0705317116441712,
        "KPN.AS": 0.1631606768133697,
        "600519.SS": 0.0353024246933167,
        "601398.SS": 0.1583845329015637,
        "2914.T": 0.0729686000823274,
        "8001.T": 0.01,
        "9434.T": 0.1664455266551834,
        "0857.HK": 0.0147393811614863,
        "0941.HK": 0.0483676461120219,
        "6288.HK": 0.0335602131063378
    }
}