{
    "portfolio_166": {
        "PEP": 0.0785047540608962,
        "KT": 0.0465360564578436,
        "TLK": 0.066789628300871,
        "LNTH": 0.01,
        "LPS1.F": 0.01,
        "SHEL.L": 0.031303761103028,
        "ULVR.L": 0.0571799351525402,
        "KPN.AS": 0.1834241324930174,
        "600519.SS": 0.0551807752224342,
        "601398.SS": 0.1705624599574674,
        "4519.T": 0.01,
        "9432.T": 0.0930347040468525,
        "9434.T": 0.1385033363319659,
        "0386.HK": 0.01,
        "6288.HK": 0.0389804568730834
    }
}