{
    "portfolio_259": {
        "CRESY": 0.01,
        "PEP": 0.0593103701394193,
        "TLK": 0.0832897909443459,
        "IESC": 0.0154868650876527,
        "TTE.PA": 0.01,
        "ULVR.L": 0.0574079324473104,
        "AD.AS": 0.0732301511961317,
        "KPN.AS": 0.1514582543690964,
        "SHELL.AS": 0.0152270962713323,
        "601398.SS": 0.1736579310219739,
        "2914.T": 0.0844409359996499,
        "6857.T": 0.01,
        "9434.T": 0.1566489636493514,
        "0941.HK": 0.0642199087834804,
        "6288.HK": 0.0356218000902552
    }
}