{
    "portfolio_866": {
        "KT": 0.0585291879442416,
        "TLK": 0.0717552346440357,
        "PJXC.F": 0.01,
        "WK0.F": 0.01,
        "ULVR.L": 0.0578730667067675,
        "AD.AS": 0.0751970490642671,
        "KPN.AS": 0.2081190044516644,
        "600028.SS": 0.01,
        "600519.SS": 0.0331992145080179,
        "601288.SS": 0.126969952145444,
        "2914.T": 0.0762629772853995,
        "9432.T": 0.0937684758052672,
        "9434.T": 0.129347856070667,
        "1088.HK": 0.01,
        "6288.HK": 0.0289779813742281
    }
}