{
    "portfolio_767": {
        "AVGO": 0.0158221547989614,
        "PKX": 0.01,
        "TEO": 0.01,
        "TLK": 0.0889422861557677,
        "APPF": 0.010864834836121,
        "SKFA.F": 0.01,
        "ULVR.L": 0.059321248892583,
        "AD.AS": 0.0716230007349474,
        "KPN.AS": 0.171252267723475,
        "600900.SS": 0.0594705531967116,
        "601398.SS": 0.1633395097906368,
        "2914.T": 0.0783538785586765,
        "9432.T": 0.0628767540493703,
        "9434.T": 0.1427221545841948,
        "6288.HK": 0.0454113566785547
    }
}