{
    "portfolio_765": {
        "PEP": 0.0974204696065184,
        "PKX": 0.01,
        "TGS": 0.01,
        "TLK": 0.0739550688097002,
        "APPF": 0.0253177411655457,
        "0DH.F": 0.01,
        "WK0.F": 0.01,
        "TYT.L": 0.0549321621612695,
        "ULVR.L": 0.0628425368208711,
        "KPN.AS": 0.1973300017587648,
        "600519.SS": 0.0614468922353648,
        "601288.SS": 0.1384586321714242,
        "9432.T": 0.0980813035244248,
        "9434.T": 0.0975541587550839,
        "0941.HK": 0.0526610329910326
    }
}