{
    "portfolio_771": {
        "PEP": 0.0857604644502388,
        "TLK": 0.0877797390357038,
        "BPE5.F": 0.01,
        "TTE.L": 0.01,
        "AD.AS": 0.0772003818376335,
        "KPN.AS": 0.172124809396749,
        "600519.SS": 0.046975561191082,
        "601088.SS": 0.01,
        "601328.SS": 0.01,
        "601398.SS": 0.1708218963727145,
        "2914.T": 0.061712680617057,
        "9432.T": 0.0713748234081402,
        "9434.T": 0.132987783137412,
        "0728.HK": 0.0127456562761002,
        "6288.HK": 0.040516204277169
    }
}