{
    "portfolio_18": {
        "PEP": 0.0789949324965693,
        "TLK": 0.0912151021128708,
        "TTE.L": 0.01,
        "AD.AS": 0.0711724221481705,
        "KPN.AS": 0.1683384778649824,
        "WKL.AS": 0.0284848272162293,
        "600028.SS": 0.01,
        "600519.SS": 0.0481127583777323,
        "601398.SS": 0.1729499810189988,
        "601728.SS": 0.0103970938906782,
        "2914.T": 0.0655147486328674,
        "9432.T": 0.0691441858972386,
        "9434.T": 0.1269252148198632,
        "0883.HK": 0.01,
        "6288.HK": 0.0387502555237992
    }
}