{
    "portfolio_97": {
        "PEP": 0.0566218574210516,
        "EC": 0.01,
        "IBN": 0.01,
        "TEO": 0.01,
        "TLK": 0.087568347561937,
        "APPF": 0.0128798336499704,
        "ULVR.L": 0.0535690350512962,
        "AD.AS": 0.0710119462773809,
        "KPN.AS": 0.156102048767472,
        "601398.SS": 0.1616730166191063,
        "601988.SS": 0.01,
        "2914.T": 0.0871555771634076,
        "9434.T": 0.1677486315990343,
        "0941.HK": 0.065683859188304,
        "6288.HK": 0.0399858467010397
    }
}