{
    "portfolio_756": {
        "PEP": 0.110286157554151,
        "TLK": 0.0804671002988514,
        "AI.PA": 0.01,
        "2B5.F": 0.01,
        "BPE5.F": 0.01,
        "WK0.F": 0.01,
        "AD.AS": 0.0665682778560559,
        "KPN.AS": 0.181161412231568,
        "REN.AS": 0.01,
        "600519.SS": 0.0518370152529937,
        "601398.SS": 0.1442672468668337,
        "2914.T": 0.0909893984373019,
        "9433.T": 0.0689090720694508,
        "9434.T": 0.092560123603253,
        "0941.HK": 0.0629541958295403
    }
}