{
    "portfolio_357": {
        "PEP": 0.070926796045671,
        "TLK": 0.0867932105923181,
        "ADMA": 0.01,
        "0TDD.L": 0.01,
        "0YXG.L": 0.01,
        "ULVR.L": 0.0458326907386439,
        "AD.AS": 0.0650793829570939,
        "KPN.AS": 0.1696076971516417,
        "600519.SS": 0.0471731880480326,
        "600941.SS": 0.01,
        "601398.SS": 0.1832012641892404,
        "8031.T": 0.01,
        "9432.T": 0.0899726329047184,
        "9434.T": 0.1509754719661576,
        "6288.HK": 0.0404376654064823
    }
}