{
    "portfolio_135": {
        "PEP": 0.0636882128456994,
        "TLK": 0.0921325924380849,
        "APPF": 0.0126821539929168,
        "0YXG.L": 0.01,
        "ULVR.L": 0.0471828177999535,
        "AD.AS": 0.0703316120399942,
        "KPN.AS": 0.1666405029716253,
        "600519.SS": 0.0387112671944834,
        "601398.SS": 0.1704969772921138,
        "2914.T": 0.0713386462018363,
        "4519.T": 0.0175267699784419,
        "8001.T": 0.01,
        "9434.T": 0.167015332719809,
        "0857.HK": 0.0259797778247347,
        "6288.HK": 0.0362733367003066
    }
}