{
    "portfolio_535": {
        "PEP": 0.0874688868582477,
        "TLK": 0.0998243611921775,
        "RYTM": 0.01,
        "SMMT": 0.01,
        "2B5.F": 0.01,
        "ULVR.L": 0.046337798610075,
        "AD.AS": 0.0634581564993579,
        "KPN.AS": 0.1607029023721638,
        "601328.SS": 0.01,
        "601398.SS": 0.1641677492503183,
        "2914.T": 0.089932381415401,
        "7974.T": 0.0183808987459729,
        "9434.T": 0.1198481192860919,
        "0941.HK": 0.0710705369193148,
        "6288.HK": 0.0388082088508791
    }
}