{
    "portfolio_538": {
        "PEP": 0.0849403597519872,
        "TLK": 0.0967329978041109,
        "SAF.PA": 0.01,
        "2B5.F": 0.01,
        "ULVR.L": 0.0524118642751619,
        "AD.AS": 0.0674310062730641,
        "KPN.AS": 0.1486559239341976,
        "SHELL.AS": 0.0194236230182608,
        "601398.SS": 0.1645498257614402,
        "2914.T": 0.0894839738751421,
        "9434.T": 0.1386499808322585,
        "0386.HK": 0.01,
        "0857.HK": 0.01,
        "0941.HK": 0.0578173645016177,
        "6288.HK": 0.0399030799727593
    }
}