{
    "portfolio_563": {
        "PEP": 0.0799893977668484,
        "TLK": 0.091920289836414,
        "DG.PA": 0.01,
        "BSD2.F": 0.01,
        "SKFA.F": 0.01,
        "AD.AS": 0.0738582845798957,
        "KPN.AS": 0.1714183227796203,
        "600519.SS": 0.0448162218758091,
        "601398.SS": 0.1691998698116821,
        "2914.T": 0.057751262616792,
        "9432.T": 0.0688659288061303,
        "9434.T": 0.1423007867395022,
        "0857.HK": 0.022566563685105,
        "1088.HK": 0.01,
        "6288.HK": 0.0373130715022008
    }
}