{
    "portfolio_363": {
        "PEP": 0.0740317689387042,
        "TLK": 0.0894435037372665,
        "BPE5.F": 0.0119299359709648,
        "SKFA.F": 0.01,
        "ULVR.L": 0.0439141986916698,
        "AD.AS": 0.0718754663490309,
        "KPN.AS": 0.1585700474270601,
        "600519.SS": 0.0369579867130051,
        "601398.SS": 0.1516123861255346,
        "601988.SS": 0.01,
        "2914.T": 0.0597011872776243,
        "9432.T": 0.0720968461696145,
        "9434.T": 0.1195444538664937,
        "0941.HK": 0.0559048166566499,
        "6288.HK": 0.0344174020763815
    }
}