{
    "portfolio_801": {
        "PEP": 0.0867388908127754,
        "PKX": 0.01,
        "TLK": 0.0919558112681928,
        "2B5.F": 0.01,
        "SHEL.L": 0.0288029730585464,
        "ULVR.L": 0.0507091831257871,
        "AD.AS": 0.0666536408559548,
        "KPN.AS": 0.1489788090939176,
        "601398.SS": 0.1726304968198822,
        "2914.T": 0.0842819079403071,
        "8001.T": 0.01,
        "9434.T": 0.1345865984636964,
        "0728.HK": 0.01,
        "0941.HK": 0.0554103665903182,
        "6288.HK": 0.0392513219706216
    }
}