{
    "portfolio_517": {
        "PEP": 0.0793244161698724,
        "TEO": 0.01,
        "TLK": 0.0850393253159582,
        "BPE5.F": 0.01,
        "ULVR.L": 0.0481756748622572,
        "AD.AS": 0.069012898825544,
        "KPN.AS": 0.1652492716354659,
        "600519.SS": 0.0449430104858111,
        "601398.SS": 0.1664621655181261,
        "9432.T": 0.0877976459810086,
        "9434.T": 0.1548511942670465,
        "0857.HK": 0.0212576845559384,
        "1288.HK": 0.01,
        "3988.HK": 0.01,
        "6288.HK": 0.0378867123829716
    }
}