{
    "portfolio_931": {
        "PEP": 0.1131058670957804,
        "TLK": 0.0993557547085,
        "RYTM": 0.01,
        "0DH.F": 0.01,
        "2B5.F": 0.01,
        "SHEL.L": 0.0359474605363387,
        "AD.AS": 0.0749254875288544,
        "KPN.AS": 0.1425679110112947,
        "600519.SS": 0.0491855756294511,
        "601288.SS": 0.1577999465084354,
        "2914.T": 0.076172503490698,
        "8058.T": 0.01,
        "9433.T": 0.0928277180753201,
        "0941.HK": 0.0835971007345913,
        "6288.HK": 0.0345146746807358
    }
}