{
    "portfolio_689": {
        "PEP": 0.0657800022665834,
        "TMUS": 0.01,
        "TLK": 0.1015379830721318,
        "OL5.F": 0.01,
        "ULVR.L": 0.060558476007245,
        "AD.AS": 0.078834227831954,
        "KPN.AS": 0.1538810811493942,
        "601328.SS": 0.01,
        "601398.SS": 0.1578650319602458,
        "2914.T": 0.0749735466075826,
        "4519.T": 0.0137356917469898,
        "8001.T": 0.01,
        "9434.T": 0.1503915158197607,
        "0941.HK": 0.065416694425818,
        "6288.HK": 0.0370257491122946
    }
}