{
    "portfolio_107": {
        "AVGO": 0.01,
        "PEP": 0.0694564085209712,
        "KT": 0.045256436752228,
        "TLK": 0.0682368846730569,
        "DG.PA": 0.01,
        "LPS1.F": 0.01,
        "SHEL.L": 0.0321700760669723,
        "KPN.AS": 0.1702633086215467,
        "UNA.AS": 0.0589727399650804,
        "600519.SS": 0.0518268453218717,
        "601398.SS": 0.1713853274736873,
        "2914.T": 0.051402677910144,
        "9432.T": 0.0844213526616552,
        "9434.T": 0.1255378144768635,
        "6288.HK": 0.0410701275559228
    }
}