{
    "portfolio_843": {
        "PEP": 0.1188778885209489,
        "BCH": 0.01,
        "EC": 0.049225126444844,
        "APPF": 0.0436703041498388,
        "LNTH": 0.01,
        "DG.PA": 0.01,
        "4AH1.F": 0.0104306286467438,
        "LFU2.F": 0.01,
        "ULVR.L": 0.1082070633996548,
        "KPN.AS": 0.0958765249139084,
        "601288.SS": 0.1290511767779264,
        "601728.SS": 0.0562184254194519,
        "7974.T": 0.2271719940599386,
        "9433.T": 0.1112708676667445,
        "0941.HK": 0.01
    }
}