{
    "portfolio_300": {
        "PEP": 0.0653771426448453,
        "TGS": 0.01,
        "TLK": 0.0854610135432316,
        "VERX": 0.01,
        "AI.PA": 0.01,
        "SHEL.L": 0.0286545416237985,
        "ULVR.L": 0.0530165601061736,
        "AD.AS": 0.0670873232922002,
        "KPN.AS": 0.152771602272986,
        "601328.SS": 0.01,
        "601398.SS": 0.158840188891868,
        "2914.T": 0.0863145395320701,
        "9434.T": 0.1616549957398912,
        "0941.HK": 0.0635288017753813,
        "6288.HK": 0.0372932905775539
    }
}