{
    "portfolio_540": {
        "PEP": 0.0639382818234389,
        "TGS": 0.01,
        "TLK": 0.0883328048196406,
        "RMS.PA": 0.01,
        "ULVR.L": 0.0553413175831653,
        "AD.AS": 0.0574840359406045,
        "KPN.AS": 0.1624335944594788,
        "UMG.AS": 0.0235251975268382,
        "601138.SS": 0.0136933447768172,
        "601398.SS": 0.1846624597216711,
        "2914.T": 0.076076155508217,
        "9432.T": 0.069495737454871,
        "9434.T": 0.1337952699697124,
        "3988.HK": 0.01,
        "6288.HK": 0.0412218004155452
    }
}