{
    "portfolio_701": {
        "PEP": 0.0689999535406024,
        "TMUS": 0.01,
        "TLK": 0.0944534248636418,
        "TTE.PA": 0.01,
        "ULVR.L": 0.044548745920965,
        "AD.AS": 0.0763015283863491,
        "KPN.AS": 0.1496678737746209,
        "600519.SS": 0.0383650424207252,
        "601398.SS": 0.1623193638211904,
        "2914.T": 0.0677754529344521,
        "9433.T": 0.0599051298308242,
        "9434.T": 0.1245812100306488,
        "0883.HK": 0.01,
        "0941.HK": 0.0480336943022632,
        "6288.HK": 0.0350485801737166
    }
}