{
    "portfolio_957": {
        "PEP": 0.1195915587740622,
        "EC": 0.0521016666834072,
        "APPF": 0.0474609733874494,
        "4AH1.F": 0.0106198601397531,
        "LFU2.F": 0.01,
        "ULVR.L": 0.1033066282107965,
        "CCEP.AS": 0.0178151948053461,
        "KPN.AS": 0.0945243057456026,
        "601288.SS": 0.1287065170704632,
        "601728.SS": 0.0571305858792915,
        "4063.T": 0.01,
        "7974.T": 0.2204933299551438,
        "8058.T": 0.01,
        "9433.T": 0.1082493793486842,
        "0883.HK": 0.01
    }
}