{
    "portfolio_977": {
        "PEP": 0.0775154724837306,
        "TLK": 0.0873230425853696,
        "VERX": 0.01,
        "RMS.PA": 0.01,
        "SAF.PA": 0.01,
        "AD.AS": 0.069652223361116,
        "KPN.AS": 0.176522837447432,
        "600519.SS": 0.0396766027888554,
        "601398.SS": 0.1653608376947029,
        "2914.T": 0.0617879488074886,
        "4063.T": 0.0150437836734041,
        "9432.T": 0.0673828242461758,
        "9434.T": 0.122577058031417,
        "0941.HK": 0.0525639411143903,
        "6288.HK": 0.0345934277659176
    }
}