{
    "portfolio_271": {
        "PEP": 0.102507814661025,
        "TLK": 0.1161605470026118,
        "SAF.PA": 0.01,
        "0DH.F": 0.01,
        "OL5.F": 0.01,
        "ULVR.L": 0.0609911055371068,
        "AD.AS": 0.0793424915375656,
        "KPN.AS": 0.1370919614499884,
        "600519.SS": 0.0566012763213148,
        "601288.SS": 0.1469600523280096,
        "601939.SS": 0.01,
        "7974.T": 0.0648419986737798,
        "9433.T": 0.1075839431683938,
        "0941.HK": 0.0779188093202046,
        "1088.HK": 0.01
    }
}