{
    "portfolio_963": {
        "PEP": 0.0607225196924354,
        "TLK": 0.096129552800482,
        "RYTM": 0.01,
        "OL5.F": 0.01,
        "0YXG.L": 0.0105287515790794,
        "ULVR.L": 0.0601846775535641,
        "AD.AS": 0.0770584644889121,
        "KPN.AS": 0.158492566336396,
        "601398.SS": 0.1685241258449264,
        "2914.T": 0.075815573026364,
        "8001.T": 0.01,
        "8058.T": 0.01,
        "9434.T": 0.1499471367395346,
        "0941.HK": 0.0664425613481851,
        "6288.HK": 0.036154070590121
    }
}