{
    "portfolio_297": {
        "PEP": 0.062969214965029,
        "TLK": 0.0800638916611474,
        "AXSM": 0.01,
        "RYTM": 0.01,
        "0YXG.L": 0.01,
        "SHEL.L": 0.0321227150015446,
        "ULVR.L": 0.0562055321635126,
        "AD.AS": 0.0612891884631349,
        "KPN.AS": 0.1575462923517828,
        "601398.SS": 0.2004377859415235,
        "2914.T": 0.0694214840520936,
        "8058.T": 0.01,
        "9432.T": 0.0736920459907552,
        "9434.T": 0.123221244381182,
        "6288.HK": 0.0430306050282942
    }
}