{
    "portfolio_56": {
        "LIN": 0.01,
        "PEP": 0.0981095587788154,
        "TLK": 0.1012389417916073,
        "OLLI": 0.01,
        "AI.PA": 0.01,
        "0DH.F": 0.01,
        "BPE.F": 0.0139947326965118,
        "AD.AS": 0.0819631548276716,
        "KPN.AS": 0.1618187425121806,
        "600519.SS": 0.0573977849558952,
        "601398.SS": 0.1647449446471237,
        "7974.T": 0.0545683448410433,
        "9432.T": 0.1199212900366344,
        "0941.HK": 0.068123383452077,
        "6288.HK": 0.0381191214604395
    }
}