{
    "portfolio_426": {
        "PEP": 0.1033830889157946,
        "TLK": 0.0983178849815768,
        "0DH.F": 0.01,
        "AZN.L": 0.01,
        "SHEL.L": 0.0367446665988481,
        "AD.AS": 0.0785693711855626,
        "KPN.AS": 0.1429431659742206,
        "REN.AS": 0.01,
        "600519.SS": 0.0490308124125939,
        "601398.SS": 0.159945537086295,
        "2914.T": 0.0619662417887625,
        "7974.T": 0.0455856539577558,
        "9432.T": 0.0924169256958987,
        "0941.HK": 0.0657602945124846,
        "6288.HK": 0.0353363568902066
    }
}