{
    "portfolio_951": {
        "PEP": 0.0818434429485744,
        "TLK": 0.0855379247589049,
        "VERX": 0.01,
        "AIR.PA": 0.01,
        "HSBA.L": 0.01,
        "AD.AS": 0.0670039919255779,
        "INGA.AS": 0.01,
        "KPN.AS": 0.1744347481953362,
        "600519.SS": 0.0479054725137004,
        "601398.SS": 0.16842001894337,
        "601857.SS": 0.0197773495335414,
        "2914.T": 0.0640120019616337,
        "9432.T": 0.0737771629222896,
        "9434.T": 0.1362042906045222,
        "6288.HK": 0.0410835956925493
    }
}