{
    "portfolio_459": {
        "KT": 0.058156822053483,
        "TEO": 0.01,
        "TLK": 0.0775487340381996,
        "BSD2.F": 0.01,
        "PJXC.F": 0.01,
        "AZN.L": 0.01,
        "ULVR.L": 0.0583803837984294,
        "AD.AS": 0.077344232081743,
        "KPN.AS": 0.1666925363799476,
        "REN.AS": 0.01,
        "601398.SS": 0.185211897591698,
        "2914.T": 0.0600044529854987,
        "9432.T": 0.0854226711561933,
        "9434.T": 0.1338895635479748,
        "6288.HK": 0.0473487063668326
    }
}