{
    "portfolio_183": {
        "KT": 0.0525069530905428,
        "TLK": 0.0794913619863807,
        "RYTM": 0.01,
        "PJXC.F": 0.01,
        "0TDD.L": 0.01,
        "ULVR.L": 0.0599067147206722,
        "AD.AS": 0.0783399667802044,
        "KPN.AS": 0.1785210758123012,
        "601138.SS": 0.0154383612086114,
        "601398.SS": 0.1854408244245282,
        "2914.T": 0.059285296720758,
        "8001.T": 0.01,
        "9432.T": 0.0840467107654837,
        "9434.T": 0.1265422526029727,
        "6288.HK": 0.0404804818875447
    }
}