{
    "portfolio_862": {
        "PEP": 0.0810081020405564,
        "TLK": 0.0923146579797634,
        "LNTH": 0.01,
        "CS.PA": 0.01,
        "2B5.F": 0.01,
        "BPE5.F": 0.01,
        "ULVR.L": 0.0517132806173741,
        "AD.AS": 0.0664874646035184,
        "KPN.AS": 0.1498628532326622,
        "601398.SS": 0.1702383718462594,
        "2914.T": 0.0809436493443313,
        "9433.T": 0.0513308978573643,
        "9434.T": 0.1036186702810048,
        "0941.HK": 0.0713430161314807,
        "6288.HK": 0.0411390360656847
    }
}