{
    "portfolio_901": {
        "PEP": 0.0663503744150657,
        "TLK": 0.0916446884823817,
        "PRCT": 0.01,
        "0TDD.L": 0.01,
        "AD.AS": 0.0762842248653175,
        "KPN.AS": 0.1687701622377176,
        "WKL.AS": 0.027037862941153,
        "600519.SS": 0.0416274943348135,
        "601398.SS": 0.1672753446582723,
        "601939.SS": 0.01,
        "2914.T": 0.0755356890754843,
        "8031.T": 0.01,
        "9434.T": 0.157899140886737,
        "0941.HK": 0.0556448019100385,
        "6288.HK": 0.0319302161930188
    }
}