{
    "portfolio_638": {
        "PEP": 0.0703700800544197,
        "TLK": 0.0841909419122569,
        "IESC": 0.0173923435347485,
        "ULVR.L": 0.0450098191595241,
        "AD.AS": 0.0695162333186738,
        "KPN.AS": 0.1664564608035558,
        "600519.SS": 0.037146434735621,
        "601398.SS": 0.1655226118130849,
        "601728.SS": 0.01,
        "2914.T": 0.0611915539178545,
        "4519.T": 0.0132254837739435,
        "9432.T": 0.0647970781161215,
        "9434.T": 0.1165287113494462,
        "0941.HK": 0.0440250648367575,
        "6288.HK": 0.0346271826739918
    }
}