{
    "portfolio_541": {
        "PEP": 0.0655211933929669,
        "BSAC": 0.01,
        "TLK": 0.0885980074776989,
        "OLLI": 0.01,
        "ULVR.L": 0.0475100222968331,
        "AD.AS": 0.0675377211121005,
        "KPN.AS": 0.1678263930122222,
        "600519.SS": 0.0396857571723232,
        "601138.SS": 0.01,
        "601398.SS": 0.1744867694246128,
        "2914.T": 0.0644421766928985,
        "9432.T": 0.070572062315404,
        "9434.T": 0.1330227063706656,
        "0386.HK": 0.0110409480810209,
        "6288.HK": 0.0397562426512534
    }
}