{
    "portfolio_170": {
        "PEP": 0.0763945171721262,
        "TLK": 0.0941107356012342,
        "SMMT": 0.01,
        "ULVR.L": 0.0522615488996402,
        "AD.AS": 0.0623395230988811,
        "KPN.AS": 0.1506198345004792,
        "SHELL.AS": 0.0276573478369349,
        "600900.SS": 0.0544857895233435,
        "601328.SS": 0.01,
        "601398.SS": 0.1315920185833313,
        "2914.T": 0.0846642674186246,
        "8031.T": 0.01,
        "9434.T": 0.1432196548136288,
        "0941.HK": 0.055532440648144,
        "6288.HK": 0.0371223219036319
    }
}