{
    "portfolio_247": {
        "KT": 0.0515791869096823,
        "TLK": 0.0817239132315034,
        "ADMA": 0.01,
        "PJXC.F": 0.01,
        "SKFA.F": 0.01,
        "0TDD.L": 0.01,
        "ULVR.L": 0.0584467222250638,
        "AD.AS": 0.0809813192065577,
        "KPN.AS": 0.1712747066112157,
        "601398.SS": 0.1715517935359705,
        "2914.T": 0.0558652835961327,
        "9432.T": 0.0897517161194557,
        "9434.T": 0.1288502226424388,
        "0941.HK": 0.0273197547452177,
        "6288.HK": 0.0426553811767615
    }
}