{
    "portfolio_4": {
        "PEP": 0.0772261284050104,
        "TLK": 0.0893691706638226,
        "AI.PA": 0.01,
        "TTE.PA": 0.01,
        "0K9E.L": 0.0227012102912277,
        "AD.AS": 0.0733547868938697,
        "KPN.AS": 0.1639189600267105,
        "600519.SS": 0.0401283214477961,
        "601398.SS": 0.1626722350624086,
        "2914.T": 0.0573608270016398,
        "9432.T": 0.0663017441613195,
        "9434.T": 0.1303370353941628,
        "0941.HK": 0.0506877476362994,
        "1088.HK": 0.01,
        "6288.HK": 0.0359418330157328
    }
}