{
    "portfolio_972": {
        "KT": 0.0612596357055274,
        "TLK": 0.0793569975652222,
        "PJXC.F": 0.01,
        "SHEL.L": 0.0230881491264422,
        "ULVR.L": 0.063777627747028,
        "AD.AS": 0.0787774111939841,
        "KPN.AS": 0.16738914272511,
        "601288.SS": 0.0509288170881863,
        "601398.SS": 0.1303010128786594,
        "2914.T": 0.0554915854303482,
        "8058.T": 0.01,
        "9432.T": 0.0842561367511513,
        "9434.T": 0.1304815412269984,
        "1288.HK": 0.0110590476295234,
        "6288.HK": 0.0438328949318188
    }
}