{
    "portfolio_539": {
        "CRESY": 0.01,
        "PEP": 0.0690667532495472,
        "TLK": 0.0901147610968532,
        "DG.PA": 0.01,
        "ULVR.L": 0.0556749778420573,
        "AD.AS": 0.0680579489143778,
        "KPN.AS": 0.156054930600931,
        "601398.SS": 0.1674446622444075,
        "2914.T": 0.065514097906222,
        "4063.T": 0.0131805778890827,
        "7974.T": 0.021744611991661,
        "9432.T": 0.0613190536889558,
        "9434.T": 0.1164348845661832,
        "0941.HK": 0.0583346566928333,
        "6288.HK": 0.0370580833168879
    }
}