{
    "portfolio_489": {
        "PEP": 0.1071067769002752,
        "TLK": 0.0965647755293778,
        "OLLI": 0.01,
        "0DH.F": 0.01,
        "SHEL.L": 0.036008329621686,
        "AD.AS": 0.0801570047331093,
        "INGA.AS": 0.01,
        "KPN.AS": 0.1556093226321868,
        "600519.SS": 0.0556918053293497,
        "601328.SS": 0.01,
        "601398.SS": 0.1567638473807576,
        "7974.T": 0.0528374767325832,
        "9432.T": 0.1180812257601758,
        "0941.HK": 0.0636769891279402,
        "6288.HK": 0.0375024462525583
    }
}