{
    "portfolio_917": {
        "PEP": 0.0904991216587016,
        "PKX": 0.01,
        "TLK": 0.0751744262210914,
        "WK0.F": 0.01,
        "TYT.L": 0.0504198645476244,
        "ULVR.L": 0.0497557775692784,
        "AD.AS": 0.0560155911894259,
        "KPN.AS": 0.1953668703933484,
        "600519.SS": 0.0588120471287954,
        "600941.SS": 0.01,
        "601088.SS": 0.01,
        "601398.SS": 0.1496746329796816,
        "7974.T": 0.01,
        "9432.T": 0.0892217188408015,
        "9434.T": 0.1350599494712514
    }
}