{
    "portfolio_112": {
        "PEP": 0.0829852249977811,
        "TLK": 0.0976376907556233,
        "2B5.F": 0.01,
        "0YXG.L": 0.01,
        "ULVR.L": 0.0479538161897649,
        "AD.AS": 0.0676143408059108,
        "KPN.AS": 0.1602204710856512,
        "600519.SS": 0.0358808812863202,
        "600941.SS": 0.01,
        "601398.SS": 0.1734776593192177,
        "2914.T": 0.0789353879675727,
        "8058.T": 0.01,
        "9434.T": 0.1512755138735674,
        "0857.HK": 0.0233486194787528,
        "6288.HK": 0.0406703942398379
    }
}