{
    "portfolio_318": {
        "LIN": 0.01,
        "PEP": 0.0655903647132712,
        "TLK": 0.0927947013761304,
        "PRCT": 0.01,
        "SMMT": 0.01,
        "BHP.L": 0.01,
        "TTE.L": 0.01,
        "ULVR.L": 0.0525043354384657,
        "AD.AS": 0.0621515296439589,
        "KPN.AS": 0.1653308842021529,
        "601398.SS": 0.1695817243558683,
        "2914.T": 0.0847674815705164,
        "9434.T": 0.1525078154384397,
        "0941.HK": 0.0671454576915806,
        "6288.HK": 0.0376257055696157
    }
}