{
    "portfolio_86": {
        "PEP": 0.0684277608718714,
        "TMUS": 0.01,
        "KT": 0.0464018265110656,
        "TLK": 0.085327175102849,
        "LPS1.F": 0.01,
        "ULVR.L": 0.0572836295492146,
        "KPN.AS": 0.1767136275045099,
        "600519.SS": 0.0545925466679311,
        "601398.SS": 0.1660910452416015,
        "2914.T": 0.0583217354114964,
        "9433.T": 0.0796743374994258,
        "9434.T": 0.1265047042212803,
        "0857.HK": 0.0117530091380187,
        "0883.HK": 0.01,
        "6288.HK": 0.0389086022807356
    }
}