{
    "portfolio_970": {
        "CRESY": 0.01,
        "PEP": 0.0780940368022665,
        "TLK": 0.0825286969997019,
        "ULVR.L": 0.0529073203932241,
        "AD.AS": 0.0684462620985646,
        "KPN.AS": 0.1615661839289482,
        "SHELL.AS": 0.0189790318727581,
        "600519.SS": 0.0452203266756171,
        "601398.SS": 0.1783929275445623,
        "8031.T": 0.01,
        "9432.T": 0.0860348229923573,
        "9434.T": 0.145656850403208,
        "9983.T": 0.01,
        "0857.HK": 0.0192991930333537,
        "6288.HK": 0.0328743472554384
    }
}