{
    "portfolio_819": {
        "PEP": 0.0573172956936643,
        "TLK": 0.085475753531278,
        "LNTH": 0.01,
        "PRCT": 0.01,
        "8GC.F": 0.01,
        "ULVR.L": 0.0579008753174362,
        "AD.AS": 0.0710226034348842,
        "KPN.AS": 0.1662132838022135,
        "601328.SS": 0.01,
        "601398.SS": 0.160115919117445,
        "2914.T": 0.0842402134186134,
        "9434.T": 0.168443576674211,
        "0941.HK": 0.0611785055652865,
        "1288.HK": 0.01,
        "6288.HK": 0.0380919734449678
    }
}