{
    "portfolio_688": {
        "PEP": 0.075503565365451,
        "TEO": 0.01,
        "TLK": 0.0838206704242073,
        "AXSM": 0.01,
        "BSD2.F": 0.01,
        "AZN.L": 0.01,
        "ULVR.L": 0.045550761709719,
        "AD.AS": 0.0631548568059547,
        "KPN.AS": 0.1649917177321421,
        "600519.SS": 0.0459155954882171,
        "601398.SS": 0.1918831187393242,
        "8001.T": 0.01,
        "9432.T": 0.0932525467326096,
        "9434.T": 0.1450473417203334,
        "6288.HK": 0.0408798252820417
    }
}