{
    "portfolio_615": {
        "PEP": 0.0880974911826522,
        "TEO": 0.01,
        "TLK": 0.0963490375283021,
        "RYTM": 0.01,
        "0DH.F": 0.01,
        "ULVR.L": 0.0564219429383294,
        "AD.AS": 0.0787360880297214,
        "KPN.AS": 0.1253887856977264,
        "SHELL.AS": 0.0313969624890425,
        "600519.SS": 0.0484529694269473,
        "601398.SS": 0.161293646661168,
        "2914.T": 0.0670293183413082,
        "7974.T": 0.0550819574283407,
        "9433.T": 0.0889621120998756,
        "0941.HK": 0.0727896881765859
    }
}