{
    "portfolio_463": {
        "CRESY": 0.01,
        "PEP": 0.060870976527208,
        "TEO": 0.01,
        "TLK": 0.0848235565075303,
        "0YXG.L": 0.01,
        "ULVR.L": 0.0587384725049726,
        "AD.AS": 0.0725168894894211,
        "KPN.AS": 0.1480032126473966,
        "SHELL.AS": 0.0190089882332319,
        "601398.SS": 0.1719852259548358,
        "2914.T": 0.084674514891947,
        "9434.T": 0.1620274338175064,
        "9983.T": 0.01,
        "0941.HK": 0.0632414261552267,
        "6288.HK": 0.0341093032707238
    }
}