{
    "portfolio_967": {
        "PEP": 0.0735594560206988,
        "TLK": 0.0940695040828525,
        "SKFA.F": 0.01,
        "ULVR.L": 0.0453621336685797,
        "AD.AS": 0.0692869232776197,
        "KPN.AS": 0.1660479020468698,
        "600519.SS": 0.04242142728591,
        "601398.SS": 0.1684588977934129,
        "601988.SS": 0.01,
        "2914.T": 0.0555589634541542,
        "8058.T": 0.01,
        "9432.T": 0.074257233211239,
        "9434.T": 0.1288034065920282,
        "0883.HK": 0.0141828990012209,
        "6288.HK": 0.037991253565414
    }
}