{
    "portfolio_487": {
        "KT": 0.0597464184542168,
        "TLK": 0.0744173443789756,
        "PJXC.F": 0.01,
        "WK0.F": 0.01,
        "ULVR.L": 0.0623714933235655,
        "AD.AS": 0.0788826161036137,
        "KPN.AS": 0.2049477611708987,
        "601398.SS": 0.1445745283682072,
        "2914.T": 0.0762210596545831,
        "6857.T": 0.01,
        "9432.T": 0.0929858606238166,
        "9434.T": 0.1244796985867173,
        "0386.HK": 0.01,
        "0883.HK": 0.01,
        "6288.HK": 0.0313732193354053
    }
}