{
    "portfolio_559": {
        "PEP": 0.0774422805037741,
        "TLK": 0.0888772336874882,
        "0TDD.L": 0.01,
        "0YXG.L": 0.01,
        "AD.AS": 0.0724350537796354,
        "INPST.AS": 0.01,
        "KPN.AS": 0.1740351448700564,
        "600519.SS": 0.0449023738092528,
        "601398.SS": 0.1698129587916549,
        "601728.SS": 0.01,
        "601857.SS": 0.0180394894944535,
        "2914.T": 0.0659507916736206,
        "9432.T": 0.0740623592993518,
        "9434.T": 0.1342866682058433,
        "6288.HK": 0.0401556458848688
    }
}