{
    "portfolio_764": {
        "PEP": 0.0664095748502304,
        "TLK": 0.0797523431026858,
        "IESC": 0.0143998520223693,
        "VERX": 0.01,
        "HSBA.L": 0.01,
        "ULVR.L": 0.0531419749951153,
        "AD.AS": 0.063078189476837,
        "KPN.AS": 0.1576753018087968,
        "SHELL.AS": 0.024023283304361,
        "601398.SS": 0.1652966919916434,
        "2914.T": 0.0725787772941452,
        "9432.T": 0.066659594292751,
        "9434.T": 0.116513032137967,
        "0941.HK": 0.0620249679925286,
        "6288.HK": 0.0384464167305691
    }
}