{
    "portfolio_353": {
        "AVGO": 0.0143634576850542,
        "PEP": 0.0542381728934011,
        "TLK": 0.0949206333053616,
        "RYTM": 0.01,
        "OL5.F": 0.01,
        "ULVR.L": 0.0600800899044286,
        "AD.AS": 0.078986707056286,
        "KPN.AS": 0.1596182168143732,
        "601398.SS": 0.1604987590957124,
        "2914.T": 0.0845188496575671,
        "9434.T": 0.1598832491443002,
        "0857.HK": 0.01,
        "0941.HK": 0.0557388475830302,
        "1088.HK": 0.01,
        "6288.HK": 0.0371530168604855
    }
}