{
    "portfolio_763": {
        "PEP": 0.067285101100809,
        "TLK": 0.0684677648476138,
        "APPF": 0.0124172192964364,
        "LNTH": 0.01,
        "PRCT": 0.01,
        "WK0.F": 0.01,
        "TYT.L": 0.0432760419719406,
        "ULVR.L": 0.0527457386455898,
        "AD.AS": 0.0581772708284666,
        "KPN.AS": 0.1990034137234982,
        "600028.SS": 0.01,
        "600519.SS": 0.0544389818387676,
        "601398.SS": 0.1584479997292614,
        "2914.T": 0.0757848027193613,
        "9434.T": 0.1699556652982551
    }
}