{
    "portfolio_961": {
        "PEP": 0.0829080791208465,
        "TLK": 0.095739119991235,
        "APPF": 0.026677222633482,
        "0DH.F": 0.01,
        "SHEL.L": 0.0382972132667019,
        "AD.AS": 0.0812655194455596,
        "KPN.AS": 0.1453538115101905,
        "600519.SS": 0.0520729586350104,
        "601398.SS": 0.1814877043046987,
        "2914.T": 0.0656340242553798,
        "6857.T": 0.01,
        "7974.T": 0.0485147813111199,
        "9434.T": 0.1168748193008259,
        "0728.HK": 0.01,
        "6288.HK": 0.0351747462249496
    }
}