{
    "portfolio_555": {
        "PEP": 0.0629936225459227,
        "TLK": 0.0804025016053348,
        "PRCT": 0.01,
        "AIR.PA": 0.01,
        "TTE.PA": 0.01,
        "SHEL.L": 0.0252110255952785,
        "ULVR.L": 0.0543628109739276,
        "AD.AS": 0.0662190489655227,
        "KPN.AS": 0.15230353395661,
        "600900.SS": 0.0553964690402466,
        "601398.SS": 0.1657398903053621,
        "2914.T": 0.0895793064309468,
        "9434.T": 0.1622395082466399,
        "0728.HK": 0.0145943658547739,
        "6288.HK": 0.0409579164794342
    }
}