{
    "portfolio_573": {
        "CRESY": 0.01,
        "PEP": 0.0699043735623257,
        "TGS": 0.01,
        "TLK": 0.0821227127951796,
        "ULVR.L": 0.0520865808333669,
        "AD.AS": 0.0715550214746965,
        "KPN.AS": 0.1585164138933084,
        "600519.SS": 0.0351957367354328,
        "601398.SS": 0.1579386893671987,
        "2914.T": 0.0617187537285337,
        "9432.T": 0.0687281654622213,
        "9434.T": 0.1270508546411706,
        "0857.HK": 0.0130059271936974,
        "0941.HK": 0.0462928162957267,
        "6288.HK": 0.0358839540171416
    }
}