{
    "portfolio_100": {
        "PEP": 0.0815160534149429,
        "TLK": 0.0926716990084885,
        "ULVR.L": 0.045901857410723,
        "AD.AS": 0.0698848863641441,
        "KPN.AS": 0.1691634406467721,
        "600519.SS": 0.0442935901599869,
        "601398.SS": 0.157723783551152,
        "601988.SS": 0.01,
        "8031.T": 0.01,
        "8058.T": 0.01,
        "9432.T": 0.0837081058470897,
        "9434.T": 0.1378273033104966,
        "0728.HK": 0.01,
        "0941.HK": 0.0419607602237755,
        "6288.HK": 0.0353485200624284
    }
}