{
    "portfolio_509": {
        "KT": 0.0610061677557222,
        "TLK": 0.0939635995450038,
        "RYTM": 0.01,
        "0DH.F": 0.01,
        "PJXC.F": 0.01,
        "ULVR.L": 0.0738157542102227,
        "AD.AS": 0.0739110046097667,
        "KPN.AS": 0.1695109341209862,
        "601288.SS": 0.1674910202573358,
        "601728.SS": 0.03830875719659,
        "8058.T": 0.01,
        "9432.T": 0.1114735515721677,
        "9434.T": 0.1160573531120412,
        "0857.HK": 0.01,
        "6288.HK": 0.0444618576201635
    }
}