{
    "portfolio_449": {
        "PEP": 0.0812118017876653,
        "TLK": 0.0962288394379971,
        "RYTM": 0.01,
        "2B5.F": 0.01,
        "ULVR.L": 0.0480540436532682,
        "AD.AS": 0.0713929408754113,
        "KPN.AS": 0.1620902336012357,
        "601328.SS": 0.01,
        "601398.SS": 0.1694214691055094,
        "2914.T": 0.0861565282893279,
        "8001.T": 0.01,
        "9434.T": 0.1313593234517681,
        "9983.T": 0.01,
        "0941.HK": 0.0681511994888344,
        "6288.HK": 0.0359336203089827
    }
}