{
    "portfolio_175": {
        "PEP": 0.0805111994484924,
        "TGS": 0.01,
        "TLK": 0.0867885519221672,
        "0TDD.L": 0.01,
        "AD.AS": 0.0743248175065076,
        "INGA.AS": 0.01,
        "KPN.AS": 0.1701136005184873,
        "600519.SS": 0.0448422943477941,
        "601398.SS": 0.1810149217799174,
        "601728.SS": 0.0146940911793874,
        "2914.T": 0.059673032864478,
        "9432.T": 0.0721167768877301,
        "9434.T": 0.1363301008929021,
        "1088.HK": 0.01,
        "6288.HK": 0.0395906126521365
    }
}