{
    "portfolio_656": {
        "PEP": 0.0717882202020078,
        "TLK": 0.0860734532896138,
        "OLLI": 0.01,
        "VERX": 0.01,
        "TTE.PA": 0.01,
        "AD.AS": 0.069865311301276,
        "KPN.AS": 0.1772948676139015,
        "REN.AS": 0.010858309683131,
        "600519.SS": 0.0508507705550662,
        "601288.SS": 0.0157427329618042,
        "601398.SS": 0.1735490674050836,
        "2914.T": 0.0641888630430306,
        "9432.T": 0.0720882702584416,
        "9434.T": 0.1356293645775908,
        "6288.HK": 0.0420707691090528
    }
}