{
    "portfolio_257": {
        "PEP": 0.0725551834631646,
        "TLK": 0.0888276110414843,
        "TTE.PA": 0.01,
        "0YXG.L": 0.01,
        "ULVR.L": 0.0479304694093947,
        "AD.AS": 0.0667618047398866,
        "KPN.AS": 0.1621582971359933,
        "600519.SS": 0.0412953582062582,
        "601398.SS": 0.1688735274640743,
        "2914.T": 0.05709240776938,
        "8058.T": 0.01,
        "9432.T": 0.0696372148268246,
        "9434.T": 0.1335662793723497,
        "0857.HK": 0.0227970222882022,
        "6288.HK": 0.0385048242829876
    }
}