{
    "portfolio_448": {
        "PEP": 0.1209249470522586,
        "TMUS": 0.01,
        "EC": 0.0408697227942817,
        "TGS": 0.01,
        "APPF": 0.0462804818189907,
        "4AH1.F": 0.0103911625553214,
        "LFU2.F": 0.01,
        "OL5.F": 0.01,
        "ULVR.L": 0.1188388384411903,
        "KPN.AS": 0.0893126498975586,
        "SHELL.AS": 0.01,
        "601288.SS": 0.1390838173887387,
        "601728.SS": 0.0569255996868787,
        "7974.T": 0.2250528520846695,
        "9433.T": 0.1023199282801116
    }
}