{
    "portfolio_929": {
        "GOOGL": 0.0410681781337661,
        "PEP": 0.106482515658092,
        "EC": 0.0438490871710338,
        "APPF": 0.0373653068223854,
        "TTE.PA": 0.0185148097107587,
        "4AH1.F": 0.0103216724836989,
        "LFU2.F": 0.01,
        "ULVR.L": 0.1066465927017952,
        "KPN.AS": 0.0930671995953324,
        "601088.SS": 0.01,
        "601288.SS": 0.1207344232709912,
        "601728.SS": 0.0518546700949831,
        "7974.T": 0.2209096212064662,
        "9433.T": 0.1191859231506968,
        "0883.HK": 0.01
    }
}