{
    "portfolio_324": {
        "COST": 0.01,
        "MSFT": 0.01,
        "PEP": 0.0660937898965783,
        "TLK": 0.0949259362941816,
        "RDNT": 0.01,
        "2B5.F": 0.01,
        "ULVR.L": 0.0510030792874125,
        "AD.AS": 0.067766351058124,
        "KPN.AS": 0.1608658381040825,
        "601398.SS": 0.1661486867135872,
        "2914.T": 0.0927424085312003,
        "9434.T": 0.1415741132594232,
        "0941.HK": 0.0662683582053829,
        "1288.HK": 0.01,
        "6288.HK": 0.0426114386500275
    }
}