{
    "portfolio_823": {
        "PEP": 0.0705128797508601,
        "TLK": 0.0957196858166626,
        "RYTM": 0.01,
        "SMMT": 0.01,
        "BPE5.F": 0.0113303918649375,
        "0TDD.L": 0.01,
        "ULVR.L": 0.0478466022515855,
        "AD.AS": 0.0656442938221061,
        "KPN.AS": 0.1578642000517678,
        "601398.SS": 0.17183644208491,
        "2914.T": 0.0844821742007541,
        "7974.T": 0.0226794169445952,
        "9434.T": 0.1407870532938885,
        "0941.HK": 0.0661954170414877,
        "6288.HK": 0.0351014428764448
    }
}