{
    "portfolio_261": {
        "CRESY": 0.01,
        "PEP": 0.0988381593988898,
        "TLK": 0.0681242488058529,
        "WK0.F": 0.01,
        "SHEL.L": 0.0332327958153766,
        "AD.AS": 0.0710264368848004,
        "KPN.AS": 0.1825656935210814,
        "600519.SS": 0.0574445911133858,
        "601398.SS": 0.1619545038617115,
        "601728.SS": 0.01,
        "2914.T": 0.0768452614450642,
        "4063.T": 0.0197327214937247,
        "4519.T": 0.01,
        "9433.T": 0.0763530113477328,
        "9434.T": 0.1138825763123797
    }
}