{
    "portfolio_997": {
        "PEP": 0.0784624203636917,
        "KT": 0.0415685056065638,
        "PKX": 0.01,
        "TLK": 0.0701072160872804,
        "8GC.F": 0.01,
        "LPS1.F": 0.01,
        "HSBA.L": 0.01,
        "ULVR.L": 0.0520813443161551,
        "INGA.AS": 0.01,
        "KPN.AS": 0.1851083422580643,
        "600519.SS": 0.0561427245159285,
        "601398.SS": 0.1782749547035672,
        "9432.T": 0.1065144816980439,
        "9434.T": 0.1389182431057823,
        "6288.HK": 0.0428217673449226
    }
}