{
    "portfolio_486": {
        "PEP": 0.078848555155361,
        "TLK": 0.0986750700674684,
        "SAF.PA": 0.01,
        "2B5.F": 0.01,
        "AZN.L": 0.01,
        "ULVR.L": 0.0416336821513637,
        "AD.AS": 0.0633426118191503,
        "CCEP.AS": 0.01,
        "INGA.AS": 0.01,
        "KPN.AS": 0.1511543848069044,
        "601398.SS": 0.1735318297846115,
        "2914.T": 0.0927796627049133,
        "9434.T": 0.1367068089141683,
        "0941.HK": 0.0719098794674887,
        "6288.HK": 0.0414175151285702
    }
}