{
    "portfolio_626": {
        "AVGO": 0.01,
        "CRESY": 0.01,
        "PEP": 0.0872027547915271,
        "TLK": 0.0981889106673751,
        "AXSM": 0.01,
        "0DH.F": 0.01,
        "ULVR.L": 0.0620306491770094,
        "AD.AS": 0.0721698413437751,
        "KPN.AS": 0.1541093584379042,
        "600519.SS": 0.055393605364398,
        "601088.SS": 0.01,
        "601398.SS": 0.1838113199712248,
        "7974.T": 0.0631748423854082,
        "9432.T": 0.1310388241713468,
        "6288.HK": 0.042879893690031
    }
}