{
    "portfolio_370": {
        "PEP": 0.0723652275032702,
        "BCH": 0.01,
        "TLK": 0.0893054764474724,
        "0TDD.L": 0.01,
        "ULVR.L": 0.0456934237964351,
        "AD.AS": 0.0657306720582091,
        "KPN.AS": 0.162659586932684,
        "600519.SS": 0.0394782433332651,
        "601138.SS": 0.01,
        "601398.SS": 0.1779564136567254,
        "2914.T": 0.0648354289999682,
        "9432.T": 0.0736094743134017,
        "9434.T": 0.1299265019875549,
        "3988.HK": 0.01,
        "6288.HK": 0.0384395509710138
    }
}