{
    "portfolio_289": {
        "PEP": 0.0890533393817077,
        "TLK": 0.1161295136846261,
        "0DH.F": 0.01,
        "ULVR.L": 0.0534169619490598,
        "AD.AS": 0.0805532430823052,
        "KPN.AS": 0.1404349498275472,
        "600519.SS": 0.0538696482701934,
        "601398.SS": 0.1722102266015404,
        "2914.T": 0.0644315323012143,
        "7974.T": 0.0605022354408699,
        "8031.T": 0.01,
        "9433.T": 0.0916890274463134,
        "0857.HK": 0.01,
        "1088.HK": 0.01,
        "6288.HK": 0.0377093220146227
    }
}