{
    "portfolio_339": {
        "PEP": 0.0790965397918913,
        "TGS": 0.01,
        "TLK": 0.0875857302790221,
        "ULVR.L": 0.0487046699737948,
        "AD.AS": 0.0692036068611368,
        "KPN.AS": 0.171116106278411,
        "600519.SS": 0.0484813927907012,
        "601398.SS": 0.1490650390771959,
        "601857.SS": 0.01,
        "601939.SS": 0.01,
        "601988.SS": 0.01,
        "9432.T": 0.0888408541216364,
        "9434.T": 0.1579168582459393,
        "0857.HK": 0.0200804801010963,
        "6288.HK": 0.0399087224791748
    }
}