{
    "portfolio_923": {
        "PEP": 0.0926527212542806,
        "TLK": 0.0735198948450467,
        "AI.PA": 0.01,
        "WK0.F": 0.01,
        "SHEL.L": 0.0355448114862929,
        "ULVR.L": 0.0422841851934979,
        "AD.AS": 0.0604171180892216,
        "KPN.AS": 0.1743080279731237,
        "600519.SS": 0.0556666642570753,
        "600941.SS": 0.01,
        "601398.SS": 0.1526576194016308,
        "2914.T": 0.0821688892046276,
        "8001.T": 0.01,
        "9433.T": 0.0702719177221052,
        "9434.T": 0.1205081505730976
    }
}