{
    "portfolio_947": {
        "PEP": 0.1165053522680369,
        "TLK": 0.0965409939895952,
        "AXSM": 0.01,
        "0DH.F": 0.01,
        "0TDD.L": 0.01,
        "SHEL.L": 0.0383740588104122,
        "AD.AS": 0.0763201343322324,
        "KPN.AS": 0.1543558592407302,
        "600028.SS": 0.01,
        "600519.SS": 0.0591700933774208,
        "601398.SS": 0.1666405877568224,
        "7974.T": 0.051035748306033,
        "9432.T": 0.1233266490393271,
        "9983.T": 0.01,
        "0941.HK": 0.06773052287939
    }
}