{
    "portfolio_44": {
        "PEP": 0.0731905253276678,
        "TGS": 0.01,
        "TLK": 0.0859994434678986,
        "SHEL.L": 0.0282052519915194,
        "ULVR.L": 0.0471357520138124,
        "AD.AS": 0.0737486534682948,
        "KPN.AS": 0.1471785453545243,
        "600519.SS": 0.0391824523851797,
        "601398.SS": 0.177819655000195,
        "2914.T": 0.0684047208899929,
        "9433.T": 0.0603942711183147,
        "9434.T": 0.129776610979234,
        "0728.HK": 0.012021064185905,
        "1088.HK": 0.01,
        "6288.HK": 0.0369430538174613
    }
}