{
    "portfolio_219": {
        "CRESY": 0.01,
        "PEP": 0.0670421421406236,
        "TLK": 0.0847937674989744,
        "0YXG.L": 0.01,
        "ULVR.L": 0.0507510281662434,
        "AD.AS": 0.0672440349757159,
        "KPN.AS": 0.1633281092275756,
        "600519.SS": 0.0408360022595881,
        "600941.SS": 0.01,
        "601398.SS": 0.1800045201265066,
        "2914.T": 0.0603593704224681,
        "4063.T": 0.0165620596873396,
        "9432.T": 0.0719944694923439,
        "9434.T": 0.128047840401665,
        "6288.HK": 0.0390366556009559
    }
}