{
    "portfolio_51": {
        "PEP": 0.1249856484154398,
        "EC": 0.047415090020247,
        "APPF": 0.0472168108533389,
        "TTE.PA": 0.0200392958765277,
        "4AH1.F": 0.0102570492944348,
        "LFU2.F": 0.01,
        "ULVR.L": 0.1045662495770028,
        "KPN.AS": 0.0898142285142605,
        "REN.AS": 0.01,
        "601288.SS": 0.1263593932995578,
        "601728.SS": 0.0587752326519087,
        "4519.T": 0.01,
        "7974.T": 0.2213748681641508,
        "9433.T": 0.109196133333131,
        "1288.HK": 0.01
    }
}