{
    "portfolio_646": {
        "PEP": 0.109560842250263,
        "TLK": 0.0969875437828941,
        "0DH.F": 0.01,
        "SHEL.L": 0.0392976681990938,
        "ULVR.L": 0.0518428804101404,
        "AD.AS": 0.0741124113244867,
        "KPN.AS": 0.1428926526129037,
        "600519.SS": 0.0531739822018585,
        "601088.SS": 0.01,
        "601398.SS": 0.1557338966927565,
        "6857.T": 0.01,
        "7974.T": 0.0529608064759424,
        "9432.T": 0.1155830928479516,
        "9983.T": 0.01,
        "0941.HK": 0.0678542232017094
    }
}