{
    "portfolio_503": {
        "LIN": 0.01,
        "PEP": 0.0962769735451965,
        "TMUS": 0.01,
        "EC": 0.0415863355190323,
        "APPF": 0.0414024114269109,
        "4AH1.F": 0.0100525277231637,
        "LFU2.F": 0.01,
        "PJXC.F": 0.01,
        "ULVR.L": 0.1143641628537265,
        "KPN.AS": 0.1188016881687217,
        "601288.SS": 0.1402862845152457,
        "601728.SS": 0.0541497750974407,
        "601857.SS": 0.01,
        "7974.T": 0.2229512830949594,
        "9433.T": 0.1101285580556021
    }
}