{
    "portfolio_912": {
        "PEP": 0.0815126074342204,
        "TLK": 0.0906720617819314,
        "HSBA.L": 0.01,
        "ULVR.L": 0.0428866828581908,
        "AD.AS": 0.0697006445018527,
        "KPN.AS": 0.1670844186723518,
        "600519.SS": 0.042955358752247,
        "601398.SS": 0.1658259737942048,
        "601728.SS": 0.01,
        "4568.T": 0.01,
        "8058.T": 0.01,
        "9432.T": 0.0819081192969168,
        "9434.T": 0.1368739363848875,
        "0941.HK": 0.0447416929690234,
        "6288.HK": 0.0358385035541733
    }
}