{
    "portfolio_730": {
        "KT": 0.0556275143801926,
        "TLK": 0.0828020225207265,
        "PJXC.F": 0.01,
        "0R4P.L": 0.0217500702990986,
        "0TDD.L": 0.01,
        "ULVR.L": 0.0603168029197995,
        "AD.AS": 0.075403938987682,
        "KPN.AS": 0.1714655113144095,
        "601398.SS": 0.1781395296034668,
        "2914.T": 0.0603770575682765,
        "7974.T": 0.0141306945991113,
        "9432.T": 0.084700756136662,
        "9434.T": 0.1232069899356484,
        "0728.HK": 0.01,
        "6288.HK": 0.0420791117349261
    }
}