{
    "portfolio_732": {
        "PEP": 0.0579801014765857,
        "TLK": 0.092108838536327,
        "MDB": 0.01,
        "BSD2.F": 0.01,
        "0K9E.L": 0.0164561146306985,
        "AZN.L": 0.01,
        "ULVR.L": 0.0495946365036821,
        "AD.AS": 0.0689228916851843,
        "KPN.AS": 0.159725638899219,
        "601398.SS": 0.1701814318170231,
        "2914.T": 0.0800459878408356,
        "7203.T": 0.01,
        "9434.T": 0.1637515546122749,
        "0941.HK": 0.0623143881580492,
        "6288.HK": 0.0389184158401208
    }
}