{
    "portfolio_664": {
        "PEP": 0.0827016661900301,
        "TLK": 0.0855166173075992,
        "DG.PA": 0.01,
        "ULVR.L": 0.0458203678736446,
        "AD.AS": 0.0663514208059609,
        "KPN.AS": 0.1616853195228954,
        "SHELL.AS": 0.0219090440471085,
        "600519.SS": 0.0465219443964898,
        "601398.SS": 0.1820804843661375,
        "6857.T": 0.01,
        "8001.T": 0.01,
        "9432.T": 0.0876333816134136,
        "9434.T": 0.1419857624677074,
        "0883.HK": 0.0115568090283182,
        "6288.HK": 0.0362371823806948
    }
}