{
    "portfolio_673": {
        "PEP": 0.0918051249577278,
        "TLK": 0.0669463540785949,
        "ADMA": 0.01,
        "RYTM": 0.01,
        "LPS1.F": 0.01,
        "SHEL.L": 0.0351828242170822,
        "ULVR.L": 0.0545641326447241,
        "KPN.AS": 0.1881513550163171,
        "600519.SS": 0.0569418400867907,
        "601088.SS": 0.01,
        "601398.SS": 0.182963091274998,
        "9432.T": 0.1033509283707617,
        "9434.T": 0.1351371698951928,
        "9983.T": 0.01,
        "6288.HK": 0.0349571794578105
    }
}