{
    "portfolio_157": {
        "PEP": 0.0841352476412724,
        "TLK": 0.0724233162852324,
        "ADMA": 0.01,
        "RYTM": 0.01,
        "LPS1.F": 0.01,
        "SHEL.L": 0.0371582493524415,
        "ULVR.L": 0.0552489146858188,
        "KPN.AS": 0.1738814462439348,
        "600519.SS": 0.0548979053875171,
        "601288.SS": 0.0487611168350508,
        "601398.SS": 0.1430319470431552,
        "2914.T": 0.0618453388523392,
        "9433.T": 0.0834693681658194,
        "9434.T": 0.1186824382573418,
        "6288.HK": 0.0364647112500764
    }
}