{
    "portfolio_570": {
        "PEP": 0.0810174418019012,
        "TLK": 0.0855014017560333,
        "SHEL.L": 0.0312422080030377,
        "ULVR.L": 0.0437761155567923,
        "AD.AS": 0.0652109471075018,
        "KPN.AS": 0.1592077159060308,
        "REN.AS": 0.01,
        "600519.SS": 0.0444839228579255,
        "601398.SS": 0.1840397458277604,
        "4063.T": 0.0189320586277159,
        "8058.T": 0.01,
        "9432.T": 0.0835604554166383,
        "9434.T": 0.1378403353708006,
        "1088.HK": 0.01,
        "6288.HK": 0.0351876517678617
    }
}