{
    "portfolio_129": {
        "KT": 0.0566401500137269,
        "TGS": 0.01,
        "TLK": 0.0656723685228806,
        "PJXC.F": 0.01,
        "WK0.F": 0.01,
        "ULVR.L": 0.0609542343147654,
        "AD.AS": 0.0742683544069171,
        "KPN.AS": 0.208353145344927,
        "600519.SS": 0.0383401623266604,
        "601288.SS": 0.1426940709350514,
        "2914.T": 0.0714503041926958,
        "9432.T": 0.0950109970146097,
        "9434.T": 0.1366162129277657,
        "9983.T": 0.01,
        "0728.HK": 0.01
    }
}