{
    "portfolio_374": {
        "PEP": 0.072071873703561,
        "TLK": 0.0913836772575893,
        "AI.PA": 0.01,
        "SAF.PA": 0.01,
        "ULVR.L": 0.0437168362762988,
        "AD.AS": 0.0649651313121897,
        "KPN.AS": 0.163470273595661,
        "600519.SS": 0.0418053601238814,
        "601398.SS": 0.1809420265772293,
        "2914.T": 0.0618124142459602,
        "8058.T": 0.01,
        "9432.T": 0.06820488857938,
        "9434.T": 0.132054498167187,
        "1088.HK": 0.01,
        "6288.HK": 0.0395730201610621
    }
}