{
    "portfolio_583": {
        "PEP": 0.0735947441252483,
        "PKX": 0.01,
        "TGS": 0.01,
        "TLK": 0.0825698118573124,
        "AXSM": 0.01,
        "ULVR.L": 0.0498228127485428,
        "AD.AS": 0.0651865963361976,
        "KPN.AS": 0.1687053819387678,
        "600519.SS": 0.0441659248231838,
        "601288.SS": 0.01,
        "601398.SS": 0.178507026547496,
        "9432.T": 0.0981294506875429,
        "9434.T": 0.1470132071311798,
        "0883.HK": 0.0117374224758627,
        "6288.HK": 0.0405676213286657
    }
}