{
    "portfolio_645": {
        "PEP": 0.0719333229997442,
        "TLK": 0.0885076609077096,
        "DG.PA": 0.01,
        "ULVR.L": 0.0440635156360693,
        "AD.AS": 0.0664907008426006,
        "INPST.AS": 0.01,
        "KPN.AS": 0.1619877100155932,
        "600519.SS": 0.04099109332904,
        "601398.SS": 0.1712019891003059,
        "601728.SS": 0.0150246170089874,
        "601988.SS": 0.01,
        "2914.T": 0.0656527088461489,
        "9432.T": 0.07151196027462,
        "9434.T": 0.1328169661243086,
        "6288.HK": 0.0398177549148722
    }
}