{
    "portfolio_488": {
        "PEP": 0.0618840747667312,
        "TLK": 0.0828805180815952,
        "IESC": 0.0172291514734856,
        "OLLI": 0.01,
        "CS.PA": 0.01,
        "TYT.L": 0.0359941812352055,
        "ULVR.L": 0.0498389373833026,
        "AD.AS": 0.0610034490249175,
        "KPN.AS": 0.1714451550082956,
        "600519.SS": 0.0459836537777302,
        "601398.SS": 0.1894656592557791,
        "601899.SS": 0.0109057941634233,
        "9432.T": 0.0819998675940737,
        "9434.T": 0.1352389505675849,
        "6288.HK": 0.0361306076678755
    }
}