{
    "portfolio_785": {
        "PEP": 0.0504741523101052,
        "TLK": 0.0857509756037998,
        "APPF": 0.0100419083050207,
        "IESC": 0.0133611022383251,
        "LNTH": 0.01,
        "HSBA.L": 0.01,
        "ULVR.L": 0.0503498885073094,
        "AD.AS": 0.0668429090617524,
        "CCEP.AS": 0.01,
        "KPN.AS": 0.1644387553505098,
        "601398.SS": 0.1722451145836433,
        "2914.T": 0.0880473983800742,
        "9434.T": 0.1640792123585294,
        "0941.HK": 0.0651398479796526,
        "6288.HK": 0.0392287353212782
    }
}