{
    "portfolio_29": {
        "KT": 0.0569145366231192,
        "TLK": 0.079786397367018,
        "AXSM": 0.01,
        "PJXC.F": 0.01,
        "TYT.L": 0.01,
        "ULVR.L": 0.0677530893323157,
        "AD.AS": 0.0783304263038542,
        "KPN.AS": 0.1651287659670579,
        "SHELL.AS": 0.016274297533061,
        "601398.SS": 0.1757911923494144,
        "2914.T": 0.053038708435294,
        "9432.T": 0.0908560478226722,
        "9434.T": 0.1253733623587343,
        "1288.HK": 0.0170902088273126,
        "6288.HK": 0.0436629670801466
    }
}