{
    "portfolio_596": {
        "PEP": 0.0972048891162021,
        "BSAC": 0.01,
        "TLK": 0.1091497960361699,
        "IESC": 0.0100273809075577,
        "0DH.F": 0.01,
        "OL5.F": 0.01,
        "ULVR.L": 0.0638499872480106,
        "AD.AS": 0.0794980553125016,
        "KPN.AS": 0.1392642446675378,
        "600519.SS": 0.0570217429272778,
        "601288.SS": 0.1494899659729995,
        "601328.SS": 0.01,
        "7974.T": 0.0674928745828292,
        "9433.T": 0.105282937426219,
        "0941.HK": 0.0817181258026948
    }
}