{
    "portfolio_75": {
        "PEP": 0.0759616176123264,
        "TLK": 0.0938441359725102,
        "OL5.F": 0.01,
        "ULVR.L": 0.0567817827990141,
        "AD.AS": 0.0791557723916407,
        "KPN.AS": 0.1395883483707908,
        "SHELL.AS": 0.0244105631417272,
        "600519.SS": 0.0343245037461192,
        "601398.SS": 0.1564810814085982,
        "2914.T": 0.065349010336732,
        "9433.T": 0.0534666194773473,
        "9434.T": 0.1174158349943148,
        "0883.HK": 0.01,
        "0941.HK": 0.050585254424932,
        "6288.HK": 0.0326354753239471
    }
}