{
    "portfolio_628": {
        "PEP": 0.0900594365202316,
        "TLK": 0.1013810996155815,
        "0DH.F": 0.01,
        "8GC.F": 0.01,
        "ULVR.L": 0.0550533240591351,
        "AD.AS": 0.0695283023939224,
        "KPN.AS": 0.1445886799853778,
        "600519.SS": 0.0521666100397959,
        "601398.SS": 0.1651612856151151,
        "601728.SS": 0.0335790083741478,
        "4063.T": 0.01,
        "7974.T": 0.0488522398670358,
        "9432.T": 0.0862229141607068,
        "9434.T": 0.0876730388586354,
        "6288.HK": 0.0357340605103149
    }
}