{
    "portfolio_155": {
        "PEP": 0.0822508318903726,
        "TLK": 0.0860795663711894,
        "AI.PA": 0.01,
        "SAF.PA": 0.01,
        "BPE5.F": 0.01,
        "AD.AS": 0.0730118322839045,
        "KPN.AS": 0.1709092735769937,
        "600519.SS": 0.0476608441506974,
        "601398.SS": 0.1929689717441978,
        "2914.T": 0.0594794529438403,
        "6857.T": 0.01,
        "9432.T": 0.0735635360486644,
        "9434.T": 0.1285967025439454,
        "9983.T": 0.01,
        "6288.HK": 0.0354789884461943
    }
}