{
    "portfolio_173": {
        "AVGO": 0.0132356509647391,
        "PEP": 0.0593592137246402,
        "BCH": 0.01,
        "TLK": 0.0884215231781114,
        "BPE5.F": 0.01,
        "SKFA.F": 0.01,
        "ULVR.L": 0.052715140868306,
        "AD.AS": 0.0687457676760508,
        "KPN.AS": 0.159291156267271,
        "601398.SS": 0.1639856918263577,
        "2914.T": 0.0693392972627122,
        "9432.T": 0.0696833629216398,
        "9434.T": 0.122966688184379,
        "0941.HK": 0.0628846935078564,
        "6288.HK": 0.0393718136179364
    }
}