{
    "portfolio_781": {
        "PEP": 0.0779176641024113,
        "TGS": 0.01,
        "TLK": 0.0797826592042641,
        "RYTM": 0.01,
        "TTE.PA": 0.01,
        "AD.AS": 0.0787257140489382,
        "KPN.AS": 0.1752440129684124,
        "600519.SS": 0.0450476688436311,
        "601398.SS": 0.1858298099424271,
        "2914.T": 0.0595961822658373,
        "9432.T": 0.0715119081094021,
        "9434.T": 0.1355002342251015,
        "0386.HK": 0.01,
        "0728.HK": 0.0111773180083785,
        "6288.HK": 0.0396668282811965
    }
}