{
    "portfolio_25": {
        "PEP": 0.0925469422488987,
        "TLK": 0.0908753633466699,
        "RYTM": 0.01,
        "SAF.PA": 0.01,
        "0DH.F": 0.01,
        "SHEL.L": 0.036880678632584,
        "AD.AS": 0.0722872065631207,
        "KPN.AS": 0.1596099110833061,
        "600519.SS": 0.0641649265204574,
        "600941.SS": 0.01,
        "601398.SS": 0.1919417046257286,
        "8001.T": 0.01,
        "9432.T": 0.093495705059888,
        "9434.T": 0.1087992856470284,
        "6288.HK": 0.0393982762723183
    }
}