{
    "portfolio_749": {
        "PEP": 0.0755424963310168,
        "BCH": 0.01,
        "TLK": 0.0894955947632403,
        "ULVR.L": 0.0461032817488956,
        "AD.AS": 0.0696509760571077,
        "KPN.AS": 0.1640468072474044,
        "600519.SS": 0.0410240447547563,
        "601398.SS": 0.1737189443394774,
        "2914.T": 0.0604953075641432,
        "9432.T": 0.0722937308362239,
        "9434.T": 0.1284209851573742,
        "9983.T": 0.01,
        "0883.HK": 0.0128210526071047,
        "3988.HK": 0.01,
        "6288.HK": 0.0363867785932555
    }
}