{
    "portfolio_418": {
        "PEP": 0.0744561922296906,
        "KT": 0.0466544068532712,
        "TLK": 0.0703196913562457,
        "ADMA": 0.01,
        "BPE5.F": 0.0157772025916489,
        "LPS1.F": 0.01,
        "ULVR.L": 0.0579345710759999,
        "KPN.AS": 0.1842906176507922,
        "600519.SS": 0.0564349137767155,
        "601328.SS": 0.01,
        "601398.SS": 0.1701270952888924,
        "4063.T": 0.01,
        "9432.T": 0.1020942959416985,
        "9434.T": 0.1402728585258219,
        "6288.HK": 0.0416381547092231
    }
}