{
    "portfolio_484": {
        "PEP": 0.0695005733638559,
        "TLK": 0.084006915963165,
        "APPF": 0.01,
        "RYTM": 0.01,
        "0YXG.L": 0.01,
        "AD.AS": 0.0768566183580117,
        "KPN.AS": 0.1812042647766913,
        "600519.SS": 0.0444769009043293,
        "601398.SS": 0.1836658150386562,
        "2914.T": 0.0662073971602299,
        "9432.T": 0.0660784269479305,
        "9434.T": 0.1382916478296984,
        "0386.HK": 0.01,
        "1088.HK": 0.01,
        "6288.HK": 0.0397114396574318
    }
}