{
    "portfolio_687": {
        "PEP": 0.0962767089567066,
        "TLK": 0.0745751182197384,
        "AXSM": 0.01,
        "LPS1.F": 0.01,
        "SHEL.L": 0.034810062773817,
        "KPN.AS": 0.1772631084424477,
        "UNA.AS": 0.0623369032991839,
        "600519.SS": 0.055150786470199,
        "601288.SS": 0.0233606871669001,
        "601328.SS": 0.01,
        "601398.SS": 0.1373838136652344,
        "9432.T": 0.1075277614805967,
        "9434.T": 0.1240804901052125,
        "0941.HK": 0.0417043424892898,
        "6288.HK": 0.0355302169306737
    }
}