{
    "portfolio_277": {
        "PEP": 0.0721636204708048,
        "CIB": 0.01,
        "TLK": 0.0872079555980424,
        "OLLI": 0.01,
        "AD.AS": 0.0722434447343607,
        "CCEP.AS": 0.01,
        "INGA.AS": 0.01,
        "KPN.AS": 0.1696313454118576,
        "600519.SS": 0.0414994930065829,
        "601398.SS": 0.16595256484294,
        "2914.T": 0.062754121724224,
        "9432.T": 0.0676429619794848,
        "9434.T": 0.1291799601595613,
        "0941.HK": 0.0540371064273323,
        "6288.HK": 0.037687425644809
    }
}