{
    "portfolio_637": {
        "PEP": 0.0776301160627041,
        "TLK": 0.0900268061634045,
        "TTE.PA": 0.01,
        "ULVR.L": 0.046740193612026,
        "AD.AS": 0.0691190859903394,
        "KPN.AS": 0.1618293207808712,
        "600519.SS": 0.0403755743916222,
        "601398.SS": 0.1672779244469614,
        "2914.T": 0.05880463461158,
        "9432.T": 0.0688726699483383,
        "9434.T": 0.1324147133544892,
        "9983.T": 0.01,
        "0728.HK": 0.01,
        "0857.HK": 0.0223676249526154,
        "6288.HK": 0.0345413356850482
    }
}