{
    "portfolio_654": {
        "AVGO": 0.0114626318683485,
        "PEP": 0.0561551308740854,
        "TMUS": 0.01,
        "TLK": 0.0959391162227526,
        "AI.PA": 0.01,
        "ULVR.L": 0.0514933894217248,
        "AD.AS": 0.0712192997678448,
        "KPN.AS": 0.1590234485573074,
        "601398.SS": 0.1709777874937663,
        "2914.T": 0.0791377119508668,
        "4519.T": 0.016965524797932,
        "8058.T": 0.01,
        "9434.T": 0.1582964620948912,
        "0941.HK": 0.0610904959791308,
        "6288.HK": 0.0382390009713497
    }
}