{
    "portfolio_795": {
        "KT": 0.0580143003621712,
        "TLK": 0.0706623202894732,
        "DG.PA": 0.01,
        "PJXC.F": 0.01,
        "WK0.F": 0.01,
        "0YXG.L": 0.0108146914763717,
        "ULVR.L": 0.0606459735191364,
        "AD.AS": 0.0726257869964613,
        "KPN.AS": 0.203044515400637,
        "601398.SS": 0.1553963700281622,
        "2914.T": 0.0777606031020214,
        "8001.T": 0.01,
        "9432.T": 0.0901740465264922,
        "9434.T": 0.1269621698928972,
        "6288.HK": 0.033899222406176
    }
}