{
    "portfolio_407": {
        "PEP": 0.0737963041361151,
        "TLK": 0.0928808679201985,
        "SHEL.L": 0.0346205744366466,
        "ULVR.L": 0.052967787232114,
        "AD.AS": 0.0706298328847908,
        "KPN.AS": 0.1462527216073431,
        "600028.SS": 0.01,
        "601328.SS": 0.01,
        "601398.SS": 0.1552310585801348,
        "2914.T": 0.0792349683114944,
        "9433.T": 0.0541631612193637,
        "9434.T": 0.1237865822290859,
        "0728.HK": 0.01,
        "0941.HK": 0.0488045155071046,
        "6288.HK": 0.0376316259356083
    }
}