{
    "portfolio_346": {
        "CRESY": 0.01,
        "PEP": 0.0730711655889676,
        "TLK": 0.0867778837251778,
        "ULVR.L": 0.050598591403234,
        "AD.AS": 0.0696181537107081,
        "KPN.AS": 0.1640198614914428,
        "600519.SS": 0.0419412417144589,
        "600941.SS": 0.01,
        "601398.SS": 0.1645879683813065,
        "601857.SS": 0.0173811872965065,
        "2914.T": 0.0626363174636325,
        "9432.T": 0.0723032480144202,
        "9434.T": 0.1307629991671862,
        "9983.T": 0.01,
        "6288.HK": 0.0363013820429591
    }
}