{
    "portfolio_169": {
        "PEP": 0.0786124869766334,
        "TGS": 0.01,
        "TLK": 0.0795096318142806,
        "AXSM": 0.01,
        "SHEL.L": 0.0257461827765319,
        "ULVR.L": 0.0511657483667994,
        "AD.AS": 0.0654830632761414,
        "KPN.AS": 0.1598445426141442,
        "600519.SS": 0.0435277990815313,
        "601398.SS": 0.1844536610090548,
        "8058.T": 0.01,
        "9432.T": 0.0929849551346061,
        "9434.T": 0.1391586557184542,
        "0386.HK": 0.0116613094810033,
        "6288.HK": 0.0378519637508194
    }
}