{
    "portfolio_825": {
        "PEP": 0.1060824991630307,
        "TLK": 0.0967116763705839,
        "0DH.F": 0.01,
        "SHEL.L": 0.0394486147436163,
        "ULVR.L": 0.0551403123822118,
        "AD.AS": 0.0729565880185161,
        "KPN.AS": 0.1396018901368013,
        "600519.SS": 0.0492617783114688,
        "601398.SS": 0.1477081391635857,
        "601728.SS": 0.0223277945914359,
        "601939.SS": 0.0103998649981096,
        "7974.T": 0.0548709370461249,
        "9432.T": 0.1164216977713002,
        "0941.HK": 0.044107677590441,
        "6288.HK": 0.0349605297127737
    }
}