{
    "portfolio_89": {
        "PEP": 0.0765298363857689,
        "TLK": 0.0918646803723729,
        "HSBA.L": 0.01,
        "ULVR.L": 0.0444350546582983,
        "AD.AS": 0.068674848608333,
        "KPN.AS": 0.1645463994614644,
        "600519.SS": 0.0405875676933842,
        "601398.SS": 0.1597412759194145,
        "601857.SS": 0.01,
        "2914.T": 0.0640367597525272,
        "9432.T": 0.0688666816854312,
        "9434.T": 0.1362855057320958,
        "0857.HK": 0.0150353106616427,
        "1088.HK": 0.01,
        "6288.HK": 0.0393960790692669
    }
}