{
    "portfolio_602": {
        "PEP": 0.0643359551267234,
        "TLK": 0.0918387980393239,
        "APPF": 0.0103580586844116,
        "VERX": 0.01,
        "ULVR.L": 0.047321628224429,
        "AD.AS": 0.0695988612388334,
        "KPN.AS": 0.1690291443667051,
        "600519.SS": 0.0398112134538143,
        "601328.SS": 0.01,
        "601398.SS": 0.1619932768962251,
        "2914.T": 0.0788975608798976,
        "9434.T": 0.1760644136634357,
        "9983.T": 0.01,
        "0857.HK": 0.0270583707558336,
        "6288.HK": 0.0336927186703671
    }
}