{
    "portfolio_162": {
        "PEP": 0.0685050434645496,
        "TLK": 0.096361636585213,
        "AXSM": 0.01,
        "OL5.F": 0.01,
        "ULVR.L": 0.066779122434169,
        "AD.AS": 0.0755964588281453,
        "KPN.AS": 0.1416408305906087,
        "SHELL.AS": 0.0255857464731331,
        "601398.SS": 0.1601896024424121,
        "2914.T": 0.0798331004514086,
        "9434.T": 0.1552562049572588,
        "0386.HK": 0.01,
        "0941.HK": 0.0540617422788678,
        "1288.HK": 0.01,
        "6288.HK": 0.036190511494234
    }
}