{
    "portfolio_910": {
        "CRESY": 0.01,
        "PEP": 0.0662278543438339,
        "TLK": 0.091286248847612,
        "SAF.PA": 0.01,
        "ULVR.L": 0.0489874065960836,
        "AD.AS": 0.0717891405936715,
        "KPN.AS": 0.1556834916006822,
        "600519.SS": 0.0442231591683264,
        "601398.SS": 0.1813885009828028,
        "601939.SS": 0.01,
        "2914.T": 0.0690270845325684,
        "8031.T": 0.01,
        "9433.T": 0.061637723158466,
        "9434.T": 0.1312844728931153,
        "6288.HK": 0.0384649172828378
    }
}