{
    "portfolio_482": {
        "PEP": 0.0887612227572757,
        "TLK": 0.0951054568533954,
        "2B5.F": 0.01,
        "SHEL.L": 0.0307906354672882,
        "ULVR.L": 0.0523873325434357,
        "AD.AS": 0.0672696210206456,
        "KPN.AS": 0.1484949795940456,
        "600028.SS": 0.01,
        "600941.SS": 0.01,
        "601398.SS": 0.1644216628040168,
        "2914.T": 0.0842992033157068,
        "8058.T": 0.01,
        "9434.T": 0.1338814116270517,
        "0941.HK": 0.0546831824385605,
        "6288.HK": 0.039905291578578
    }
}