{
    "portfolio_282": {
        "PEP": 0.1243298827371192,
        "EC": 0.0413229392777958,
        "TGS": 0.01,
        "APPF": 0.0476995601458062,
        "TTE.PA": 0.0169349434264561,
        "4AH1.F": 0.0102233606243581,
        "LFU2.F": 0.01,
        "ULVR.L": 0.1092411165291253,
        "KPN.AS": 0.0954791719576527,
        "601288.SS": 0.1249003633761106,
        "601728.SS": 0.057923210627527,
        "7974.T": 0.2237938544228493,
        "8001.T": 0.01,
        "9433.T": 0.1081515968751997,
        "0857.HK": 0.01
    }
}