{
    "portfolio_495": {
        "PEP": 0.0758607505979447,
        "TLK": 0.0791120912130022,
        "VERX": 0.01,
        "0YXG.L": 0.01,
        "SHEL.L": 0.0314850385439874,
        "AD.AS": 0.0665114447393922,
        "KPN.AS": 0.1638642924349211,
        "WKL.AS": 0.0218375633946039,
        "600519.SS": 0.0466463508072611,
        "601398.SS": 0.1819422694417844,
        "601728.SS": 0.0117379971934995,
        "2914.T": 0.0669531388138817,
        "9432.T": 0.0708714529851133,
        "9434.T": 0.1255166949434514,
        "6288.HK": 0.0376609148911567
    }
}