{
    "portfolio_725": {
        "PEP": 0.1271129502979571,
        "EC": 0.0474183821056878,
        "APPF": 0.0474384354995106,
        "TTE.PA": 0.020177200208817,
        "4AH1.F": 0.0102582183397961,
        "LFU2.F": 0.01,
        "ULVR.L": 0.1059579529335413,
        "KPN.AS": 0.0933967840535,
        "601288.SS": 0.1236855865847162,
        "601728.SS": 0.0556327039095703,
        "7974.T": 0.2231431203452249,
        "9432.T": 0.01,
        "9433.T": 0.1057786657216782,
        "0941.HK": 0.01,
        "1088.HK": 0.01
    }
}