{
    "portfolio_619": {
        "PEP": 0.0751021258569982,
        "TLK": 0.0897446051930136,
        "AXSM": 0.01,
        "ULVR.L": 0.047954293848818,
        "AD.AS": 0.0672344017246828,
        "KPN.AS": 0.1647924951121301,
        "600519.SS": 0.0412445274764713,
        "600941.SS": 0.01,
        "601398.SS": 0.1819366071167306,
        "2914.T": 0.0573096533562428,
        "8035.T": 0.01,
        "9432.T": 0.0782610214933114,
        "9434.T": 0.1209063236881411,
        "9983.T": 0.01,
        "6288.HK": 0.03551394513346
    }
}