{
    "portfolio_891": {
        "CRESY": 0.01,
        "PEP": 0.117022441068933,
        "EC": 0.0418894218004799,
        "TGS": 0.01,
        "APPF": 0.0474424893288356,
        "4AH1.F": 0.0103746763967307,
        "LFU2.F": 0.01,
        "0TDD.L": 0.01,
        "ULVR.L": 0.1118226755933137,
        "KPN.AS": 0.0952376183681852,
        "601288.SS": 0.1313489061935864,
        "601728.SS": 0.0592026471838137,
        "7974.T": 0.2260197100847436,
        "8031.T": 0.01,
        "9433.T": 0.1096394139813782
    }
}