{
    "portfolio_197": {
        "CRESY": 0.01,
        "PEP": 0.0682757835094219,
        "KT": 0.0466102880782,
        "TLK": 0.0690198200927655,
        "LNTH": 0.01,
        "LPS1.F": 0.01,
        "0TDD.L": 0.01,
        "ULVR.L": 0.0603996995363626,
        "KPN.AS": 0.1879611239051636,
        "600519.SS": 0.0576721339315125,
        "601398.SS": 0.179476486769227,
        "8058.T": 0.01,
        "9432.T": 0.0996250868528872,
        "9434.T": 0.140632500428885,
        "6288.HK": 0.0403270768955747
    }
}