{
    "portfolio_58": {
        "PEP": 0.0691135261982092,
        "TMUS": 0.01,
        "BCH": 0.01,
        "TLK": 0.0832773423890098,
        "ADMA": 0.01,
        "ULVR.L": 0.0459749661559346,
        "AD.AS": 0.0682858770648597,
        "KPN.AS": 0.1658161016561446,
        "600519.SS": 0.0464237534556282,
        "601398.SS": 0.1886212571190312,
        "4063.T": 0.0217259249435757,
        "9432.T": 0.0881748628329887,
        "9434.T": 0.1463426002286128,
        "9983.T": 0.01,
        "6288.HK": 0.0362437879560054
    }
}