{
    "portfolio_454": {
        "KT": 0.0546548313454415,
        "TGS": 0.01,
        "TLK": 0.0774284970103402,
        "PJXC.F": 0.01,
        "0R4P.L": 0.020948281833178,
        "ULVR.L": 0.0615013070121677,
        "AD.AS": 0.0748943414799003,
        "KPN.AS": 0.1710474524922643,
        "WKL.AS": 0.01,
        "601398.SS": 0.177300969801039,
        "2914.T": 0.0617046254671983,
        "9432.T": 0.0860300925781592,
        "9434.T": 0.1305397894806319,
        "0857.HK": 0.01,
        "6288.HK": 0.0439498114996794
    }
}