{
    "portfolio_367": {
        "PEP": 0.0791229253638239,
        "TLK": 0.0911696664308112,
        "AXSM": 0.01,
        "ULVR.L": 0.049729603176919,
        "AD.AS": 0.0672755910919692,
        "KPN.AS": 0.166547177857653,
        "600519.SS": 0.0453108961499389,
        "601088.SS": 0.01,
        "601288.SS": 0.01,
        "601398.SS": 0.1735793893474348,
        "7974.T": 0.0262357099376624,
        "8058.T": 0.01,
        "9432.T": 0.0883100767437015,
        "9434.T": 0.1340860944432609,
        "6288.HK": 0.0386328694568252
    }
}