{
    "portfolio_223": {
        "PEP": 0.1257302998341058,
        "EC": 0.0474061713908034,
        "APPF": 0.0475317894789392,
        "TTE.PA": 0.0201832537652419,
        "4AH1.F": 0.0103957204729035,
        "LFU2.F": 0.01,
        "ULVR.L": 0.1056743864298172,
        "KPN.AS": 0.0948995749104836,
        "601138.SS": 0.01,
        "601288.SS": 0.1281272311680229,
        "601728.SS": 0.0562568329122213,
        "4519.T": 0.01,
        "4568.T": 0.01,
        "7974.T": 0.2187609589140966,
        "9433.T": 0.1050337807233649
    }
}