{
    "portfolio_791": {
        "PEP": 0.0775539814199718,
        "TLK": 0.0788498052528894,
        "0DH.F": 0.01,
        "PJXC.F": 0.01,
        "WK0.F": 0.01,
        "0YXG.L": 0.0133524940662983,
        "ULVR.L": 0.0555429980859514,
        "AD.AS": 0.0672824498157032,
        "KPN.AS": 0.1990672184631587,
        "600519.SS": 0.057700584630921,
        "601288.SS": 0.1585279018969537,
        "2914.T": 0.0761530719210314,
        "8058.T": 0.01,
        "9432.T": 0.1445479419288034,
        "6288.HK": 0.0314215525183176
    }
}