{
    "portfolio_603": {
        "PEP": 0.060502923032624,
        "TLK": 0.0922536234126463,
        "ADMA": 0.01,
        "8GC.F": 0.01,
        "ULVR.L": 0.0504828390273502,
        "AD.AS": 0.0686671235472032,
        "CCEP.AS": 0.01,
        "KPN.AS": 0.1551854357966438,
        "REN.AS": 0.01,
        "601398.SS": 0.1710666287713546,
        "2914.T": 0.0826919839991454,
        "4519.T": 0.0178105047525046,
        "9434.T": 0.1606593167492056,
        "0941.HK": 0.0620501895839543,
        "6288.HK": 0.038629431327368
    }
}