{
    "portfolio_492": {
        "BCH": 0.01,
        "KT": 0.0549639797679425,
        "TLK": 0.0782537477441102,
        "RMS.PA": 0.01,
        "SAF.PA": 0.01,
        "PJXC.F": 0.01,
        "AZN.L": 0.01,
        "ULVR.L": 0.0580935989390877,
        "AD.AS": 0.0752437807473339,
        "KPN.AS": 0.1711391145239352,
        "601398.SS": 0.1847366704464104,
        "2914.T": 0.0634514820378523,
        "9432.T": 0.0866662545493884,
        "9434.T": 0.1308432124383758,
        "6288.HK": 0.0466081588055634
    }
}