{
    "portfolio_239": {
        "PEP": 0.0732214795343674,
        "TMUS": 0.01,
        "KT": 0.0481629751679729,
        "TLK": 0.076282395685243,
        "BSD2.F": 0.01,
        "LPS1.F": 0.01,
        "KPN.AS": 0.1817020176974189,
        "UNA.AS": 0.0590071951470235,
        "600519.SS": 0.0578578367505021,
        "601398.SS": 0.1678862077819646,
        "9432.T": 0.0995912210703536,
        "9434.T": 0.1439572303255938,
        "0728.HK": 0.01,
        "0883.HK": 0.01,
        "6288.HK": 0.0423314408395603
    }
}