{
    "portfolio_960": {
        "PEP": 0.0684753273619778,
        "TLK": 0.0949751888311996,
        "AXSM": 0.01,
        "OL5.F": 0.01,
        "SKFA.F": 0.01,
        "SHEL.L": 0.0330680993234167,
        "ULVR.L": 0.0605808429181669,
        "AD.AS": 0.0746299589357583,
        "KPN.AS": 0.1373429991140758,
        "601398.SS": 0.1666306726982176,
        "2914.T": 0.0707441827859625,
        "9433.T": 0.0528647709697179,
        "9434.T": 0.1145593609077609,
        "0941.HK": 0.0620885986588061,
        "6288.HK": 0.0340399974949397
    }
}