{
    "portfolio_293": {
        "KT": 0.0548473009131923,
        "TLK": 0.0795649683541226,
        "PJXC.F": 0.01,
        "0R4P.L": 0.021876929542105,
        "ULVR.L": 0.0624794490770818,
        "AD.AS": 0.0766914023309319,
        "KPN.AS": 0.1685475338131805,
        "SHELL.AS": 0.0146483975515869,
        "601398.SS": 0.1646466909350571,
        "601988.SS": 0.01,
        "2914.T": 0.0620961375630685,
        "9432.T": 0.0862869076865425,
        "9434.T": 0.1262838973126886,
        "0941.HK": 0.0196611829182353,
        "6288.HK": 0.0423692020022068
    }
}