{
    "portfolio_24": {
        "PEP": 0.0965568692392218,
        "TGS": 0.01,
        "TLK": 0.1020655400742625,
        "AXSM": 0.01,
        "0DH.F": 0.01,
        "ULVR.L": 0.0583279021428968,
        "AD.AS": 0.0733336454689198,
        "KPN.AS": 0.1550441494128889,
        "600519.SS": 0.055457023966859,
        "601398.SS": 0.1752661177015018,
        "601857.SS": 0.01,
        "7974.T": 0.0625474429453526,
        "9432.T": 0.1285474872308483,
        "1088.HK": 0.01,
        "6288.HK": 0.0428538218172488
    }
}