{
    "portfolio_930": {
        "PEP": 0.1356494272586232,
        "EC": 0.051780416409703,
        "APPF": 0.0451222092507858,
        "ECX": 0.0122526783931843,
        "2B5.F": 0.01,
        "4AH1.F": 0.0124307136506461,
        "LFU2.F": 0.01,
        "0YXG.L": 0.01,
        "ULVR.L": 0.1035426340415978,
        "KPN.AS": 0.0905683867326915,
        "601288.SS": 0.1187453034991508,
        "601328.SS": 0.01,
        "601728.SS": 0.0653054612708922,
        "7974.T": 0.2205674704918395,
        "9433.T": 0.1040352990008858
    }
}