{
    "portfolio_258": {
        "PEP": 0.1276804345541104,
        "EC": 0.0531170761669662,
        "APPF": 0.048514136582521,
        "4AH1.F": 0.0103870808860444,
        "LFU2.F": 0.01,
        "ULVR.L": 0.1071136427969871,
        "KPN.AS": 0.0998724797972042,
        "600028.SS": 0.01,
        "601288.SS": 0.1189156341251284,
        "601328.SS": 0.01,
        "601728.SS": 0.0516331766544562,
        "7974.T": 0.223425411760201,
        "9433.T": 0.1093409266763811,
        "9983.T": 0.01,
        "0728.HK": 0.01
    }
}