{
    "portfolio_54": {
        "PEP": 0.1001515246077662,
        "TLK": 0.0828006875488815,
        "BPE5.F": 0.01,
        "OL5.F": 0.01,
        "SKFA.F": 0.01,
        "WK0.F": 0.01,
        "AD.AS": 0.0767407094973325,
        "KPN.AS": 0.1859380540147979,
        "600519.SS": 0.0526312313726094,
        "601288.SS": 0.1275427680948271,
        "2914.T": 0.0805846027774361,
        "9433.T": 0.0715003586649386,
        "9434.T": 0.1132438226129051,
        "0941.HK": 0.0588662408085054,
        "1088.HK": 0.01
    }
}