{
    "portfolio_949": {
        "AVGO": 0.01,
        "PEP": 0.1199365879093684,
        "EC": 0.0497580996047059,
        "APPF": 0.0438022857606076,
        "SAF.PA": 0.01,
        "4AH1.F": 0.0104592027615261,
        "BSD2.F": 0.01,
        "LFU2.F": 0.01,
        "ULVR.L": 0.1053761915204016,
        "KPN.AS": 0.0966051128348678,
        "601288.SS": 0.13181970762933,
        "601728.SS": 0.0587010165024973,
        "7974.T": 0.2226228500670186,
        "8031.T": 0.01,
        "9433.T": 0.1109189454096767
    }
}