{
    "portfolio_534": {
        "PEP": 0.0902318434093208,
        "TLK": 0.1064617296123618,
        "0DH.F": 0.01,
        "BPE5.F": 0.0177666876046039,
        "SKFA.F": 0.01,
        "0YXG.L": 0.01,
        "ULVR.L": 0.0534206920489355,
        "AD.AS": 0.073433704361965,
        "KPN.AS": 0.1321669421143283,
        "600519.SS": 0.0514264626654325,
        "601288.SS": 0.1451619317899492,
        "2914.T": 0.0662944689817699,
        "7974.T": 0.0578215042876055,
        "9433.T": 0.0960487809934256,
        "0941.HK": 0.0797652521303023
    }
}