{
    "portfolio_319": {
        "PEP": 0.0801211955213537,
        "TGS": 0.01,
        "TLK": 0.0862107938511802,
        "ULVR.L": 0.0456430927093251,
        "AD.AS": 0.0721841879704652,
        "KPN.AS": 0.1679994155658331,
        "600519.SS": 0.0436084113943602,
        "600941.SS": 0.01,
        "601398.SS": 0.1552881946969975,
        "601939.SS": 0.01,
        "6857.T": 0.01,
        "9432.T": 0.0882784971436376,
        "9434.T": 0.1406757134802617,
        "0941.HK": 0.0440439477577478,
        "6288.HK": 0.0359465499088378
    }
}