{
    "portfolio_592": {
        "LIN": 0.01,
        "PEP": 0.0877360515327803,
        "TLK": 0.0975463677972777,
        "RMS.PA": 0.01,
        "SAF.PA": 0.01,
        "TTE.PA": 0.0236463899690414,
        "0DH.F": 0.01,
        "AD.AS": 0.0727495712023352,
        "KPN.AS": 0.1543633982707928,
        "600519.SS": 0.0553910651096377,
        "601398.SS": 0.1628653878352056,
        "9432.T": 0.0962185984446139,
        "9434.T": 0.1015421758904165,
        "0941.HK": 0.0714530654826551,
        "6288.HK": 0.0364879284652437
    }
}