{
    "portfolio_22": {
        "PEP": 0.0775053482102577,
        "BCH": 0.01,
        "TLK": 0.0874914853950393,
        "SAF.PA": 0.01,
        "ULVR.L": 0.0449902608680842,
        "AD.AS": 0.0655206028233232,
        "KPN.AS": 0.1689033797850189,
        "600519.SS": 0.0457184924601266,
        "601398.SS": 0.1709955066953265,
        "4063.T": 0.0138306766956058,
        "6857.T": 0.01,
        "9432.T": 0.0872559430566608,
        "9434.T": 0.1460125422799128,
        "0857.HK": 0.0260362202272372,
        "6288.HK": 0.0357395415034069
    }
}