{
    "portfolio_115": {
        "PEP": 0.1036801714427274,
        "TLK": 0.1052583855474745,
        "0DH.F": 0.01,
        "OL5.F": 0.01,
        "0YXG.L": 0.01,
        "SHEL.L": 0.037419019835176,
        "ULVR.L": 0.06278876763903,
        "AD.AS": 0.0755065560952424,
        "KPN.AS": 0.126562518552233,
        "600519.SS": 0.0535749827585099,
        "601288.SS": 0.1534258552347848,
        "7974.T": 0.0602249927243182,
        "8001.T": 0.01,
        "9433.T": 0.1028469383425661,
        "0941.HK": 0.0787118118279377
    }
}