{
    "portfolio_665": {
        "PEP": 0.0774071623276854,
        "TLK": 0.0902179173691681,
        "BNP.PA": 0.01,
        "ULVR.L": 0.04429666103596,
        "AD.AS": 0.0682190271175388,
        "KPN.AS": 0.161677416266017,
        "600519.SS": 0.0387229207479402,
        "600941.SS": 0.01,
        "601288.SS": 0.0107680934476406,
        "601398.SS": 0.1496371694925459,
        "2914.T": 0.0626293805438008,
        "9432.T": 0.068191726682281,
        "9434.T": 0.1259593031483067,
        "0941.HK": 0.0448205293083749,
        "6288.HK": 0.0374526925127408
    }
}