{
    "portfolio_228": {
        "PEP": 0.0704866004620691,
        "TEO": 0.01,
        "TLK": 0.0794468013274675,
        "AXSM": 0.01,
        "SHEL.L": 0.0298580208241997,
        "ULVR.L": 0.0572820961372162,
        "AD.AS": 0.0609937142964012,
        "KPN.AS": 0.1506934558738322,
        "600900.SS": 0.0547567846276125,
        "601398.SS": 0.1595368877819221,
        "2914.T": 0.0723746788786157,
        "9432.T": 0.072335483738872,
        "9434.T": 0.119206312790084,
        "0883.HK": 0.01,
        "6288.HK": 0.0430291632617074
    }
}