{
    "portfolio_84": {
        "PEP": 0.074480097139446,
        "TLK": 0.0873431260309228,
        "VERX": 0.01,
        "HSBA.L": 0.01,
        "AD.AS": 0.0674030745263974,
        "KPN.AS": 0.1720049504063634,
        "REN.AS": 0.01,
        "WKL.AS": 0.0171919946119827,
        "600519.SS": 0.0510636577316492,
        "601398.SS": 0.1793428920324506,
        "601988.SS": 0.01,
        "2914.T": 0.0679744452883991,
        "9432.T": 0.0729889093501561,
        "9434.T": 0.1296267347734856,
        "6288.HK": 0.0405801181087471
    }
}