{
    "portfolio_55": {
        "PEP": 0.0607298926492452,
        "TLK": 0.0877276902939335,
        "LNTH": 0.01,
        "OLLI": 0.01,
        "BPE5.F": 0.01,
        "AD.AS": 0.0764687521221292,
        "KPN.AS": 0.1657490137451058,
        "WKL.AS": 0.0283504805266237,
        "600519.SS": 0.042028427527236,
        "601328.SS": 0.01,
        "601398.SS": 0.161868341786752,
        "2914.T": 0.0803700752262557,
        "9434.T": 0.1630778959567243,
        "0941.HK": 0.0581972645871564,
        "6288.HK": 0.0354321655788382
    }
}