{
    "portfolio_792": {
        "KT": 0.0546427127571874,
        "TLK": 0.0765642301774488,
        "ADMA": 0.01,
        "IESC": 0.0110263894953977,
        "PJXC.F": 0.01,
        "ULVR.L": 0.0642712393572884,
        "AD.AS": 0.0801890365046615,
        "KPN.AS": 0.1753058235348299,
        "601398.SS": 0.1829327535607085,
        "2914.T": 0.0541664212420636,
        "7974.T": 0.0173933831875428,
        "8001.T": 0.01,
        "9432.T": 0.0807826637313409,
        "9434.T": 0.1271679205041148,
        "6288.HK": 0.0455574259474157
    }
}