{
    "portfolio_342": {
        "PEP": 0.1135654652483471,
        "TLK": 0.1001666544362898,
        "0DH.F": 0.01,
        "OL5.F": 0.01,
        "SHEL.L": 0.0382771264681666,
        "ULVR.L": 0.0651838288743572,
        "AD.AS": 0.0714158231028313,
        "KPN.AS": 0.1383463172288006,
        "600028.SS": 0.01,
        "600519.SS": 0.0512389962573967,
        "601288.SS": 0.1401997570495317,
        "7974.T": 0.0599829271650771,
        "9432.T": 0.1057162561024592,
        "0941.HK": 0.0759068480667425,
        "1288.HK": 0.01
    }
}