{
    "portfolio_779": {
        "PEP": 0.0664697370755626,
        "TLK": 0.0862446636827675,
        "LNTH": 0.01,
        "0YXG.L": 0.01,
        "ULVR.L": 0.0481796000832371,
        "AD.AS": 0.0663729162063845,
        "KPN.AS": 0.1690266913366541,
        "600519.SS": 0.0430479376284512,
        "601088.SS": 0.01,
        "601398.SS": 0.1768792243709359,
        "2914.T": 0.0593256883359911,
        "8031.T": 0.01,
        "9432.T": 0.0681144977307966,
        "9434.T": 0.135460932699387,
        "6288.HK": 0.0408781108498323
    }
}