{
    "portfolio_189": {
        "PEP": 0.0724015121808821,
        "TLK": 0.0883582113980992,
        "ADMA": 0.01,
        "ULVR.L": 0.0475518315174014,
        "AD.AS": 0.0696432414170646,
        "KPN.AS": 0.1650950862635824,
        "600519.SS": 0.0409113240689925,
        "600941.SS": 0.01,
        "601398.SS": 0.1721956656339616,
        "2914.T": 0.0590251377578368,
        "9432.T": 0.0712131540673845,
        "9434.T": 0.1342679560583549,
        "9983.T": 0.01,
        "0386.HK": 0.01234014691887,
        "6288.HK": 0.03699673271757
    }
}