{
    "portfolio_955": {
        "PEP": 0.1235826928888956,
        "EC": 0.0528025764188808,
        "APPF": 0.0469989022774088,
        "4AH1.F": 0.0103919819667946,
        "LFU2.F": 0.01,
        "0TDD.L": 0.01,
        "ULVR.L": 0.1050061625463141,
        "KPN.AS": 0.0937019794674147,
        "WKL.AS": 0.01,
        "601288.SS": 0.121971255625687,
        "601728.SS": 0.0570239574741889,
        "601988.SS": 0.01,
        "7974.T": 0.2264067603806182,
        "9433.T": 0.1121137309537974,
        "0883.HK": 0.01
    }
}