{
    "portfolio_676": {
        "PEP": 0.0753165784407211,
        "TGS": 0.01,
        "TLK": 0.079900043246752,
        "AXSM": 0.01,
        "BPE5.F": 0.01,
        "0TDD.L": 0.01,
        "HSBA.L": 0.01,
        "ULVR.L": 0.0466744379777748,
        "AD.AS": 0.0646657012881904,
        "KPN.AS": 0.1617349462353688,
        "600519.SS": 0.0458838646227704,
        "601398.SS": 0.1943370523083046,
        "9432.T": 0.0993222668378962,
        "9434.T": 0.1419031825736056,
        "6288.HK": 0.0402619264686157
    }
}