{
    "portfolio_498": {
        "PEP": 0.0762833290568204,
        "TLK": 0.0888150113107986,
        "OLLI": 0.01,
        "CS.PA": 0.01,
        "AZN.L": 0.0105149164893631,
        "AD.AS": 0.0720856536500964,
        "KPN.AS": 0.1753443782042911,
        "600028.SS": 0.0183722076750348,
        "600519.SS": 0.0485115989908542,
        "601398.SS": 0.1770025405468474,
        "2914.T": 0.060971944144344,
        "9432.T": 0.0709712065063502,
        "9434.T": 0.1323901722236468,
        "9983.T": 0.01,
        "6288.HK": 0.0387370412015532
    }
}