{
    "portfolio_337": {
        "PEP": 0.0696289345974588,
        "TMUS": 0.01,
        "BCH": 0.01,
        "TLK": 0.086992605109457,
        "ULVR.L": 0.0462657157816045,
        "AD.AS": 0.0699840961589466,
        "KPN.AS": 0.1605448504789482,
        "600519.SS": 0.0422958411637981,
        "601398.SS": 0.1772967772293652,
        "2914.T": 0.06020669901713,
        "6857.T": 0.01,
        "9432.T": 0.073069538412233,
        "9434.T": 0.1289455572599379,
        "0728.HK": 0.015759200629245,
        "6288.HK": 0.0390101841618753
    }
}