{
    "portfolio_548": {
        "CRESY": 0.01,
        "PEP": 0.060440462053557,
        "TLK": 0.0891597571692458,
        "LNTH": 0.01,
        "TTE.PA": 0.01,
        "ULVR.L": 0.0586879554028684,
        "AD.AS": 0.071775455361487,
        "KPN.AS": 0.1576579985827906,
        "601398.SS": 0.164756742356229,
        "2914.T": 0.0812648018280326,
        "8001.T": 0.01,
        "9434.T": 0.1651238309052062,
        "0941.HK": 0.0631889324139736,
        "1288.HK": 0.01,
        "6288.HK": 0.0379440639266098
    }
}