{
    "portfolio_340": {
        "PEP": 0.0623030831902117,
        "TLK": 0.0898043280960552,
        "RYTM": 0.01,
        "BPE5.F": 0.01,
        "SKFA.F": 0.01,
        "ULVR.L": 0.0540123792451562,
        "AD.AS": 0.0660220292798276,
        "KPN.AS": 0.166086198634027,
        "601138.SS": 0.0130875719824844,
        "601398.SS": 0.1789901391234824,
        "2914.T": 0.0718632340511016,
        "9432.T": 0.0675488548494504,
        "9434.T": 0.135242496599187,
        "0857.HK": 0.0269264307376864,
        "6288.HK": 0.0381132542113299
    }
}