{
    "portfolio_443": {
        "PEP": 0.0785484662513834,
        "TEO": 0.01,
        "TLK": 0.0897319188484788,
        "IESC": 0.0127088260516958,
        "2B5.F": 0.01,
        "BPE5.F": 0.01,
        "ULVR.L": 0.0518481800259676,
        "AD.AS": 0.0692504809754516,
        "KPN.AS": 0.1499354858903851,
        "601398.SS": 0.1747809865786737,
        "2914.T": 0.0813961007658418,
        "9433.T": 0.0523434010608111,
        "9434.T": 0.099377297641513,
        "0941.HK": 0.0700183283686043,
        "6288.HK": 0.0400605275411941
    }
}