{
    "portfolio_842": {
        "CRESY": 0.01,
        "PEP": 0.0885832821613005,
        "TLK": 0.0734834440410888,
        "WK0.F": 0.01,
        "TYT.L": 0.0486355413242229,
        "ULVR.L": 0.0541475477172393,
        "AD.AS": 0.0564380299021875,
        "KPN.AS": 0.1941958877703676,
        "600519.SS": 0.0586194004941609,
        "601088.SS": 0.01,
        "601398.SS": 0.145318453665496,
        "8001.T": 0.01,
        "9432.T": 0.0879095848698042,
        "9434.T": 0.1362130034918009,
        "0857.HK": 0.0164558245623313
    }
}