{
    "portfolio_836": {
        "PEP": 0.0934039657073387,
        "TLK": 0.0850427868608025,
        "0TDD.L": 0.01,
        "SHEL.L": 0.0290063848612196,
        "AD.AS": 0.0749240362144632,
        "KPN.AS": 0.1689906894476066,
        "600519.SS": 0.0445588651386774,
        "601398.SS": 0.1744069930438466,
        "4519.T": 0.01,
        "8031.T": 0.01,
        "9432.T": 0.0808027943697658,
        "9434.T": 0.1308281997955934,
        "9983.T": 0.01,
        "0941.HK": 0.0491714532294464,
        "6288.HK": 0.0288638313312395
    }
}