{
    "portfolio_962": {
        "PEP": 0.0839507766361762,
        "TLK": 0.0894151596139586,
        "SAF.PA": 0.01,
        "TTE.PA": 0.01,
        "AD.AS": 0.074685680419516,
        "KPN.AS": 0.1694278526502795,
        "600519.SS": 0.041216833964321,
        "601398.SS": 0.1631678600361071,
        "2914.T": 0.0568276899075495,
        "4063.T": 0.0146215783554863,
        "9432.T": 0.0669955355796068,
        "9434.T": 0.1266899556595748,
        "0857.HK": 0.0121386497972922,
        "0941.HK": 0.0456535006288466,
        "6288.HK": 0.0352089267512853
    }
}