{
    "portfolio_755": {
        "PEP": 0.08192180255454,
        "TLK": 0.0924152251532519,
        "0TDD.L": 0.01,
        "ULVR.L": 0.042810695953361,
        "AD.AS": 0.0695137714619493,
        "KPN.AS": 0.169136654607448,
        "600519.SS": 0.041926868402972,
        "601398.SS": 0.1648357473441574,
        "4519.T": 0.015243127902601,
        "8031.T": 0.01,
        "9432.T": 0.0806446503986436,
        "9434.T": 0.1335510103633568,
        "0386.HK": 0.01,
        "0941.HK": 0.0447816074043556,
        "6288.HK": 0.0332188384533635
    }
}