{
    "portfolio_926": {
        "PEP": 0.0635684692201295,
        "BCH": 0.01,
        "TEO": 0.01,
        "TLK": 0.0840320606496384,
        "ULVR.L": 0.0593915555648438,
        "AD.AS": 0.0665787867570511,
        "KPN.AS": 0.1484545191959387,
        "SHELL.AS": 0.0243007163586055,
        "600900.SS": 0.0581431903883082,
        "601138.SS": 0.0132787501933378,
        "601398.SS": 0.1520159145918062,
        "601939.SS": 0.01,
        "2914.T": 0.0920398965964423,
        "9434.T": 0.1669125430581597,
        "6288.HK": 0.041283597425739
    }
}