{
    "portfolio_50": {
        "PEP": 0.0694104798789245,
        "TLK": 0.0897817714604081,
        "APPF": 0.0116852258494266,
        "AD.AS": 0.0693981438767617,
        "CCEP.AS": 0.0115794932672615,
        "KPN.AS": 0.1711649859184516,
        "WKL.AS": 0.0208268426779263,
        "600519.SS": 0.0484563042322308,
        "601398.SS": 0.1864929725110424,
        "2914.T": 0.0628059862311704,
        "8058.T": 0.01,
        "9432.T": 0.0659547762384402,
        "9434.T": 0.1323344991183707,
        "0883.HK": 0.0111797429436877,
        "6288.HK": 0.0389287757958973
    }
}