{
    "portfolio_593": {
        "PEP": 0.0667308087057654,
        "TLK": 0.0914022435881009,
        "ADMA": 0.01,
        "SAF.PA": 0.01,
        "ULVR.L": 0.0520020423838059,
        "AD.AS": 0.0662223361975052,
        "KPN.AS": 0.1603205110785699,
        "601288.SS": 0.0104455583219654,
        "601398.SS": 0.1469215227810017,
        "601988.SS": 0.01,
        "2914.T": 0.0736068445310514,
        "9432.T": 0.0663218775004823,
        "9434.T": 0.1289796478613988,
        "0941.HK": 0.065113278946514,
        "6288.HK": 0.0419333281038389
    }
}