{
    "portfolio_695": {
        "PEP": 0.0821416790673319,
        "TLK": 0.0854877794929073,
        "DG.PA": 0.01,
        "TTE.PA": 0.01,
        "ULVR.L": 0.0449347380826351,
        "AD.AS": 0.0678306423295371,
        "KPN.AS": 0.1572211357002853,
        "SHELL.AS": 0.0157768038723668,
        "600519.SS": 0.0417558103867343,
        "601398.SS": 0.1654957236695967,
        "8031.T": 0.01,
        "9432.T": 0.0841434924234214,
        "9434.T": 0.137692292183146,
        "0941.HK": 0.0532183412483817,
        "6288.HK": 0.0343015615436565
    }
}