{
    "portfolio_510": {
        "CRESY": 0.01,
        "PEP": 0.0718720037420843,
        "BCH": 0.01,
        "KT": 0.0427120656490078,
        "PKX": 0.01,
        "TLK": 0.0686418385314817,
        "LPS1.F": 0.01,
        "ULVR.L": 0.0608135395088652,
        "KPN.AS": 0.1876619860450702,
        "600028.SS": 0.01,
        "600519.SS": 0.0569978160883251,
        "601398.SS": 0.1718964356890987,
        "9432.T": 0.1063795998197412,
        "9434.T": 0.1412008241281669,
        "6288.HK": 0.041823890798159
    }
}