{
    "portfolio_978": {
        "PEP": 0.1029708471661956,
        "TLK": 0.0663890357121899,
        "WK0.F": 0.01,
        "0YXG.L": 0.01,
        "SHEL.L": 0.0313020252111783,
        "AD.AS": 0.0659194692891422,
        "KPN.AS": 0.1936207270109795,
        "600519.SS": 0.0560411928691604,
        "601398.SS": 0.1571330783864862,
        "2914.T": 0.0741661158592235,
        "6857.T": 0.01,
        "9432.T": 0.0812040272207245,
        "9434.T": 0.12125348127472,
        "9983.T": 0.01,
        "0728.HK": 0.01
    }
}