{
    "portfolio_383": {
        "PEP": 0.1070061303102417,
        "TAK": 0.0598853185929743,
        "TLK": 0.0868174776519067,
        "0DH.F": 0.01,
        "LPS1.F": 0.01,
        "SHEL.L": 0.0427680913968928,
        "ULVR.L": 0.0669937499712431,
        "KPN.AS": 0.156289304381035,
        "600028.SS": 0.01,
        "600519.SS": 0.0771126641981812,
        "601288.SS": 0.1666542819592792,
        "7974.T": 0.0594739032519506,
        "8058.T": 0.01,
        "9433.T": 0.1269990782862954,
        "0883.HK": 0.01
    }
}