{
    "portfolio_226": {
        "PEP": 0.0754332773024742,
        "TMUS": 0.01,
        "KT": 0.0491318181307051,
        "TLK": 0.0681094850130053,
        "LPS1.F": 0.01,
        "HSBA.L": 0.01,
        "SHEL.L": 0.0315174264199528,
        "KPN.AS": 0.1718841984087967,
        "UNA.AS": 0.0593874779312952,
        "600028.SS": 0.01,
        "600519.SS": 0.0569905132957789,
        "601398.SS": 0.1677760650296731,
        "9432.T": 0.1005381797018505,
        "9434.T": 0.1380116638431099,
        "6288.HK": 0.0412198949233582
    }
}