{
    "portfolio_886": {
        "PEP": 0.0927041274447076,
        "TLK": 0.0642506777716255,
        "RYTM": 0.01,
        "WK0.F": 0.01,
        "SHEL.L": 0.0321701866393559,
        "ULVR.L": 0.041573217674126,
        "AD.AS": 0.0614899286527506,
        "KPN.AS": 0.1835930713487748,
        "600519.SS": 0.0447636769296534,
        "601398.SS": 0.1358590659549738,
        "2914.T": 0.0801630120331566,
        "9432.T": 0.073930969282224,
        "9434.T": 0.1147649869063311,
        "0883.HK": 0.01,
        "0941.HK": 0.0447370793623206
    }
}