{
    "portfolio_211": {
        "PEP": 0.0723259611416619,
        "TLK": 0.0863654250224065,
        "8GC.F": 0.01,
        "BSD2.F": 0.01,
        "ULVR.L": 0.042478782080079,
        "AD.AS": 0.0667574694700271,
        "KPN.AS": 0.1535462123334208,
        "WKL.AS": 0.0204867362085932,
        "600519.SS": 0.0366778991293568,
        "601398.SS": 0.160022857067415,
        "2914.T": 0.0636908085438235,
        "9432.T": 0.0687820634957765,
        "9434.T": 0.1179390803687875,
        "0941.HK": 0.0547941081478503,
        "6288.HK": 0.0361325969908017
    }
}