{
    "portfolio_133": {
        "PEP": 0.1056008942325766,
        "TLK": 0.0724618953927516,
        "BPE.F": 0.0344689414466576,
        "LPS1.F": 0.01,
        "WK0.F": 0.01,
        "TYT.L": 0.0443057773434296,
        "ULVR.L": 0.0588214726743389,
        "KPN.AS": 0.1964173759370313,
        "600519.SS": 0.0734692343710323,
        "601398.SS": 0.1528911731934142,
        "8001.T": 0.01,
        "8058.T": 0.01,
        "9433.T": 0.0996856061573664,
        "9434.T": 0.1118776292514013,
        "1088.HK": 0.01
    }
}