{
    "portfolio_932": {
        "PEP": 0.0832368521405928,
        "TLK": 0.0982431190785229,
        "VERX": 0.01,
        "TTE.PA": 0.01,
        "2B5.F": 0.01,
        "ULVR.L": 0.0511253422420024,
        "AD.AS": 0.0662521412365604,
        "KPN.AS": 0.1594133629980796,
        "600028.SS": 0.01,
        "601398.SS": 0.1629719390015331,
        "2914.T": 0.0855819388332308,
        "8031.T": 0.01,
        "9434.T": 0.1362767785131817,
        "0941.HK": 0.0661535013486907,
        "6288.HK": 0.0407450246076054
    }
}