{
    "portfolio_419": {
        "PEP": 0.0809801676304531,
        "EC": 0.01,
        "TEO": 0.01,
        "TLK": 0.0838835256393555,
        "AD.AS": 0.0745995991994719,
        "INGA.AS": 0.01,
        "KPN.AS": 0.1698701440480712,
        "600519.SS": 0.0477083184467575,
        "600941.SS": 0.01,
        "601398.SS": 0.1882005711672516,
        "2914.T": 0.0563528892158577,
        "4568.T": 0.01,
        "9432.T": 0.0678362432704953,
        "9434.T": 0.1390284300181715,
        "6288.HK": 0.0415401113641145
    }
}