{
    "portfolio_172": {
        "PEP": 0.0742603550002373,
        "TEO": 0.01,
        "TLK": 0.0875892498157431,
        "ULVR.L": 0.0458699582222613,
        "AD.AS": 0.0695206224398026,
        "KPN.AS": 0.1643986486180597,
        "600519.SS": 0.0412712490303888,
        "601088.SS": 0.01,
        "601398.SS": 0.1785095828801781,
        "2914.T": 0.0574078316200496,
        "4063.T": 0.0102770928726951,
        "6857.T": 0.01,
        "9432.T": 0.0731561550212526,
        "9434.T": 0.1290217734120538,
        "6288.HK": 0.038717481067278
    }
}