{
    "portfolio_266": {
        "PEP": 0.0671355092300328,
        "TLK": 0.1054424591629563,
        "OL5.F": 0.01,
        "SKFA.F": 0.01,
        "ULVR.L": 0.0595654359539338,
        "AD.AS": 0.0784011072132698,
        "KPN.AS": 0.1566148184006874,
        "601398.SS": 0.1608285592109742,
        "2914.T": 0.0719647137400838,
        "4063.T": 0.01,
        "8001.T": 0.01,
        "9434.T": 0.1534413496775264,
        "0386.HK": 0.01,
        "0941.HK": 0.0619196869408129,
        "6288.HK": 0.0346863604697224
    }
}