{
    "portfolio_552": {
        "PEP": 0.1292872614534815,
        "TLK": 0.0962840888635327,
        "0DH.F": 0.01,
        "2B5.F": 0.01,
        "LPS1.F": 0.01,
        "0YXG.L": 0.01,
        "SHEL.L": 0.0410383587783501,
        "KPN.AS": 0.1456097345948161,
        "UNA.AS": 0.0654972076980205,
        "600519.SS": 0.0692133640073691,
        "601288.SS": 0.1499331602725208,
        "601988.SS": 0.01,
        "7974.T": 0.0525782654289339,
        "9433.T": 0.1264259446115501,
        "0941.HK": 0.0741326142914252
    }
}