{
    "portfolio_425": {
        "PEP": 0.0839563597257406,
        "TLK": 0.0927436947249801,
        "0TDD.L": 0.01,
        "AD.AS": 0.0757038747235857,
        "KPN.AS": 0.1761835158119787,
        "600519.SS": 0.0464156476798793,
        "601328.SS": 0.01,
        "601398.SS": 0.163628038036995,
        "601857.SS": 0.0138384993891039,
        "2914.T": 0.0611434200881464,
        "6857.T": 0.01,
        "9432.T": 0.0742943346631933,
        "9434.T": 0.1337776560175518,
        "1088.HK": 0.01,
        "6288.HK": 0.0383149591388452
    }
}