{
    "portfolio_793": {
        "PEP": 0.0795929489301903,
        "TLK": 0.0977063931816097,
        "ADMA": 0.01,
        "SAF.PA": 0.01,
        "2B5.F": 0.01,
        "ULVR.L": 0.0485486872407364,
        "AD.AS": 0.0685437361137384,
        "KPN.AS": 0.1504362396480014,
        "601398.SS": 0.1669694062181328,
        "2914.T": 0.0841471191859857,
        "9433.T": 0.0487444124816306,
        "9434.T": 0.1086897239610338,
        "0941.HK": 0.0647653721705764,
        "1088.HK": 0.01,
        "6288.HK": 0.0418559608683644
    }
}