{
    "portfolio_121": {
        "PEP": 0.0981181192843346,
        "TLK": 0.1044730040618447,
        "0DH.F": 0.01,
        "SHEL.L": 0.0399440921584635,
        "AD.AS": 0.0818658816477497,
        "KPN.AS": 0.1347405021489518,
        "WKL.AS": 0.0202315493642253,
        "600519.SS": 0.0593890105007908,
        "601398.SS": 0.1848746736478048,
        "2914.T": 0.0659742845623655,
        "7974.T": 0.0524130321309939,
        "8001.T": 0.01,
        "9433.T": 0.0895654729398829,
        "0728.HK": 0.0126073028010081,
        "6288.HK": 0.0358030747515842
    }
}