{
    "portfolio_108": {
        "KT": 0.0592980791484184,
        "TLK": 0.0814032677974984,
        "BSD2.F": 0.01,
        "PJXC.F": 0.01,
        "HSBA.L": 0.01,
        "ULVR.L": 0.0596051710404991,
        "AD.AS": 0.0813153405063112,
        "KPN.AS": 0.1712523918493174,
        "601088.SS": 0.01,
        "601328.SS": 0.01,
        "601398.SS": 0.1684224123493618,
        "2914.T": 0.0607497929161694,
        "9432.T": 0.0858703509444682,
        "9434.T": 0.1342592497477528,
        "6288.HK": 0.0478239437002033
    }
}