{
    "portfolio_599": {
        "AVGO": 0.01,
        "PEP": 0.0893547211671037,
        "TLK": 0.0899120094242655,
        "RYTM": 0.01,
        "0DH.F": 0.01,
        "SHEL.L": 0.036535731290178,
        "AD.AS": 0.0764114331544925,
        "KPN.AS": 0.1577317199676779,
        "600519.SS": 0.0555004715649766,
        "601398.SS": 0.1658624792221708,
        "8001.T": 0.01,
        "9432.T": 0.0906440142599217,
        "9434.T": 0.0974962581305679,
        "0941.HK": 0.0664552025958676,
        "6288.HK": 0.0340959592227776
    }
}