{
    "portfolio_946": {
        "AVGO": 0.0196190151525388,
        "PEP": 0.0573004587274272,
        "TLK": 0.0963259394357894,
        "OL5.F": 0.01,
        "HSBA.L": 0.01,
        "ULVR.L": 0.0600625215090876,
        "AD.AS": 0.0770162056571272,
        "KPN.AS": 0.1549229532960236,
        "601328.SS": 0.01,
        "601398.SS": 0.1458346316419148,
        "601939.SS": 0.01,
        "2914.T": 0.0851784547114058,
        "9434.T": 0.1596785473352764,
        "0941.HK": 0.0647328698643833,
        "6288.HK": 0.0393284026690258
    }
}