{
    "portfolio_27": {
        "PEP": 0.0707501916582167,
        "PKX": 0.01,
        "TLK": 0.0845711487169742,
        "ADMA": 0.01,
        "ULVR.L": 0.0461480325560759,
        "AD.AS": 0.0675031907353335,
        "KPN.AS": 0.1654717258742503,
        "600519.SS": 0.0402618705177476,
        "601398.SS": 0.1640263046599865,
        "601857.SS": 0.0191637254991331,
        "2914.T": 0.0600922420041334,
        "6857.T": 0.01,
        "9432.T": 0.0768869700012976,
        "9434.T": 0.1348738770653373,
        "6288.HK": 0.0402507207115139
    }
}