{
    "portfolio_726": {
        "LIN": 0.01,
        "PEP": 0.0723479878034833,
        "KT": 0.0486692967685245,
        "TLK": 0.0775784524087197,
        "AIR.PA": 0.01,
        "LPS1.F": 0.01,
        "ULVR.L": 0.0538324653091259,
        "KPN.AS": 0.1883391546659507,
        "600028.SS": 0.01,
        "600519.SS": 0.0581096501915894,
        "601398.SS": 0.1716642585147298,
        "8031.T": 0.01,
        "9432.T": 0.0978939907412254,
        "9434.T": 0.1401524837370443,
        "6288.HK": 0.0414122598596069
    }
}