{
    "portfolio_643": {
        "CRESY": 0.01,
        "TMUS": 0.01,
        "TLK": 0.099129242948157,
        "0YXG.L": 0.0108928598192356,
        "ULVR.L": 0.0598059930188262,
        "AD.AS": 0.0742848633959911,
        "KPN.AS": 0.1573646034791571,
        "WKL.AS": 0.0269155250046838,
        "601398.SS": 0.1656101353433234,
        "601939.SS": 0.01,
        "2914.T": 0.0819450731908914,
        "9432.T": 0.0599601094286352,
        "9434.T": 0.131341163282385,
        "0941.HK": 0.0624185039556961,
        "6288.HK": 0.040331927133018
    }
}