{
    "portfolio_788": {
        "PEP": 0.0718250330709472,
        "TEO": 0.01,
        "TLK": 0.0841751830743976,
        "SHEL.L": 0.0313953930126701,
        "ULVR.L": 0.0568385718880466,
        "AD.AS": 0.0693510995580814,
        "KPN.AS": 0.144765801669324,
        "600900.SS": 0.0547368043885908,
        "601398.SS": 0.153774850821649,
        "601728.SS": 0.01,
        "2914.T": 0.0830176288700607,
        "7974.T": 0.0322354910916998,
        "9434.T": 0.1487120718116889,
        "0728.HK": 0.01,
        "6288.HK": 0.0391720707428439
    }
}