{
    "portfolio_205": {
        "PEP": 0.0733538629395636,
        "TLK": 0.0786235140032274,
        "IESC": 0.0155642990384649,
        "RYTM": 0.01,
        "TTE.PA": 0.01,
        "AD.AS": 0.074568110245356,
        "KPN.AS": 0.1806849696278259,
        "600519.SS": 0.0461376789253319,
        "601398.SS": 0.1797067344464733,
        "601857.SS": 0.0183780305289056,
        "2914.T": 0.05801363808717,
        "4063.T": 0.0180354007144434,
        "9432.T": 0.0711164648500474,
        "9434.T": 0.1280846210507428,
        "6288.HK": 0.0377326755424475
    }
}