{
    "portfolio_457": {
        "PEP": 0.067137430959945,
        "PKX": 0.01,
        "TLK": 0.0939437801301096,
        "SMMT": 0.01,
        "BPE.F": 0.0154812189793623,
        "TYT.L": 0.0284370779504695,
        "ULVR.L": 0.0552268527075042,
        "AD.AS": 0.0587563481225299,
        "KPN.AS": 0.1566035179278958,
        "600900.SS": 0.0665318633901294,
        "601328.SS": 0.01,
        "601398.SS": 0.1535098907130968,
        "2914.T": 0.0803812091951467,
        "9434.T": 0.1535995317983647,
        "6288.HK": 0.0403912781254463
    }
}