{
    "portfolio_941": {
        "PEP": 0.0758776473902524,
        "TLK": 0.0926135680446493,
        "SKFA.F": 0.01,
        "HSBA.L": 0.01,
        "AD.AS": 0.0738201199876825,
        "KPN.AS": 0.1663831789943081,
        "WKL.AS": 0.0229411974111164,
        "600519.SS": 0.045864204763825,
        "601398.SS": 0.1826787810711051,
        "2914.T": 0.0614149009107709,
        "7974.T": 0.0188748931986737,
        "9432.T": 0.0685899718469456,
        "9434.T": 0.1235438946496241,
        "1088.HK": 0.01,
        "6288.HK": 0.037397641731047
    }
}