{
    "portfolio_705": {
        "PEP": 0.0667994935359876,
        "CIB": 0.01,
        "TLK": 0.0869106715546589,
        "ADMA": 0.01,
        "0TDD.L": 0.01,
        "SHEL.L": 0.0314655375888842,
        "ULVR.L": 0.0555335154762489,
        "AD.AS": 0.0681007868771559,
        "KPN.AS": 0.1441515279729577,
        "601398.SS": 0.1861655638548856,
        "2914.T": 0.0816337099774985,
        "7974.T": 0.0305252260850413,
        "9434.T": 0.1612760878002128,
        "0728.HK": 0.0176539211358202,
        "6288.HK": 0.0397839581406486
    }
}