{
    "portfolio_507": {
        "PEP": 0.0807292464318487,
        "TLK": 0.0828327502912216,
        "OLLI": 0.01,
        "SHEL.L": 0.0331974259644047,
        "AD.AS": 0.074291693426334,
        "KPN.AS": 0.1678552295292852,
        "600519.SS": 0.0467558699931908,
        "600941.SS": 0.01,
        "601398.SS": 0.1702510787053248,
        "601728.SS": 0.01,
        "601988.SS": 0.01,
        "2914.T": 0.0611574372377666,
        "9432.T": 0.0685532799100327,
        "9434.T": 0.1343747197072844,
        "6288.HK": 0.0400012688033063
    }
}