{
    "portfolio_397": {
        "PEP": 0.0604278132080987,
        "BCH": 0.01,
        "TLK": 0.0820313481653364,
        "PRCT": 0.01,
        "0YXG.L": 0.01,
        "ULVR.L": 0.0518920520709475,
        "AD.AS": 0.0703017701797358,
        "KPN.AS": 0.1595281035844218,
        "SHELL.AS": 0.0196893822066916,
        "600519.SS": 0.0392561500318688,
        "601398.SS": 0.1736879528935223,
        "601857.SS": 0.0181692886203348,
        "2914.T": 0.0811086759200744,
        "9434.T": 0.1752692955040468,
        "6288.HK": 0.0386381676149212
    }
}