{
    "portfolio_206": {
        "PEP": 0.0670084375129656,
        "TLK": 0.0920013019800419,
        "APPF": 0.0129357350652166,
        "0TDD.L": 0.01,
        "TTE.L": 0.01,
        "ULVR.L": 0.0519080725778719,
        "AD.AS": 0.0668869428206043,
        "KPN.AS": 0.1608961731430578,
        "601398.SS": 0.1613089483157557,
        "2914.T": 0.0724971358949042,
        "9432.T": 0.0610271062411382,
        "9434.T": 0.124412850552947,
        "0941.HK": 0.059294929669486,
        "3988.HK": 0.01,
        "6288.HK": 0.0398223662260108
    }
}