{
    "portfolio_146": {
        "PEP": 0.0696924350069221,
        "BCH": 0.01,
        "TLK": 0.0896737691834004,
        "AXSM": 0.01,
        "SKFA.F": 0.01,
        "AD.AS": 0.0689239319581772,
        "KPN.AS": 0.1678921152265837,
        "WKL.AS": 0.0270150126318247,
        "600519.SS": 0.0490067548253622,
        "601398.SS": 0.1918243462460822,
        "2914.T": 0.0562624211304114,
        "8031.T": 0.01,
        "9432.T": 0.0792822882502305,
        "9434.T": 0.1223382840569476,
        "6288.HK": 0.038088641484058
    }
}