{
    "portfolio_590": {
        "KT": 0.0559759515043487,
        "TLK": 0.0803186636915286,
        "PJXC.F": 0.01,
        "0R4P.L": 0.0220884993208802,
        "ULVR.L": 0.0641459828385096,
        "AD.AS": 0.0752577268090612,
        "KPN.AS": 0.1701065102871974,
        "SHELL.AS": 0.014307054362915,
        "600941.SS": 0.01,
        "601398.SS": 0.1763640321837991,
        "2914.T": 0.0561725888656253,
        "8031.T": 0.01,
        "9432.T": 0.0842779028655723,
        "9434.T": 0.1281044928396017,
        "6288.HK": 0.0428805944309608
    }
}