{
    "portfolio_144": {
        "CRESY": 0.01,
        "PEP": 0.0577280978536117,
        "TLK": 0.086681441429643,
        "RYTM": 0.01,
        "ULVR.L": 0.0575700957035174,
        "AD.AS": 0.0710526637766848,
        "KPN.AS": 0.1626880158290642,
        "600900.SS": 0.0548519403165712,
        "601398.SS": 0.1631191568034289,
        "2914.T": 0.0906469967123954,
        "8001.T": 0.01,
        "9434.T": 0.1610828178192831,
        "0728.HK": 0.0132504561637993,
        "0883.HK": 0.01,
        "6288.HK": 0.0413283175920009
    }
}