{
    "portfolio_817": {
        "PEP": 0.064810213095219,
        "TLK": 0.0858285192830812,
        "APPF": 0.0155644546732875,
        "ULVR.L": 0.0578667729022969,
        "AD.AS": 0.0701064481097515,
        "KPN.AS": 0.1504277759783268,
        "SHELL.AS": 0.0267541392889492,
        "600900.SS": 0.0554996880242922,
        "601398.SS": 0.154392469295109,
        "2914.T": 0.082280844607145,
        "4519.T": 0.0130729461504643,
        "7974.T": 0.0264176725941732,
        "9434.T": 0.1459489109354576,
        "0386.HK": 0.0111230127686296,
        "6288.HK": 0.039906132293817
    }
}