{
    "portfolio_350": {
        "PEP": 0.1279571675739886,
        "EC": 0.0513430432872808,
        "APPF": 0.0469245679097587,
        "4AH1.F": 0.010377337276319,
        "LFU2.F": 0.01,
        "0TDD.L": 0.01,
        "ULVR.L": 0.1054059136768285,
        "KPN.AS": 0.0985678112761665,
        "601288.SS": 0.1211301062598145,
        "601728.SS": 0.0549228437255141,
        "601857.SS": 0.01,
        "4519.T": 0.01,
        "7974.T": 0.2227478122126041,
        "9433.T": 0.1106233968017251,
        "0883.HK": 0.01
    }
}