{
    "portfolio_432": {
        "PEP": 0.075421063937596,
        "TGS": 0.01,
        "TLK": 0.0842821200463554,
        "AXSM": 0.01,
        "ULVR.L": 0.0503295048257421,
        "AD.AS": 0.0655800613428021,
        "KPN.AS": 0.1667462195603456,
        "600519.SS": 0.0435592468168015,
        "601328.SS": 0.01,
        "601398.SS": 0.1770523529285068,
        "601728.SS": 0.0152478941435589,
        "4063.T": 0.0209716302280521,
        "9432.T": 0.0938394660003842,
        "9434.T": 0.1392378886600904,
        "6288.HK": 0.0377325515097646
    }
}