{
    "portfolio_778": {
        "PEP": 0.0750018033630637,
        "TEO": 0.01,
        "TLK": 0.0857039825924685,
        "HSBA.L": 0.01,
        "ULVR.L": 0.0443072237061627,
        "AD.AS": 0.0674072640184788,
        "KPN.AS": 0.162201170738817,
        "600519.SS": 0.0401032259841806,
        "601398.SS": 0.1797963237116594,
        "2914.T": 0.0569183759500111,
        "4063.T": 0.0181846070914354,
        "9432.T": 0.0717094667019342,
        "9434.T": 0.1293500909194617,
        "3988.HK": 0.01,
        "6288.HK": 0.0393164652223269
    }
}