{
    "portfolio_106": {
        "PEP": 0.0950100372347277,
        "BCH": 0.01,
        "TLK": 0.0683341779369105,
        "WK0.F": 0.01,
        "SHEL.L": 0.0297770804845614,
        "TYT.L": 0.0479945187809021,
        "ULVR.L": 0.0502013185324119,
        "AD.AS": 0.055240295118451,
        "KPN.AS": 0.1836697602657502,
        "600519.SS": 0.0546868769594657,
        "601398.SS": 0.1408655105584283,
        "9432.T": 0.0912618907582159,
        "9434.T": 0.1310524430857617,
        "0386.HK": 0.01,
        "1288.HK": 0.0219060902844132
    }
}