{
    "portfolio_976": {
        "PEP": 0.0837798646447255,
        "TEO": 0.01,
        "TLK": 0.0926479858186504,
        "TTE.PA": 0.01,
        "2B5.F": 0.01,
        "BPE5.F": 0.01,
        "ULVR.L": 0.0527261483134747,
        "AD.AS": 0.0700382427799848,
        "KPN.AS": 0.1480079435946365,
        "601398.SS": 0.1731376166023002,
        "2914.T": 0.0871252339357511,
        "9434.T": 0.140013886805703,
        "0728.HK": 0.01,
        "0941.HK": 0.061319130952302,
        "6288.HK": 0.0412039465524718
    }
}