{
    "portfolio_255": {
        "AVGO": 0.0126817234312932,
        "PEP": 0.0514775657005944,
        "TMUS": 0.01,
        "TLK": 0.0888779225133479,
        "PRCT": 0.01,
        "OL5.F": 0.01,
        "ULVR.L": 0.0595104820500456,
        "AD.AS": 0.0773349087649977,
        "KPN.AS": 0.1606777300346096,
        "600519.SS": 0.0370284715843984,
        "601398.SS": 0.1707982831645847,
        "2914.T": 0.0741356678624118,
        "9434.T": 0.1734222573214055,
        "0857.HK": 0.027550132391661,
        "6288.HK": 0.0365048551806502
    }
}