{
    "portfolio_682": {
        "CRESY": 0.01,
        "PEP": 0.0627607775643547,
        "EC": 0.01,
        "TLK": 0.0807304757500008,
        "RYTM": 0.01,
        "ULVR.L": 0.0559695471649596,
        "AD.AS": 0.070726457056317,
        "KPN.AS": 0.1583562133737026,
        "601398.SS": 0.1636639442171169,
        "601988.SS": 0.01,
        "2914.T": 0.0742472749022813,
        "9432.T": 0.0674695251752841,
        "9434.T": 0.1225166565403805,
        "0941.HK": 0.0649637511253618,
        "6288.HK": 0.0385953771302406
    }
}