{
    "portfolio_527": {
        "PEP": 0.1213284236584138,
        "TLK": 0.0810843577589971,
        "APPF": 0.0269651113892588,
        "0DH.F": 0.01,
        "2B5.F": 0.01,
        "WK0.F": 0.01,
        "SHEL.L": 0.040989930378429,
        "AD.AS": 0.0635549984198776,
        "KPN.AS": 0.1656833001521708,
        "600519.SS": 0.0616110649020912,
        "601288.SS": 0.1375075841586137,
        "2914.T": 0.0939217522735968,
        "9432.T": 0.01,
        "9433.T": 0.0915862823031838,
        "0941.HK": 0.0757671946053676
    }
}