{
    "portfolio_213": {
        "CRESY": 0.01,
        "PEP": 0.0733445501599357,
        "TLK": 0.0808834936693457,
        "LNTH": 0.01,
        "ULVR.L": 0.0501416925554093,
        "AD.AS": 0.0696267518613235,
        "KPN.AS": 0.1682461425974262,
        "600519.SS": 0.0417883290401676,
        "601398.SS": 0.1679261057886262,
        "8058.T": 0.01,
        "9432.T": 0.0842626419530203,
        "9434.T": 0.1388988405954712,
        "9983.T": 0.01,
        "0941.HK": 0.0537608728093418,
        "6288.HK": 0.0311205789699323
    }
}