{
    "portfolio_827": {
        "PEP": 0.0613700907267503,
        "TLK": 0.0801248555081905,
        "PRCT": 0.01,
        "VERX": 0.01,
        "ULVR.L": 0.056671377186078,
        "AD.AS": 0.0677452058169109,
        "KPN.AS": 0.1561670733483896,
        "SHELL.AS": 0.0279292234611861,
        "600900.SS": 0.052292715012122,
        "601398.SS": 0.1349003354770145,
        "601939.SS": 0.01,
        "2914.T": 0.0900097197422557,
        "9434.T": 0.152656295632134,
        "0941.HK": 0.0531622660768285,
        "6288.HK": 0.03697084201214
    }
}