{
    "portfolio_379": {
        "PEP": 0.0586375619344984,
        "TEO": 0.01,
        "TLK": 0.0884064023756744,
        "IESC": 0.015403077109854,
        "AI.PA": 0.01,
        "TTE.PA": 0.01,
        "ULVR.L": 0.0528172697790912,
        "AD.AS": 0.0694894813775099,
        "KPN.AS": 0.1572765463230309,
        "601398.SS": 0.1632760399733764,
        "601988.SS": 0.01,
        "2914.T": 0.0854667849024814,
        "9434.T": 0.1630182375121824,
        "0941.HK": 0.0678385490688288,
        "6288.HK": 0.0383700496434722
    }
}