{
    "portfolio_317": {
        "LIN": 0.01,
        "PEP": 0.0983345712492634,
        "IBN": 0.01,
        "TLK": 0.0657876419854306,
        "WK0.F": 0.01,
        "SHEL.L": 0.0316937868688507,
        "AD.AS": 0.0637498579296209,
        "KPN.AS": 0.1904115704072856,
        "600519.SS": 0.0496506247555129,
        "601398.SS": 0.1373605444600028,
        "601899.SS": 0.01,
        "2914.T": 0.079059197367517,
        "9432.T": 0.0764345087353508,
        "9434.T": 0.1191065235229869,
        "0941.HK": 0.0484111727181783
    }
}