{
    "portfolio_733": {
        "PEP": 0.0763507540169198,
        "TLK": 0.0920357632181171,
        "HSBA.L": 0.01,
        "ULVR.L": 0.0437712185790031,
        "AD.AS": 0.067850072909447,
        "KPN.AS": 0.1660433389129702,
        "600519.SS": 0.0425936936951814,
        "601398.SS": 0.1800278257416968,
        "2914.T": 0.0568113141554765,
        "7203.T": 0.01,
        "8001.T": 0.01,
        "9432.T": 0.0663030385554423,
        "9434.T": 0.1292018443126488,
        "1088.HK": 0.01,
        "6288.HK": 0.0390111359030968
    }
}