{
    "portfolio_729": {
        "CRESY": 0.01,
        "PEP": 0.0699890404920012,
        "KT": 0.044749046847854,
        "TGS": 0.01,
        "TLK": 0.0651784351593784,
        "TTE.PA": 0.01,
        "LPS1.F": 0.01,
        "0YXG.L": 0.01,
        "ULVR.L": 0.061796850097269,
        "KPN.AS": 0.1838605093947538,
        "600519.SS": 0.0561451507568747,
        "601398.SS": 0.1796126747217351,
        "9432.T": 0.1051794898704726,
        "9434.T": 0.1409763120737341,
        "6288.HK": 0.042512490585927
    }
}