{
    "portfolio_992": {
        "PEP": 0.0813913431516629,
        "TLK": 0.0856444296596,
        "SKFA.F": 0.01,
        "SHEL.L": 0.0330144835298278,
        "AD.AS": 0.071431011603641,
        "KPN.AS": 0.1628511430923747,
        "REN.AS": 0.0138449188225295,
        "600519.SS": 0.0467475780068018,
        "600941.SS": 0.01,
        "601288.SS": 0.0159526211636275,
        "601398.SS": 0.1701505185188036,
        "2914.T": 0.0602358189113575,
        "9432.T": 0.0720475152843674,
        "9434.T": 0.1294255413389899,
        "6288.HK": 0.0372630769164164
    }
}