{
    "portfolio_145": {
        "CRESY": 0.01,
        "PEP": 0.0756335428249863,
        "TLK": 0.0796189374993909,
        "SHEL.L": 0.0294103041007595,
        "ULVR.L": 0.0516025342076563,
        "AD.AS": 0.0673124884607353,
        "KPN.AS": 0.1531189375229949,
        "600519.SS": 0.0386028471428875,
        "601398.SS": 0.1679155002036608,
        "601857.SS": 0.0131544662128867,
        "2914.T": 0.0643951265517512,
        "9432.T": 0.0715813726196715,
        "9434.T": 0.1278231616162767,
        "0728.HK": 0.0118793068657655,
        "6288.HK": 0.0379514741705765
    }
}