{
    "portfolio_601": {
        "PEP": 0.0734472628929079,
        "TLK": 0.0864617712666848,
        "LNTH": 0.01,
        "ULVR.L": 0.0465189930305143,
        "AD.AS": 0.0646482662077603,
        "CCEP.AS": 0.01,
        "KPN.AS": 0.1705711848172085,
        "600519.SS": 0.0459929305095377,
        "601398.SS": 0.1863866515068535,
        "4063.T": 0.0179231288341601,
        "7974.T": 0.0229749129977865,
        "8058.T": 0.01,
        "9432.T": 0.078333740981901,
        "9434.T": 0.1399601958675446,
        "6288.HK": 0.0367809610871408
    }
}