{
    "portfolio_758": {
        "PEP": 0.076192112905638,
        "TGS": 0.01,
        "TLK": 0.0810614515760524,
        "SHEL.L": 0.0269535955154365,
        "ULVR.L": 0.0487352072758378,
        "AD.AS": 0.0687119877698522,
        "KPN.AS": 0.1551489496569714,
        "600519.SS": 0.0405006012294298,
        "601088.SS": 0.01,
        "601398.SS": 0.1782970967786564,
        "2914.T": 0.0566275230116347,
        "8058.T": 0.01,
        "9432.T": 0.0703512656053712,
        "9434.T": 0.1282365789141431,
        "6288.HK": 0.0391836297609766
    }
}