{
    "portfolio_944": {
        "AVGO": 0.0167809186117052,
        "PEP": 0.0629568393359404,
        "TLK": 0.0920735310671276,
        "OL5.F": 0.01,
        "SHEL.L": 0.0296756515131422,
        "ULVR.L": 0.0626216871181245,
        "AD.AS": 0.0749398978716122,
        "KPN.AS": 0.1477410973281386,
        "601398.SS": 0.1628179111548394,
        "2914.T": 0.0729253666770405,
        "8001.T": 0.01,
        "8058.T": 0.01,
        "9434.T": 0.1496497540401266,
        "0941.HK": 0.0621871932556666,
        "6288.HK": 0.0356301520265361
    }
}