{
    "portfolio_882": {
        "PEP": 0.073982904875299,
        "TLK": 0.084598968147185,
        "LNTH": 0.01,
        "SHEL.L": 0.0312803684157451,
        "AD.AS": 0.0730805180096657,
        "KPN.AS": 0.1565325334777934,
        "WKL.AS": 0.0252020905128079,
        "600519.SS": 0.0498216772777016,
        "600941.SS": 0.01,
        "601398.SS": 0.1721192011105106,
        "601857.SS": 0.0145639323073,
        "2914.T": 0.070245263235206,
        "9433.T": 0.0630078815928342,
        "9434.T": 0.1288475166994334,
        "6288.HK": 0.036717144338518
    }
}