{
    "portfolio_734": {
        "PEP": 0.1178724961756201,
        "TLK": 0.1055795149358974,
        "SMMT": 0.01,
        "0DH.F": 0.01,
        "BSD2.F": 0.01,
        "SHEL.L": 0.0384330974068636,
        "AD.AS": 0.0701762849872905,
        "KPN.AS": 0.1402805821388943,
        "600519.SS": 0.050739236826562,
        "601288.SS": 0.1502139303427754,
        "2914.T": 0.0679507849684404,
        "7974.T": 0.0510979915203026,
        "9433.T": 0.0848388106379219,
        "9983.T": 0.01,
        "0941.HK": 0.0828172700594319
    }
}