{
    "portfolio_544": {
        "PEP": 0.0740202995122236,
        "TEO": 0.01,
        "TLK": 0.0879218785952535,
        "ULVR.L": 0.0482840280745468,
        "AD.AS": 0.0681855720760602,
        "KPN.AS": 0.1646079805156019,
        "600519.SS": 0.0429756503122235,
        "601328.SS": 0.01,
        "601398.SS": 0.1686134787504612,
        "601939.SS": 0.01,
        "2914.T": 0.0587475923936434,
        "8058.T": 0.01,
        "9432.T": 0.0717894447818092,
        "9434.T": 0.1342577597762827,
        "6288.HK": 0.0405963152118941
    }
}