{
    "portfolio_194": {
        "PEP": 0.083213367594799,
        "TLK": 0.0895746707800791,
        "TTE.PA": 0.01,
        "ULVR.L": 0.0433769602886036,
        "AD.AS": 0.0698588781041044,
        "KPN.AS": 0.166727435853179,
        "600519.SS": 0.0421074005699972,
        "601398.SS": 0.159325629389745,
        "601857.SS": 0.01,
        "4063.T": 0.0175635702046958,
        "4519.T": 0.010263804552877,
        "9432.T": 0.0828407993500965,
        "9434.T": 0.1347797050278319,
        "0941.HK": 0.0460130770676647,
        "6288.HK": 0.0343547012163267
    }
}