{
    "portfolio_410": {
        "PEP": 0.0725073189378406,
        "TLK": 0.0866547825487221,
        "0YXG.L": 0.01,
        "SHEL.L": 0.0318310229605559,
        "ULVR.L": 0.0525105667477665,
        "AD.AS": 0.0661738161588929,
        "KPN.AS": 0.1529556735604022,
        "601328.SS": 0.01,
        "601398.SS": 0.1479198619333113,
        "601988.SS": 0.01,
        "2914.T": 0.0724095718900087,
        "9432.T": 0.0661716979488483,
        "9434.T": 0.1209531084941463,
        "0941.HK": 0.0608696022776185,
        "6288.HK": 0.0390429765418865
    }
}