{
    "portfolio_880": {
        "PEP": 0.0742240236156866,
        "TGS": 0.01,
        "TLK": 0.0876517706906661,
        "ULVR.L": 0.0465814788406866,
        "AD.AS": 0.0720515171945374,
        "KPN.AS": 0.1609769521934471,
        "600519.SS": 0.0363687128209673,
        "601088.SS": 0.01,
        "601288.SS": 0.0105845589659555,
        "601398.SS": 0.1464868518903509,
        "2914.T": 0.0621001890410732,
        "9432.T": 0.0685487151101995,
        "9434.T": 0.124766785771225,
        "0941.HK": 0.0524160995788552,
        "6288.HK": 0.0372423442863496
    }
}