{
    "portfolio_96": {
        "PEP": 0.0754837992601598,
        "TLK": 0.0916936706465684,
        "SMMT": 0.01,
        "AI.PA": 0.01,
        "SHEL.L": 0.0348581156736216,
        "ULVR.L": 0.0502945963376815,
        "AD.AS": 0.0571050108890242,
        "KPN.AS": 0.1516579557338539,
        "600900.SS": 0.0624702356104602,
        "601398.SS": 0.1478873266167198,
        "601939.SS": 0.01,
        "2914.T": 0.0933779849395521,
        "9434.T": 0.1533214774691927,
        "0883.HK": 0.01,
        "6288.HK": 0.0418498268231661
    }
}