{
    "portfolio_483": {
        "PEP": 0.0668248809208272,
        "PKX": 0.01,
        "TLK": 0.0900788036989455,
        "ADMA": 0.01,
        "ULVR.L": 0.0535814301186446,
        "AD.AS": 0.0663442967740462,
        "KPN.AS": 0.1633527776087196,
        "600028.SS": 0.01,
        "601398.SS": 0.1593893562470422,
        "2914.T": 0.0668498226555883,
        "8001.T": 0.01,
        "9432.T": 0.0663411565517031,
        "9434.T": 0.1284117559621857,
        "0941.HK": 0.057735105523462,
        "6288.HK": 0.0410906139388354
    }
}