{
    "portfolio_550": {
        "PEP": 0.0933161949685372,
        "TLK": 0.0999196736178966,
        "LNTH": 0.01,
        "0DH.F": 0.01,
        "0K9E.L": 0.01,
        "SHEL.L": 0.0409096014291414,
        "ULVR.L": 0.055056966770992,
        "AD.AS": 0.0771962188099626,
        "KPN.AS": 0.1322404471349594,
        "600519.SS": 0.0595146053661222,
        "600941.SS": 0.01,
        "601398.SS": 0.184381421945431,
        "7974.T": 0.0681123228629258,
        "9433.T": 0.1123632918128002,
        "6288.HK": 0.0369892552812316
    }
}