{
    "portfolio_296": {
        "KT": 0.0585298768010132,
        "TLK": 0.0787499114414891,
        "IESC": 0.0126899108576004,
        "PJXC.F": 0.01,
        "ULVR.L": 0.061346143661168,
        "AD.AS": 0.0810799959979314,
        "KPN.AS": 0.1793287895059428,
        "600028.SS": 0.01,
        "601398.SS": 0.1810387147119579,
        "2914.T": 0.0575964504452597,
        "4519.T": 0.01,
        "9432.T": 0.0827716967888752,
        "9434.T": 0.1250767528991977,
        "9983.T": 0.01,
        "6288.HK": 0.0417917568895644
    }
}