{
    "portfolio_78": {
        "PEP": 0.0783723684492979,
        "TLK": 0.0834458050350278,
        "IESC": 0.0166796405735313,
        "CS.PA": 0.01,
        "AD.AS": 0.0746713329935029,
        "KPN.AS": 0.17503640800384,
        "600519.SS": 0.04241291437393,
        "601398.SS": 0.1699790384425065,
        "2914.T": 0.055977756220259,
        "4063.T": 0.01,
        "6857.T": 0.01,
        "9432.T": 0.0699379589109762,
        "9434.T": 0.1172250796885976,
        "0941.HK": 0.0525747131506668,
        "6288.HK": 0.0336869841578641
    }
}