{
    "portfolio_894": {
        "PEP": 0.0883501041277887,
        "TLK": 0.0639841962859703,
        "RYTM": 0.01,
        "WK0.F": 0.01,
        "SHEL.L": 0.0325847376592413,
        "TYT.L": 0.036084453987296,
        "ULVR.L": 0.0468939069041246,
        "AD.AS": 0.0565165739774368,
        "KPN.AS": 0.1838432870399794,
        "600519.SS": 0.0507767375935548,
        "601398.SS": 0.1575763580688569,
        "2914.T": 0.0636138363052904,
        "9432.T": 0.0732471320200325,
        "9434.T": 0.1165286760304282,
        "0728.HK": 0.01
    }
}