{
    "portfolio_624": {
        "PEP": 0.0854023837318742,
        "TLK": 0.0849303938578821,
        "TTE.PA": 0.01,
        "SKFA.F": 0.01,
        "SHEL.L": 0.0250414241717666,
        "AD.AS": 0.0752909536399628,
        "KPN.AS": 0.1645342779481639,
        "600519.SS": 0.0454767150124877,
        "601398.SS": 0.174958798510331,
        "601939.SS": 0.01,
        "2914.T": 0.0576619762247741,
        "9432.T": 0.0741975971758879,
        "9434.T": 0.1309423404046354,
        "0728.HK": 0.013746077587675,
        "6288.HK": 0.0378170617345593
    }
}