{
    "portfolio_582": {
        "CRESY": 0.01,
        "PEP": 0.0704414897790845,
        "TGS": 0.01,
        "TLK": 0.0752438320560658,
        "LNTH": 0.01,
        "ULVR.L": 0.0531069186732266,
        "AD.AS": 0.0688143736670212,
        "KPN.AS": 0.1687752595486972,
        "600519.SS": 0.0453201859908648,
        "601398.SS": 0.1849770223677655,
        "9432.T": 0.08837509487892,
        "9434.T": 0.1507395172866477,
        "9983.T": 0.01,
        "0728.HK": 0.0183909294660452,
        "6288.HK": 0.0358153762856615
    }
}