{
    "portfolio_479": {
        "PEP": 0.0868178735903478,
        "TLK": 0.0879061411426687,
        "AD.AS": 0.0774441825324635,
        "KPN.AS": 0.1681930648602808,
        "SHELL.AS": 0.0216098946762768,
        "600519.SS": 0.0455144852444371,
        "601288.SS": 0.01,
        "601398.SS": 0.17190398663123,
        "2914.T": 0.0603956729295127,
        "9432.T": 0.0704334028397878,
        "9434.T": 0.134071852945467,
        "9983.T": 0.01,
        "1088.HK": 0.01,
        "1288.HK": 0.01,
        "6288.HK": 0.035709442607528
    }
}