{
    "portfolio_171": {
        "PEP": 0.0896136862312269,
        "PKX": 0.01,
        "TLK": 0.0682641617670375,
        "ADMA": 0.0123251299995534,
        "LPS1.F": 0.01,
        "SHEL.L": 0.0350550782985097,
        "KPN.AS": 0.1792092707548622,
        "UNA.AS": 0.0612141717481438,
        "600519.SS": 0.0576805516980674,
        "600941.SS": 0.01,
        "601398.SS": 0.1756845873632199,
        "4063.T": 0.01,
        "9432.T": 0.1032432667651203,
        "9434.T": 0.1385084045719495,
        "6288.HK": 0.0392016908023093
    }
}