{
    "portfolio_989": {
        "COST": 0.01,
        "PEP": 0.0757963427174071,
        "TLK": 0.0892888870516596,
        "BNP.PA": 0.01,
        "ULVR.L": 0.0460860789489216,
        "AD.AS": 0.0674810984996667,
        "KPN.AS": 0.167792127599776,
        "600519.SS": 0.0456715516575096,
        "601398.SS": 0.1761475521620777,
        "7974.T": 0.0267273325096351,
        "8031.T": 0.01,
        "9432.T": 0.0821726091941944,
        "9434.T": 0.1399852720151338,
        "1288.HK": 0.0149106954639742,
        "6288.HK": 0.0379404521800442
    }
}