{
    "portfolio_19": {
        "PEP": 0.0832072741540828,
        "TLK": 0.1020802707443296,
        "SAF.PA": 0.01,
        "2B5.F": 0.01,
        "ULVR.L": 0.0486826353701221,
        "AD.AS": 0.0686449191116549,
        "KPN.AS": 0.1568897983647912,
        "600028.SS": 0.01,
        "601398.SS": 0.15325747511133,
        "601988.SS": 0.01,
        "2914.T": 0.0928430056056764,
        "9434.T": 0.1389074010558053,
        "0941.HK": 0.0638377501730659,
        "1088.HK": 0.01,
        "6288.HK": 0.0416494703091419
    }
}