{
    "portfolio_587": {
        "PEP": 0.0973536880101059,
        "TEO": 0.01,
        "TLK": 0.1097556566508956,
        "IESC": 0.01,
        "0DH.F": 0.01,
        "2B5.F": 0.01,
        "ULVR.L": 0.0609848167792288,
        "AD.AS": 0.0668179870176484,
        "KPN.AS": 0.1342114780785196,
        "601288.SS": 0.1535023321673632,
        "2914.T": 0.0798515649159306,
        "7974.T": 0.0582315384737436,
        "9433.T": 0.0745000690573875,
        "0941.HK": 0.08591989124723,
        "6288.HK": 0.0388709776019468
    }
}