{
    "portfolio_12": {
        "PEP": 0.0849724135867614,
        "TLK": 0.0877053158690806,
        "SAF.PA": 0.01,
        "BPE5.F": 0.01,
        "AD.AS": 0.076064199678738,
        "KPN.AS": 0.169906819713783,
        "600028.SS": 0.01,
        "600519.SS": 0.0418957048342981,
        "601398.SS": 0.1628434648836974,
        "2914.T": 0.0608228861363724,
        "4519.T": 0.0126816654329334,
        "9432.T": 0.0650737027547252,
        "9434.T": 0.1216759746120989,
        "0941.HK": 0.0505187853906693,
        "6288.HK": 0.0358390671068421
    }
}