{
    "portfolio_515": {
        "PEP": 0.0694703468186946,
        "KT": 0.0468317700935208,
        "TLK": 0.0735683708323646,
        "ADMA": 0.01,
        "TTE.PA": 0.0113223074054193,
        "LPS1.F": 0.01,
        "ULVR.L": 0.0529029917903126,
        "CCEP.AS": 0.012953253285227,
        "KPN.AS": 0.1844502361474581,
        "600519.SS": 0.0564020336006822,
        "601398.SS": 0.1775732081774758,
        "4568.T": 0.01,
        "9432.T": 0.0978616465620596,
        "9434.T": 0.1434411870135785,
        "6288.HK": 0.0432226482732069
    }
}