{
    "portfolio_288": {
        "PEP": 0.0810052163861115,
        "TLK": 0.0900467018761667,
        "BPE5.F": 0.01,
        "0TDD.L": 0.01,
        "AD.AS": 0.0728011522957578,
        "KPN.AS": 0.1691651210638917,
        "REN.AS": 0.0110535128385168,
        "600519.SS": 0.0481270099573005,
        "601398.SS": 0.1882612741710644,
        "2914.T": 0.0573459968568888,
        "8031.T": 0.01,
        "9432.T": 0.0712597161945277,
        "9434.T": 0.1294798137535552,
        "0728.HK": 0.0132033998240109,
        "6288.HK": 0.0382510847822078
    }
}