{
    "portfolio_335": {
        "PEP": 0.0597115247421906,
        "BCH": 0.01,
        "TLK": 0.0934138988598127,
        "APPF": 0.0131687005629915,
        "OL5.F": 0.01,
        "ULVR.L": 0.0563477951244791,
        "AD.AS": 0.0735161010300028,
        "CCEP.AS": 0.01,
        "KPN.AS": 0.1559791774423588,
        "600519.SS": 0.037857622383395,
        "601398.SS": 0.1691973352756664,
        "2914.T": 0.0758623255171184,
        "9434.T": 0.1724507066279276,
        "0857.HK": 0.0249921441535488,
        "6288.HK": 0.0375026682805084
    }
}