{
    "portfolio_789": {
        "PEP": 0.0594220652471725,
        "TAK": 0.0463798696253261,
        "TLK": 0.0917461211568198,
        "BPE5.F": 0.01,
        "OL5.F": 0.01,
        "ULVR.L": 0.0627891574985796,
        "AD.AS": 0.0754183516616642,
        "KPN.AS": 0.1516904167567646,
        "601398.SS": 0.1571737721531721,
        "601857.SS": 0.01,
        "2914.T": 0.0744896057966225,
        "4063.T": 0.0133897557099856,
        "9434.T": 0.1406759545539096,
        "0941.HK": 0.0589037005481954,
        "6288.HK": 0.0379212292917877
    }
}