{
    "portfolio_743": {
        "AVGO": 0.01,
        "PEP": 0.072870582236819,
        "KT": 0.0481542925824302,
        "TLK": 0.0773180946813842,
        "LPS1.F": 0.01,
        "ULVR.L": 0.0563072335889791,
        "KPN.AS": 0.1926434504993702,
        "600519.SS": 0.0578505666477754,
        "601288.SS": 0.0250692250324941,
        "601398.SS": 0.1404983548968312,
        "601988.SS": 0.01,
        "9432.T": 0.1024342900756219,
        "9434.T": 0.1443550722601532,
        "0883.HK": 0.01,
        "6288.HK": 0.0424988374981416
    }
}