{
    "portfolio_461": {
        "PEP": 0.0649011049782222,
        "TLK": 0.0830123818737662,
        "ADMA": 0.01,
        "AXSM": 0.01,
        "SHEL.L": 0.0361979862420192,
        "ULVR.L": 0.055775466635998,
        "AD.AS": 0.0661080159299436,
        "KPN.AS": 0.140220636722355,
        "600900.SS": 0.0557872823197369,
        "601398.SS": 0.1534593815237578,
        "2914.T": 0.0811970852730066,
        "9433.T": 0.0579307925864263,
        "9434.T": 0.1242700839940522,
        "1288.HK": 0.0197698615235514,
        "6288.HK": 0.0413699203971644
    }
}