{
    "portfolio_651": {
        "AVGO": 0.01,
        "PEP": 0.0622219316579056,
        "TLK": 0.0864811978007633,
        "OLLI": 0.01,
        "TTE.PA": 0.01,
        "ULVR.L": 0.0463626079793385,
        "AD.AS": 0.0679192994295931,
        "KPN.AS": 0.1660908674364992,
        "600519.SS": 0.0434511505666909,
        "601398.SS": 0.1829716652007145,
        "2914.T": 0.0587038939009486,
        "8058.T": 0.01,
        "9432.T": 0.070840310218072,
        "9434.T": 0.1329430008788598,
        "6288.HK": 0.0420140749306143
    }
}