{
    "portfolio_330": {
        "PEP": 0.0705567557034223,
        "BCH": 0.01,
        "TLK": 0.0819991065327699,
        "AXSM": 0.01,
        "LNTH": 0.01,
        "ULVR.L": 0.051311622637175,
        "AD.AS": 0.0632078189331602,
        "KPN.AS": 0.1716706690302035,
        "600519.SS": 0.048154478951005,
        "600941.SS": 0.01,
        "601328.SS": 0.01,
        "601398.SS": 0.1767079893860869,
        "9432.T": 0.094170698267626,
        "9434.T": 0.1511320102507888,
        "6288.HK": 0.0410888503077624
    }
}