{
    "portfolio_366": {
        "PEP": 0.0816521186555119,
        "TLK": 0.0934654778569127,
        "OLLI": 0.01,
        "2B5.F": 0.01,
        "SHEL.L": 0.0312501349851317,
        "ULVR.L": 0.0502559023193127,
        "AD.AS": 0.0674628794925288,
        "KPN.AS": 0.1501325190164428,
        "601288.SS": 0.0228404055077456,
        "601398.SS": 0.1470098672536488,
        "2914.T": 0.0884734419731454,
        "9434.T": 0.1358894808700912,
        "0386.HK": 0.01,
        "0941.HK": 0.0611510535029634,
        "6288.HK": 0.0404167185665649
    }
}