{
    "portfolio_909": {
        "PEP": 0.0648565942962617,
        "TLK": 0.0855744119342915,
        "LNTH": 0.01,
        "VERX": 0.01,
        "BPE5.F": 0.01208188797495,
        "ULVR.L": 0.0546236954205034,
        "AD.AS": 0.0652316651494653,
        "KPN.AS": 0.165166256813649,
        "601398.SS": 0.159989804336242,
        "2914.T": 0.0723552246820009,
        "9432.T": 0.0621965001277687,
        "9434.T": 0.1283896262061873,
        "0941.HK": 0.0600205863326273,
        "1088.HK": 0.01,
        "6288.HK": 0.0395137467260529
    }
}