{
    "portfolio_440": {
        "PEP": 0.1263962939308329,
        "EC": 0.0464798482437948,
        "TGS": 0.01,
        "APPF": 0.0468361802379053,
        "4AH1.F": 0.0102588136570025,
        "LFU2.F": 0.01,
        "ULVR.L": 0.1089009994855677,
        "KPN.AS": 0.1009315824741971,
        "601288.SS": 0.1181319925696376,
        "601728.SS": 0.0554067583076806,
        "601857.SS": 0.01,
        "6857.T": 0.01,
        "7974.T": 0.2248990876344591,
        "9433.T": 0.1117584434589224,
        "0857.HK": 0.01
    }
}