{
    "portfolio_244": {
        "PEP": 0.12019611343567,
        "BSAC": 0.01,
        "EC": 0.0487537862179936,
        "ADMA": 0.01,
        "APPF": 0.0391772248405796,
        "VERX": 0.01,
        "4AH1.F": 0.0106618154455277,
        "LFU2.F": 0.01,
        "ULVR.L": 0.1094257523137105,
        "KPN.AS": 0.0990221815781767,
        "601288.SS": 0.1234791963599111,
        "601728.SS": 0.0577480585019373,
        "601939.SS": 0.01,
        "7974.T": 0.2274706102280964,
        "9433.T": 0.114065261078397
    }
}