{
    "portfolio_465": {
        "PEP": 0.0756985226593994,
        "TLK": 0.0862060152675208,
        "ULVR.L": 0.048629921787375,
        "AD.AS": 0.0660639864831896,
        "KPN.AS": 0.1520181974486912,
        "REN.AS": 0.01,
        "SHELL.AS": 0.0247495714913644,
        "600519.SS": 0.0413498612323309,
        "601398.SS": 0.1789442879098086,
        "2914.T": 0.0589650518462421,
        "8058.T": 0.01,
        "9432.T": 0.0697028470096337,
        "9434.T": 0.1251690925357377,
        "0728.HK": 0.0146945796715312,
        "6288.HK": 0.0378080646571756
    }
}