{
    "portfolio_327": {
        "PEP": 0.070189605993008,
        "TLK": 0.0869115246298571,
        "PRCT": 0.01,
        "ULVR.L": 0.0491805106100935,
        "AD.AS": 0.0677677676549213,
        "KPN.AS": 0.1722202305453604,
        "600519.SS": 0.0424166328233805,
        "601398.SS": 0.1646022897514484,
        "601857.SS": 0.01,
        "2914.T": 0.0595367521225589,
        "8001.T": 0.01,
        "9432.T": 0.0620821054227336,
        "9434.T": 0.1372824398714578,
        "0857.HK": 0.0207605269708537,
        "6288.HK": 0.0370496136043266
    }
}