{
    "portfolio_283": {
        "PEP": 0.0759395521170089,
        "TGS": 0.01,
        "TLK": 0.0854224136574837,
        "AXSM": 0.01,
        "ULVR.L": 0.0501688025452656,
        "AD.AS": 0.0659088541897928,
        "KPN.AS": 0.1696076465524053,
        "600028.SS": 0.01,
        "600519.SS": 0.0476867089361355,
        "600941.SS": 0.01,
        "601288.SS": 0.01,
        "601398.SS": 0.1706901304226279,
        "9432.T": 0.0957650769768529,
        "9434.T": 0.1475920937572412,
        "6288.HK": 0.0412187208451861
    }
}