{
    "portfolio_504": {
        "PEP": 0.0842300088188101,
        "TGS": 0.01,
        "TLK": 0.0839697467036248,
        "AXSM": 0.01,
        "DG.PA": 0.01,
        "0TDD.L": 0.01,
        "AD.AS": 0.0728534232944116,
        "KPN.AS": 0.172294629767032,
        "600519.SS": 0.0447301973257482,
        "601398.SS": 0.1776072095704113,
        "9432.T": 0.0933409827012834,
        "9434.T": 0.1367291399088535,
        "9983.T": 0.01,
        "0941.HK": 0.0522849800885475,
        "6288.HK": 0.0319596818212777
    }
}