{
    "portfolio_251": {
        "PEP": 0.0603460221388728,
        "TLK": 0.0899862831304264,
        "RYTM": 0.01,
        "SAF.PA": 0.01,
        "BPE5.F": 0.01,
        "TTE.L": 0.01,
        "ULVR.L": 0.0500656816198982,
        "AD.AS": 0.0704020066960151,
        "KPN.AS": 0.1556408079437964,
        "REN.AS": 0.01,
        "601398.SS": 0.1749568560344821,
        "2914.T": 0.0895016029057274,
        "9434.T": 0.1560178112141287,
        "0941.HK": 0.0653077364552848,
        "6288.HK": 0.037775191861368
    }
}