{
    "portfolio_15": {
        "PEP": 0.0678730733057176,
        "BCH": 0.01,
        "TLK": 0.0990733619674743,
        "TTE.PA": 0.01,
        "OL5.F": 0.01,
        "ULVR.L": 0.0622767962771172,
        "AD.AS": 0.077687087276097,
        "KPN.AS": 0.1494661149029692,
        "600028.SS": 0.01,
        "601398.SS": 0.1530097702569358,
        "2914.T": 0.0812926588194787,
        "9434.T": 0.1583794411259738,
        "0941.HK": 0.0625217314130453,
        "1288.HK": 0.01,
        "6288.HK": 0.0384199646551912
    }
}