{
    "portfolio_981": {
        "PEP": 0.1054419287535115,
        "EC": 0.0415174046886311,
        "APPF": 0.0440517821243263,
        "4AH1.F": 0.0100863206841693,
        "LFU2.F": 0.01,
        "PJXC.F": 0.01,
        "ULVR.L": 0.1125481824540142,
        "KPN.AS": 0.1226275424656647,
        "601288.SS": 0.1406120205175398,
        "601728.SS": 0.0507636689383713,
        "7974.T": 0.217654676546967,
        "9433.T": 0.104696472826805,
        "9983.T": 0.01,
        "0857.HK": 0.01,
        "0941.HK": 0.01
    }
}