{
    "portfolio_195": {
        "PEP": 0.0774857208249398,
        "BSAC": 0.01,
        "TLK": 0.0810860239497186,
        "RYTM": 0.01,
        "HSBA.L": 0.01,
        "AD.AS": 0.0752949679133174,
        "KPN.AS": 0.1775860761630446,
        "600519.SS": 0.0455256898950279,
        "601398.SS": 0.1936881491196082,
        "2914.T": 0.0583315420978294,
        "4063.T": 0.0148216224467033,
        "4519.T": 0.01,
        "9432.T": 0.0692594688437577,
        "9434.T": 0.1279479210866987,
        "6288.HK": 0.038972817659354
    }
}