{
    "portfolio_993": {
        "PEP": 0.073227316151808,
        "TLK": 0.0912144632138152,
        "0YXG.L": 0.01,
        "ULVR.L": 0.0462818374479117,
        "AD.AS": 0.0669354651616936,
        "KPN.AS": 0.1672304153610386,
        "600028.SS": 0.0168376680425283,
        "600519.SS": 0.0423863268038498,
        "601398.SS": 0.1646744896277958,
        "2914.T": 0.0615582341332232,
        "8001.T": 0.01,
        "9432.T": 0.0702721566504819,
        "9434.T": 0.1293229717162388,
        "1288.HK": 0.0101211058629447,
        "6288.HK": 0.0399375498266707
    }
}