{
    "portfolio_995": {
        "PEP": 0.0949502251714989,
        "TLK": 0.0981348064665525,
        "PRCT": 0.01,
        "0DH.F": 0.01,
        "SHEL.L": 0.0417277062888474,
        "ULVR.L": 0.0531329016780742,
        "AD.AS": 0.0766884772080901,
        "CCEP.AS": 0.01,
        "KPN.AS": 0.133763509581105,
        "600519.SS": 0.0563674773111857,
        "601398.SS": 0.1699210632750292,
        "7974.T": 0.0621423862528703,
        "8058.T": 0.01,
        "9433.T": 0.1038773896858745,
        "0941.HK": 0.069294057080872
    }
}