{
    "portfolio_414": {
        "AVGO": 0.0107323633544175,
        "PEP": 0.0551657545657059,
        "TLK": 0.0964258068838459,
        "APPF": 0.0122418360478727,
        "ULVR.L": 0.0537505840928552,
        "AD.AS": 0.0731833350598868,
        "KPN.AS": 0.163121389876009,
        "601088.SS": 0.01,
        "601398.SS": 0.1455083096631716,
        "601939.SS": 0.01,
        "601988.SS": 0.01,
        "2914.T": 0.0902637409337867,
        "9434.T": 0.1673602730487523,
        "0941.HK": 0.0611403399090339,
        "6288.HK": 0.0411062665646627
    }
}