{
    "portfolio_404": {
        "PEP": 0.0743961580426602,
        "TLK": 0.0914704204651278,
        "SAF.PA": 0.01,
        "ULVR.L": 0.046262259245532,
        "AD.AS": 0.0674700226047197,
        "KPN.AS": 0.1651839174261036,
        "600519.SS": 0.0423234463552576,
        "600941.SS": 0.01,
        "601398.SS": 0.1636978341398277,
        "601939.SS": 0.01,
        "2914.T": 0.0640042266924765,
        "9432.T": 0.0695866106779002,
        "9434.T": 0.1330063179799024,
        "0386.HK": 0.0124699265729884,
        "6288.HK": 0.040128859797504
    }
}