{
    "portfolio_354": {
        "PEP": 0.0597277103153299,
        "TGS": 0.01,
        "TLK": 0.0896985217425779,
        "IESC": 0.0160398647948895,
        "ULVR.L": 0.0535158103198684,
        "AD.AS": 0.0722753959373456,
        "KPN.AS": 0.1633679458363776,
        "601138.SS": 0.01,
        "601288.SS": 0.01,
        "601398.SS": 0.1665493890274922,
        "2914.T": 0.0850111267816358,
        "9434.T": 0.1602720637234458,
        "9983.T": 0.01,
        "0941.HK": 0.0599942741626213,
        "6288.HK": 0.0335478973584161
    }
}