{
    "portfolio_148": {
        "PEP": 0.0727024412521974,
        "KT": 0.0446644383044245,
        "TLK": 0.0724593600664742,
        "AXSM": 0.01,
        "BPE5.F": 0.0132162474036387,
        "LPS1.F": 0.01,
        "0YXG.L": 0.01,
        "ULVR.L": 0.0589774702635927,
        "KPN.AS": 0.1830271809591978,
        "600519.SS": 0.0565047177300952,
        "601398.SS": 0.1805851539912412,
        "8058.T": 0.01,
        "9432.T": 0.1067471118327005,
        "9434.T": 0.1298815889224206,
        "6288.HK": 0.0412342892740175
    }
}