{
    "portfolio_566": {
        "PEP": 0.0770722754758133,
        "BSAC": 0.01,
        "TLK": 0.0829190368719797,
        "8GC.F": 0.01,
        "0K9E.L": 0.0277935519204618,
        "AD.AS": 0.0708135710934993,
        "CCEP.AS": 0.01,
        "KPN.AS": 0.1693298670513841,
        "600519.SS": 0.0453709378905374,
        "601398.SS": 0.1702125662070882,
        "8058.T": 0.01,
        "9432.T": 0.0864662243070303,
        "9434.T": 0.1416649833727162,
        "0941.HK": 0.0525955086243275,
        "6288.HK": 0.035761477185162
    }
}