{
    "portfolio_746": {
        "LIN": 0.01,
        "PEP": 0.0685685520925639,
        "TLK": 0.0907493297267728,
        "8GC.F": 0.01,
        "ULVR.L": 0.0534798080804682,
        "AD.AS": 0.0673346169065444,
        "KPN.AS": 0.1607446061442807,
        "601288.SS": 0.01,
        "601398.SS": 0.1532297917087962,
        "2914.T": 0.070628963083639,
        "9432.T": 0.068199000829777,
        "9434.T": 0.1248116042696573,
        "0941.HK": 0.0614683256571607,
        "3988.HK": 0.01,
        "6288.HK": 0.0407854015003396
    }
}