{
    "portfolio_520": {
        "PEP": 0.0678786619205633,
        "PKX": 0.01,
        "TLK": 0.0855211426004269,
        "0YXG.L": 0.01,
        "ULVR.L": 0.0480921151009557,
        "AD.AS": 0.059583748625094,
        "KPN.AS": 0.1627237905541376,
        "UMG.AS": 0.0206675534901765,
        "600519.SS": 0.0371360357057803,
        "601398.SS": 0.1661072610747343,
        "2914.T": 0.0642666892225973,
        "9432.T": 0.0714168975635232,
        "9434.T": 0.1345500407090308,
        "0857.HK": 0.0244414163855938,
        "6288.HK": 0.0376146470473863
    }
}