{
    "portfolio_136": {
        "PEP": 0.0789007898393823,
        "BSAC": 0.01,
        "TLK": 0.0804802671233247,
        "LNTH": 0.01,
        "TTE.PA": 0.01,
        "HSBA.L": 0.01,
        "AD.AS": 0.0736830314702769,
        "KPN.AS": 0.1738252573512899,
        "600519.SS": 0.0473006233091157,
        "601398.SS": 0.183620074554181,
        "2914.T": 0.0598027229669527,
        "9432.T": 0.0715036787251519,
        "9434.T": 0.1391918179631671,
        "0883.HK": 0.01,
        "6288.HK": 0.0416917366971576
    }
}