{
    "portfolio_30": {
        "PEP": 0.0593548045818031,
        "TAK": 0.0454830754229177,
        "TLK": 0.0929066296756496,
        "TTE.PA": 0.01,
        "OL5.F": 0.01,
        "ULVR.L": 0.0625091099863891,
        "AD.AS": 0.0764046527659678,
        "KPN.AS": 0.1502059426343152,
        "601088.SS": 0.01,
        "601398.SS": 0.1576369387857065,
        "2914.T": 0.0776891853231202,
        "9434.T": 0.1439663089646658,
        "0728.HK": 0.01,
        "0941.HK": 0.0543268277815022,
        "6288.HK": 0.0395165240779626
    }
}