{
    "portfolio_421": {
        "PEP": 0.122631096157955,
        "EC": 0.0513528934434079,
        "APPF": 0.0481438322064108,
        "4AH1.F": 0.0105052319504396,
        "LFU2.F": 0.01,
        "ULVR.L": 0.1074304524841521,
        "KPN.AS": 0.0953331442030907,
        "601288.SS": 0.1179382067680377,
        "601328.SS": 0.01,
        "601728.SS": 0.0555278951866764,
        "2914.T": 0.0317742400653079,
        "7974.T": 0.2199882232492076,
        "8058.T": 0.01,
        "9433.T": 0.0993747842853143,
        "0883.HK": 0.01
    }
}