{
    "portfolio_137": {
        "PEP": 0.0825153975419194,
        "TGS": 0.01,
        "TLK": 0.0955917604762866,
        "SAF.PA": 0.01,
        "2B5.F": 0.01,
        "ULVR.L": 0.049840339199334,
        "AD.AS": 0.0676918335544979,
        "KPN.AS": 0.1500644521356968,
        "601288.SS": 0.0320450650325811,
        "601398.SS": 0.1423844536473497,
        "2914.T": 0.0831967566000326,
        "9433.T": 0.0520805047882247,
        "9434.T": 0.102700494573602,
        "0941.HK": 0.0704243734158379,
        "6288.HK": 0.0414645690346373
    }
}