{
    "portfolio_890": {
        "PEP": 0.1318422409415882,
        "TMUS": 0.0214686401851953,
        "EC": 0.0571748900785935,
        "APPF": 0.0414620451051588,
        "ECX": 0.0125960946323358,
        "AIR.PA": 0.01,
        "BNP.PA": 0.01,
        "LFU2.F": 0.01,
        "0YXG.L": 0.01,
        "ULVR.L": 0.121488891416657,
        "601288.SS": 0.1392731234519304,
        "601728.SS": 0.0651952310148325,
        "7974.T": 0.2332255609938479,
        "9433.T": 0.1263102366603044
    }
}