{
    "portfolio_741": {
        "PEP": 0.0829582191475333,
        "TLK": 0.0893136120928203,
        "VERX": 0.01,
        "AD.AS": 0.074853346709192,
        "KPN.AS": 0.1792872495862993,
        "600519.SS": 0.047107684100129,
        "601088.SS": 0.01,
        "601398.SS": 0.1728229380989952,
        "2914.T": 0.0618228663882552,
        "9432.T": 0.0722852315216458,
        "9434.T": 0.1323573264777185,
        "9983.T": 0.01,
        "0728.HK": 0.0109683659846501,
        "1288.HK": 0.01,
        "6288.HK": 0.0362231598927612
    }
}