{
    "portfolio_913": {
        "PEP": 0.1254753564642348,
        "EC": 0.0511667693703666,
        "APPF": 0.0467649132855437,
        "SAF.PA": 0.01,
        "4AH1.F": 0.0105629249911931,
        "LFU2.F": 0.01,
        "ULVR.L": 0.1047812358672367,
        "KPN.AS": 0.0991459976314339,
        "601288.SS": 0.1288520645443958,
        "601728.SS": 0.0580763641511949,
        "4519.T": 0.01,
        "7974.T": 0.2189912834416587,
        "8031.T": 0.01,
        "9433.T": 0.1061830902527418,
        "1088.HK": 0.01
    }
}