{
    "portfolio_408": {
        "PEP": 0.0738135649284502,
        "BCH": 0.01,
        "TLK": 0.0849061525567791,
        "RYTM": 0.01,
        "AD.AS": 0.0743532989261967,
        "KPN.AS": 0.1771837722699601,
        "REN.AS": 0.0107164176768047,
        "600519.SS": 0.0492512954378782,
        "601398.SS": 0.1859017513114467,
        "601988.SS": 0.01,
        "2914.T": 0.0599999513621259,
        "8031.T": 0.01,
        "9432.T": 0.0709101626478819,
        "9434.T": 0.1329559970533848,
        "6288.HK": 0.0400076358290918
    }
}