{
    "portfolio_220": {
        "PEP": 0.0794573643096606,
        "PKX": 0.01,
        "TLK": 0.0964109471107913,
        "VERX": 0.01,
        "2B5.F": 0.01,
        "ULVR.L": 0.0496828700263655,
        "AD.AS": 0.0662159447810415,
        "KPN.AS": 0.1611081717674658,
        "601088.SS": 0.01,
        "601398.SS": 0.1652420535897825,
        "2914.T": 0.0887162052077151,
        "4063.T": 0.01,
        "9434.T": 0.138276358608674,
        "0941.HK": 0.0644117488588952,
        "6288.HK": 0.0404783357396085
    }
}