{
    "portfolio_505": {
        "PEP": 0.1010393462796723,
        "TLK": 0.1157875582590316,
        "0DH.F": 0.01,
        "AD.AS": 0.0897758586732574,
        "KPN.AS": 0.1526515195721555,
        "600028.SS": 0.01,
        "600519.SS": 0.0598785842101332,
        "601398.SS": 0.1678199380626408,
        "2914.T": 0.0677698841583197,
        "7974.T": 0.0606454739279518,
        "9433.T": 0.0958881243902211,
        "0386.HK": 0.01,
        "0883.HK": 0.01,
        "3988.HK": 0.01,
        "6288.HK": 0.0387437124666165
    }
}