{
    "portfolio_199": {
        "PEP": 0.0613333692826303,
        "TEO": 0.01,
        "TLK": 0.0888574788930688,
        "LNTH": 0.01,
        "BPE5.F": 0.01,
        "ULVR.L": 0.0567539927682521,
        "AD.AS": 0.070135510020824,
        "KPN.AS": 0.1583446553777372,
        "601138.SS": 0.0100945235618538,
        "601398.SS": 0.160484494812916,
        "601988.SS": 0.01,
        "2914.T": 0.0852539554787684,
        "9434.T": 0.1690990404951422,
        "0941.HK": 0.0620796871314252,
        "6288.HK": 0.037563292177382
    }
}