{
    "portfolio_578": {
        "AVGO": 0.0131865606890312,
        "PEP": 0.062228421006439,
        "TLK": 0.0966582284331673,
        "ULVR.L": 0.0481741808783564,
        "AD.AS": 0.0733875833982486,
        "KPN.AS": 0.1654314362042587,
        "600519.SS": 0.0368312648661121,
        "601398.SS": 0.1647776954031038,
        "2914.T": 0.0749972669744489,
        "8031.T": 0.01,
        "9434.T": 0.17789548342191,
        "0857.HK": 0.0190747817344272,
        "1088.HK": 0.01,
        "1288.HK": 0.01,
        "6288.HK": 0.0373570969904967
    }
}