{
    "portfolio_45": {
        "PEP": 0.0713928417595345,
        "KT": 0.0457577034435229,
        "TLK": 0.0683723582460317,
        "IESC": 0.0118083992902045,
        "TTE.PA": 0.01,
        "LPS1.F": 0.01,
        "TYT.L": 0.0311027710639884,
        "ULVR.L": 0.0616458887308022,
        "KPN.AS": 0.1767783354060263,
        "SHELL.AS": 0.0214707849766593,
        "600519.SS": 0.0563316154286698,
        "601398.SS": 0.1790579116498997,
        "9432.T": 0.0935053236066779,
        "9434.T": 0.12569314462511,
        "6288.HK": 0.0370829217728724
    }
}