{
    "portfolio_811": {
        "PEP": 0.0886508020450588,
        "BCH": 0.01,
        "TLK": 0.0728278422395914,
        "TTE.PA": 0.01,
        "WK0.F": 0.01,
        "TYT.L": 0.0425203643464723,
        "ULVR.L": 0.0506052635123688,
        "AD.AS": 0.0552522929630718,
        "KPN.AS": 0.1860460250485727,
        "600519.SS": 0.0533025198637131,
        "601398.SS": 0.1540546753579679,
        "601899.SS": 0.01,
        "2914.T": 0.0584613171815038,
        "9432.T": 0.0779938257100071,
        "9434.T": 0.1202850717316723
    }
}