{
    "portfolio_761": {
        "PEP": 0.085100675060196,
        "TLK": 0.0866650935305992,
        "SAF.PA": 0.01,
        "BPE5.F": 0.01,
        "AD.AS": 0.0754525600343485,
        "KPN.AS": 0.1718174847731194,
        "600519.SS": 0.0461472386973608,
        "601398.SS": 0.1888968882102963,
        "2914.T": 0.0585367141101349,
        "4519.T": 0.013938764360423,
        "9432.T": 0.0674466803300314,
        "9434.T": 0.1269875759512531,
        "9983.T": 0.01,
        "0728.HK": 0.0135739940327894,
        "6288.HK": 0.0354363309094479
    }
}