{
    "portfolio_320": {
        "PEP": 0.1231347798703686,
        "EC": 0.0519163882622148,
        "APPF": 0.0464339079074336,
        "4AH1.F": 0.0104690675153561,
        "LFU2.F": 0.01,
        "0YXG.L": 0.01,
        "ULVR.L": 0.107875283542275,
        "KPN.AS": 0.0999654969558928,
        "600941.SS": 0.01,
        "601288.SS": 0.1275609687957577,
        "601728.SS": 0.0489616345757281,
        "7974.T": 0.2244233448096874,
        "8031.T": 0.01,
        "9433.T": 0.109259127765286,
        "0941.HK": 0.01
    }
}