{
    "portfolio_5": {
        "PEP": 0.085944834478108,
        "BCH": 0.01,
        "TLK": 0.0699145438835214,
        "RYTM": 0.01,
        "WK0.F": 0.01,
        "ULVR.L": 0.044723603879125,
        "AD.AS": 0.0598136056481277,
        "KPN.AS": 0.1962549544796755,
        "600519.SS": 0.0537700157495258,
        "601398.SS": 0.1451170518569391,
        "2914.T": 0.0749476265105485,
        "8031.T": 0.01,
        "9432.T": 0.0745129726142496,
        "9434.T": 0.1317886060151275,
        "0857.HK": 0.0232121848850519
    }
}