{
    "portfolio_198": {
        "PEP": 0.0679276396551236,
        "BCH": 0.01,
        "TLK": 0.0867214559804161,
        "APPF": 0.0119722623535523,
        "ULVR.L": 0.0454800734607752,
        "AD.AS": 0.0695495648476618,
        "KPN.AS": 0.1657736009773712,
        "600519.SS": 0.0418433984936312,
        "601398.SS": 0.1777635520859826,
        "2914.T": 0.0627554220815738,
        "6857.T": 0.01,
        "9432.T": 0.0684674582068425,
        "9434.T": 0.132448390139733,
        "1088.HK": 0.01,
        "6288.HK": 0.0392971817173366
    }
}