{
    "portfolio_683": {
        "PEP": 0.094936915149896,
        "TLK": 0.0642007175529049,
        "VERX": 0.01,
        "BPE5.F": 0.01,
        "WK0.F": 0.01,
        "SHEL.L": 0.0270619922780377,
        "ULVR.L": 0.0428461802719405,
        "AD.AS": 0.0580863558930897,
        "KPN.AS": 0.1823319120561354,
        "600519.SS": 0.0479219433919828,
        "601398.SS": 0.1309712002636419,
        "2914.T": 0.079379704242072,
        "9432.T": 0.0760831563474576,
        "9434.T": 0.1141171602731152,
        "0941.HK": 0.0520627622797263
    }
}