{
    "portfolio_458": {
        "PEP": 0.0717807239458903,
        "KT": 0.0530287605612374,
        "TLK": 0.0784674549281831,
        "LPS1.F": 0.01,
        "ULVR.L": 0.052777382949987,
        "KPN.AS": 0.1859195806261859,
        "WKL.AS": 0.0184561456231557,
        "600519.SS": 0.0602301266301847,
        "600941.SS": 0.01,
        "601288.SS": 0.0316620252314818,
        "601328.SS": 0.01,
        "601398.SS": 0.1355312477521734,
        "9432.T": 0.100402088843037,
        "9434.T": 0.1401953600337675,
        "6288.HK": 0.041549102874716
    }
}