{
    "portfolio_203": {
        "KT": 0.0567023489555039,
        "TGS": 0.01,
        "TLK": 0.0799930387387619,
        "OL5.F": 0.01,
        "PJXC.F": 0.01,
        "0R4P.L": 0.0244326815057475,
        "ULVR.L": 0.0712861098466738,
        "AD.AS": 0.0815222158281963,
        "KPN.AS": 0.1660971916364041,
        "601398.SS": 0.1743620630365686,
        "2914.T": 0.0579156380810044,
        "9432.T": 0.0749125773128936,
        "9434.T": 0.1301836558610777,
        "0883.HK": 0.01,
        "6288.HK": 0.0425924791971682
    }
}