{
    "portfolio_855": {
        "PEP": 0.0684119443348894,
        "TEO": 0.01,
        "TLK": 0.0784472122146182,
        "0YXG.L": 0.01,
        "SHEL.L": 0.0308583383649609,
        "ULVR.L": 0.0553831409400024,
        "AD.AS": 0.0623147720814468,
        "KPN.AS": 0.1522766304551525,
        "600900.SS": 0.0571473991223445,
        "600941.SS": 0.01,
        "601398.SS": 0.1549014477165862,
        "2914.T": 0.0754998970815187,
        "9432.T": 0.065858674327257,
        "9434.T": 0.1247436750752666,
        "6288.HK": 0.0441568682859568
    }
}