{
    "portfolio_116": {
        "KT": 0.0538224571077247,
        "TLK": 0.0758434642829344,
        "ADMA": 0.01,
        "PJXC.F": 0.01,
        "SHEL.L": 0.0240404912576154,
        "ULVR.L": 0.0619003765797101,
        "AD.AS": 0.0823078528573262,
        "KPN.AS": 0.1671460814610356,
        "601398.SS": 0.1765508071271962,
        "2914.T": 0.0563443031262577,
        "6857.T": 0.01,
        "9432.T": 0.0861437051983899,
        "9434.T": 0.1321374721570313,
        "1088.HK": 0.01,
        "6288.HK": 0.0437629888447783
    }
}