{
    "portfolio_36": {
        "KT": 0.0660418554248327,
        "TLK": 0.1013478772572756,
        "0DH.F": 0.01,
        "PJXC.F": 0.01,
        "ULVR.L": 0.0746487351750205,
        "AD.AS": 0.0792483194545941,
        "KPN.AS": 0.1600678030856636,
        "601288.SS": 0.1559961543299826,
        "601728.SS": 0.0330018057636758,
        "7974.T": 0.0474229966232469,
        "9432.T": 0.0987116528411866,
        "9434.T": 0.1012187276786294,
        "0941.HK": 0.01,
        "1088.HK": 0.01,
        "6288.HK": 0.0422940723658923
    }
}