{
    "portfolio_975": {
        "AVGO": 0.01,
        "PEP": 0.0585600624640597,
        "TLK": 0.0795152346486602,
        "IESC": 0.0135705666352323,
        "LNTH": 0.01,
        "ULVR.L": 0.0494369648466553,
        "AD.AS": 0.06629432690151,
        "KPN.AS": 0.1729977164070395,
        "600519.SS": 0.041579155356586,
        "601398.SS": 0.1765589973948999,
        "2914.T": 0.0629060740087734,
        "9432.T": 0.0683069670674819,
        "9434.T": 0.1349714020982556,
        "0386.HK": 0.0156842820990213,
        "6288.HK": 0.0396182500718247
    }
}