{
    "portfolio_575": {
        "PEP": 0.0680370390279326,
        "PKX": 0.01,
        "TLK": 0.0968120151477857,
        "HSBA.L": 0.01,
        "ULVR.L": 0.0505646525455621,
        "AD.AS": 0.0728850918039862,
        "KPN.AS": 0.1580159079277372,
        "601328.SS": 0.01,
        "601398.SS": 0.1614449463315152,
        "2914.T": 0.0781469116778103,
        "4568.T": 0.01,
        "7974.T": 0.0262356045569626,
        "9434.T": 0.1522974056669126,
        "0941.HK": 0.0571642720795502,
        "6288.HK": 0.0383961532342452
    }
}