{
    "portfolio_130": {
        "PEP": 0.0853103015932583,
        "TLK": 0.0895419456832918,
        "BSD2.F": 0.01,
        "HSBA.L": 0.01,
        "AD.AS": 0.0727726509085684,
        "KPN.AS": 0.1730156678136695,
        "600519.SS": 0.0440240470145798,
        "601138.SS": 0.01,
        "601398.SS": 0.1661877861617979,
        "601857.SS": 0.01,
        "2914.T": 0.062630989137901,
        "9432.T": 0.0698337069398486,
        "9434.T": 0.1401389208873122,
        "0857.HK": 0.0177295631516571,
        "6288.HK": 0.0388144207081156
    }
}