{
    "portfolio_328": {
        "PEP": 0.0615380485375513,
        "TLK": 0.0928091627432829,
        "LNTH": 0.01,
        "SAF.PA": 0.01,
        "TTE.PA": 0.01,
        "0TDD.L": 0.01,
        "ULVR.L": 0.0512290260026317,
        "AD.AS": 0.0680811355183161,
        "KPN.AS": 0.1570343584816486,
        "601398.SS": 0.1600136162031215,
        "601988.SS": 0.01,
        "2914.T": 0.0862314931581535,
        "9434.T": 0.165484008804785,
        "0941.HK": 0.0688037047785086,
        "6288.HK": 0.0387754457720004
    }
}