{
    "portfolio_857": {
        "CRESY": 0.01,
        "PEP": 0.0811470950178622,
        "TLK": 0.0667297514297106,
        "LNTH": 0.01,
        "SAF.PA": 0.01,
        "WK0.F": 0.01,
        "TYT.L": 0.0543849864707441,
        "ULVR.L": 0.0536290212376677,
        "AD.AS": 0.0529323912238357,
        "KPN.AS": 0.1950561118314283,
        "600519.SS": 0.058304476568527,
        "601398.SS": 0.1590334415465576,
        "9432.T": 0.087986210130701,
        "9434.T": 0.1407965145429658,
        "1088.HK": 0.01
    }
}