{
    "portfolio_365": {
        "PEP": 0.0792585553079921,
        "TLK": 0.085814914816017,
        "0YXG.L": 0.01,
        "ULVR.L": 0.0503311119424222,
        "AD.AS": 0.0674649596163197,
        "KPN.AS": 0.1598232102429016,
        "SHELL.AS": 0.0221964399534882,
        "600519.SS": 0.0451200328575409,
        "601398.SS": 0.1845104832063716,
        "7974.T": 0.0235635011987885,
        "8031.T": 0.01,
        "8058.T": 0.01,
        "9432.T": 0.0805660281609302,
        "9434.T": 0.1343076962659907,
        "6288.HK": 0.0370430664312373
    }
}