{
    "portfolio_920": {
        "PEP": 0.0674307313830958,
        "TLK": 0.0936174440701655,
        "ADMA": 0.01,
        "0TDD.L": 0.01,
        "ULVR.L": 0.0522239545462254,
        "AD.AS": 0.0676207301663588,
        "KPN.AS": 0.1595604923701229,
        "601088.SS": 0.01,
        "601398.SS": 0.1584078725985269,
        "2914.T": 0.07081630287965,
        "9432.T": 0.0675808753999834,
        "9434.T": 0.1274696531639306,
        "0883.HK": 0.01,
        "0941.HK": 0.0545804166470072,
        "6288.HK": 0.0406915267749335
    }
}