{
    "portfolio_588": {
        "CRESY": 0.01,
        "PEP": 0.0704486599562019,
        "TLK": 0.0851648560509091,
        "SAF.PA": 0.01,
        "ULVR.L": 0.0495450574864621,
        "AD.AS": 0.0672752504772365,
        "KPN.AS": 0.1616716702740851,
        "600519.SS": 0.0395731304702041,
        "601398.SS": 0.1695706349736026,
        "2914.T": 0.0623698673720092,
        "6857.T": 0.01,
        "9432.T": 0.0711940399402014,
        "9434.T": 0.1313436433012179,
        "0857.HK": 0.0252134666247774,
        "6288.HK": 0.0366297230730927
    }
}