{
    "portfolio_470": {
        "PEP": 0.080761487262573,
        "KT": 0.0502914001453072,
        "TLK": 0.0714745204642177,
        "LPS1.F": 0.01,
        "SHEL.L": 0.0320175379803307,
        "KPN.AS": 0.1739565717342781,
        "UNA.AS": 0.0622607607211419,
        "600519.SS": 0.0549612295955743,
        "601398.SS": 0.1571701944009256,
        "601988.SS": 0.01,
        "7974.T": 0.0203447965124785,
        "9432.T": 0.0941667889479242,
        "9434.T": 0.1335549589280792,
        "0857.HK": 0.01,
        "6288.HK": 0.0390397533071695
    }
}