{
    "portfolio_14": {
        "AVGO": 0.01,
        "PEP": 0.0689557945812426,
        "TMUS": 0.01,
        "BCH": 0.01,
        "TLK": 0.0823220094878396,
        "VERX": 0.01,
        "AD.AS": 0.0737333727632393,
        "KPN.AS": 0.1782556300276664,
        "600519.SS": 0.0494933022613748,
        "601398.SS": 0.1875951401308368,
        "2914.T": 0.0619449730171191,
        "9432.T": 0.0728832022225904,
        "9434.T": 0.1364978658362534,
        "9983.T": 0.01,
        "6288.HK": 0.0383187096718377
    }
}