{
    "portfolio_864": {
        "PEP": 0.0943317856776997,
        "PKX": 0.01,
        "TLK": 0.0664929134772394,
        "WK0.F": 0.01,
        "ULVR.L": 0.0441203553989615,
        "AD.AS": 0.0593889618867728,
        "KPN.AS": 0.1849610536906962,
        "SHELL.AS": 0.024356853639053,
        "600519.SS": 0.0530400348748293,
        "601398.SS": 0.1561873007531783,
        "2914.T": 0.0741171945921359,
        "4519.T": 0.01,
        "6857.T": 0.01,
        "9432.T": 0.080131173836598,
        "9434.T": 0.1228723721728357
    }
}