{
    "portfolio_85": {
        "PEP": 0.0766440441179082,
        "TLK": 0.0850740905777324,
        "SAF.PA": 0.01,
        "ULVR.L": 0.0467414012734443,
        "AD.AS": 0.0672639003335495,
        "KPN.AS": 0.1562031431048145,
        "SHELL.AS": 0.021882658508116,
        "600519.SS": 0.040566103586882,
        "601398.SS": 0.1780030061899632,
        "2914.T": 0.0609523100256908,
        "6857.T": 0.01,
        "9432.T": 0.0727152999256358,
        "9434.T": 0.1259333341684308,
        "0386.HK": 0.0103602870713679,
        "6288.HK": 0.0376604211164645
    }
}