{
    "portfolio_80": {
        "PEP": 0.0610056110666334,
        "TLK": 0.0843630782206816,
        "PRCT": 0.01,
        "0YXG.L": 0.01,
        "ULVR.L": 0.0459603873381243,
        "AD.AS": 0.0659237951168454,
        "KPN.AS": 0.1672007020808821,
        "WKL.AS": 0.0179868382694462,
        "600519.SS": 0.0420566045716191,
        "601398.SS": 0.1785586992992757,
        "2914.T": 0.06565449270972,
        "9432.T": 0.0666775527561716,
        "9434.T": 0.1294367037889736,
        "0386.HK": 0.0174704569228471,
        "6288.HK": 0.0377050778587797
    }
}